nanoparticle,time_s,T_C,delta_T_C,laser_on
PEG-GNR_10x41nm_808nm_2W,0.0,26.4002,0.0,1
PEG-GNR_10x41nm_808nm_2W,1.0,26.4638,0.0636,1
PEG-GNR_10x41nm_808nm_2W,2.0,26.5272,0.1269,1
PEG-GNR_10x41nm_808nm_2W,3.0,26.5904,0.1902,1
PEG-GNR_10x41nm_808nm_2W,4.0,26.6535,0.2532,1
PEG-GNR_10x41nm_808nm_2W,5.0,26.7164,0.3161,1
PEG-GNR_10x41nm_808nm_2W,6.0,26.7791,0.3789,1
PEG-GNR_10x41nm_808nm_2W,7.0,26.8417,0.4414,1
PEG-GNR_10x41nm_808nm_2W,8.0,26.9041,0.5038,1
PEG-GNR_10x41nm_808nm_2W,9.0,26.9663,0.5661,1
PEG-GNR_10x41nm_808nm_2W,10.0,27.0284,0.6282,1
PEG-GNR_10x41nm_808nm_2W,11.0,27.0903,0.6901,1
PEG-GNR_10x41nm_808nm_2W,12.0,27.1521,0.7519,1
PEG-GNR_10x41nm_808nm_2W,13.0,27.2137,0.8135,1
PEG-GNR_10x41nm_808nm_2W,14.0,27.2751,0.8749,1
PEG-GNR_10x41nm_808nm_2W,15.0,27.3364,0.9362,1
PEG-GNR_10x41nm_808nm_2W,16.0,27.3975,0.9973,1
PEG-GNR_10x41nm_808nm_2W,17.0,27.4585,1.0583,1
PEG-GNR_10x41nm_808nm_2W,18.0,27.5193,1.1191,1
PEG-GNR_10x41nm_808nm_2W,19.0,27.5799,1.1797,1
PEG-GNR_10x41nm_808nm_2W,20.0,27.6404,1.2402,1
PEG-GNR_10x41nm_808nm_2W,21.0,27.7008,1.3005,1
PEG-GNR_10x41nm_808nm_2W,22.0,27.7609,1.3607,1
PEG-GNR_10x41nm_808nm_2W,23.0,27.821,1.4207,1
PEG-GNR_10x41nm_808nm_2W,24.0,27.8808,1.4806,1
PEG-GNR_10x41nm_808nm_2W,25.0,27.9405,1.5403,1
PEG-GNR_10x41nm_808nm_2W,26.0,28.0001,1.5999,1
PEG-GNR_10x41nm_808nm_2W,27.0,28.0595,1.6593,1
PEG-GNR_10x41nm_808nm_2W,28.0,28.1187,1.7185,1
PEG-GNR_10x41nm_808nm_2W,29.0,28.1778,1.7776,1
PEG-GNR_10x41nm_808nm_2W,30.0,28.2367,1.8365,1
PEG-GNR_10x41nm_808nm_2W,31.0,28.2955,1.8953,1
PEG-GNR_10x41nm_808nm_2W,32.0,28.3542,1.9539,1
PEG-GNR_10x41nm_808nm_2W,33.0,28.4126,2.0124,1
PEG-GNR_10x41nm_808nm_2W,34.0,28.471,2.0707,1
PEG-GNR_10x41nm_808nm_2W,35.0,28.5291,2.1289,1
PEG-GNR_10x41nm_808nm_2W,36.0,28.5872,2.1869,1
PEG-GNR_10x41nm_808nm_2W,37.0,28.645,2.2448,1
PEG-GNR_10x41nm_808nm_2W,38.0,28.7027,2.3025,1
PEG-GNR_10x41nm_808nm_2W,39.0,28.7603,2.3601,1
PEG-GNR_10x41nm_808nm_2W,40.0,28.8177,2.4175,1
PEG-GNR_10x41nm_808nm_2W,41.0,28.875,2.4748,1
PEG-GNR_10x41nm_808nm_2W,42.0,28.9321,2.5319,1
PEG-GNR_10x41nm_808nm_2W,43.0,28.9891,2.5889,1
PEG-GNR_10x41nm_808nm_2W,44.0,29.0459,2.6457,1
PEG-GNR_10x41nm_808nm_2W,45.0,29.1026,2.7024,1
PEG-GNR_10x41nm_808nm_2W,46.0,29.1591,2.7589,1
PEG-GNR_10x41nm_808nm_2W,47.0,29.2155,2.8153,1
PEG-GNR_10x41nm_808nm_2W,48.0,29.2718,2.8715,1
PEG-GNR_10x41nm_808nm_2W,49.0,29.3278,2.9276,1
PEG-GNR_10x41nm_808nm_2W,50.0,29.3838,2.9836,1
PEG-GNR_10x41nm_808nm_2W,51.0,29.4396,3.0394,1
PEG-GNR_10x41nm_808nm_2W,52.0,29.4952,3.095,1
PEG-GNR_10x41nm_808nm_2W,53.0,29.5508,3.1505,1
PEG-GNR_10x41nm_808nm_2W,54.0,29.6061,3.2059,1
PEG-GNR_10x41nm_808nm_2W,55.0,29.6613,3.2611,1
PEG-GNR_10x41nm_808nm_2W,56.0,29.7164,3.3162,1
PEG-GNR_10x41nm_808nm_2W,57.0,29.7714,3.3711,1
PEG-GNR_10x41nm_808nm_2W,58.0,29.8261,3.4259,1
PEG-GNR_10x41nm_808nm_2W,59.0,29.8808,3.4806,1
PEG-GNR_10x41nm_808nm_2W,60.0,29.9353,3.5351,1
PEG-GNR_10x41nm_808nm_2W,61.0,29.9897,3.5894,1
PEG-GNR_10x41nm_808nm_2W,62.0,30.0439,3.6437,1
PEG-GNR_10x41nm_808nm_2W,63.0,30.098,3.6977,1
PEG-GNR_10x41nm_808nm_2W,64.0,30.1519,3.7517,1
PEG-GNR_10x41nm_808nm_2W,65.0,30.2057,3.8055,1
PEG-GNR_10x41nm_808nm_2W,66.0,30.2594,3.8592,1
PEG-GNR_10x41nm_808nm_2W,67.0,30.3129,3.9127,1
PEG-GNR_10x41nm_808nm_2W,68.0,30.3663,3.9661,1
PEG-GNR_10x41nm_808nm_2W,69.0,30.4195,4.0193,1
PEG-GNR_10x41nm_808nm_2W,70.0,30.4726,4.0724,1
PEG-GNR_10x41nm_808nm_2W,71.0,30.5256,4.1254,1
PEG-GNR_10x41nm_808nm_2W,72.0,30.5784,4.1782,1
PEG-GNR_10x41nm_808nm_2W,73.0,30.6311,4.2309,1
PEG-GNR_10x41nm_808nm_2W,74.0,30.6837,4.2835,1
PEG-GNR_10x41nm_808nm_2W,75.0,30.7361,4.3359,1
PEG-GNR_10x41nm_808nm_2W,76.0,30.7884,4.3882,1
PEG-GNR_10x41nm_808nm_2W,77.0,30.8405,4.4403,1
PEG-GNR_10x41nm_808nm_2W,78.0,30.8926,4.4923,1
PEG-GNR_10x41nm_808nm_2W,79.0,30.9444,4.5442,1
PEG-GNR_10x41nm_808nm_2W,80.0,30.9962,4.5959,1
PEG-GNR_10x41nm_808nm_2W,81.0,31.0478,4.6476,1
PEG-GNR_10x41nm_808nm_2W,82.0,31.0993,4.699,1
PEG-GNR_10x41nm_808nm_2W,83.0,31.1506,4.7504,1
PEG-GNR_10x41nm_808nm_2W,84.0,31.2018,4.8016,1
PEG-GNR_10x41nm_808nm_2W,85.0,31.2529,4.8527,1
PEG-GNR_10x41nm_808nm_2W,86.0,31.3038,4.9036,1
PEG-GNR_10x41nm_808nm_2W,87.0,31.3546,4.9544,1
PEG-GNR_10x41nm_808nm_2W,88.0,31.4053,5.0051,1
PEG-GNR_10x41nm_808nm_2W,89.0,31.4558,5.0556,1
PEG-GNR_10x41nm_808nm_2W,90.0,31.5063,5.106,1
PEG-GNR_10x41nm_808nm_2W,91.0,31.5565,5.1563,1
PEG-GNR_10x41nm_808nm_2W,92.0,31.6067,5.2065,1
PEG-GNR_10x41nm_808nm_2W,93.0,31.6567,5.2565,1
PEG-GNR_10x41nm_808nm_2W,94.0,31.7066,5.3064,1
PEG-GNR_10x41nm_808nm_2W,95.0,31.7564,5.3561,1
PEG-GNR_10x41nm_808nm_2W,96.0,31.806,5.4058,1
PEG-GNR_10x41nm_808nm_2W,97.0,31.8555,5.4553,1
PEG-GNR_10x41nm_808nm_2W,98.0,31.9049,5.5046,1
PEG-GNR_10x41nm_808nm_2W,99.0,31.9541,5.5539,1
PEG-GNR_10x41nm_808nm_2W,100.0,32.0032,5.603,1
PEG-GNR_10x41nm_808nm_2W,101.0,32.0522,5.652,1
PEG-GNR_10x41nm_808nm_2W,102.0,32.1011,5.7009,1
PEG-GNR_10x41nm_808nm_2W,103.0,32.1498,5.7496,1
PEG-GNR_10x41nm_808nm_2W,104.0,32.1984,5.7982,1
PEG-GNR_10x41nm_808nm_2W,105.0,32.2469,5.8467,1
PEG-GNR_10x41nm_808nm_2W,106.0,32.2953,5.895,1
PEG-GNR_10x41nm_808nm_2W,107.0,32.3435,5.9433,1
PEG-GNR_10x41nm_808nm_2W,108.0,32.3916,5.9914,1
PEG-GNR_10x41nm_808nm_2W,109.0,32.4396,6.0394,1
PEG-GNR_10x41nm_808nm_2W,110.0,32.4874,6.0872,1
PEG-GNR_10x41nm_808nm_2W,111.0,32.5352,6.1349,1
PEG-GNR_10x41nm_808nm_2W,112.0,32.5828,6.1826,1
PEG-GNR_10x41nm_808nm_2W,113.0,32.6303,6.23,1
PEG-GNR_10x41nm_808nm_2W,114.0,32.6776,6.2774,1
PEG-GNR_10x41nm_808nm_2W,115.0,32.7249,6.3246,1
PEG-GNR_10x41nm_808nm_2W,116.0,32.772,6.3717,1
PEG-GNR_10x41nm_808nm_2W,117.0,32.819,6.4187,1
PEG-GNR_10x41nm_808nm_2W,118.0,32.8658,6.4656,1
PEG-GNR_10x41nm_808nm_2W,119.0,32.9126,6.5124,1
PEG-GNR_10x41nm_808nm_2W,120.0,32.9592,6.559,1
PEG-GNR_10x41nm_808nm_2W,121.0,33.0057,6.6055,1
PEG-GNR_10x41nm_808nm_2W,122.0,33.0521,6.6519,1
PEG-GNR_10x41nm_808nm_2W,123.0,33.0984,6.6981,1
PEG-GNR_10x41nm_808nm_2W,124.0,33.1445,6.7443,1
PEG-GNR_10x41nm_808nm_2W,125.0,33.1905,6.7903,1
PEG-GNR_10x41nm_808nm_2W,126.0,33.2364,6.8362,1
PEG-GNR_10x41nm_808nm_2W,127.0,33.2822,6.882,1
PEG-GNR_10x41nm_808nm_2W,128.0,33.3279,6.9276,1
PEG-GNR_10x41nm_808nm_2W,129.0,33.3734,6.9732,1
PEG-GNR_10x41nm_808nm_2W,130.0,33.4188,7.0186,1
PEG-GNR_10x41nm_808nm_2W,131.0,33.4642,7.0639,1
PEG-GNR_10x41nm_808nm_2W,132.0,33.5093,7.1091,1
PEG-GNR_10x41nm_808nm_2W,133.0,33.5544,7.1542,1
PEG-GNR_10x41nm_808nm_2W,134.0,33.5994,7.1992,1
PEG-GNR_10x41nm_808nm_2W,135.0,33.6442,7.244,1
PEG-GNR_10x41nm_808nm_2W,136.0,33.6889,7.2887,1
PEG-GNR_10x41nm_808nm_2W,137.0,33.7336,7.3333,1
PEG-GNR_10x41nm_808nm_2W,138.0,33.778,7.3778,1
PEG-GNR_10x41nm_808nm_2W,139.0,33.8224,7.4222,1
PEG-GNR_10x41nm_808nm_2W,140.0,33.8667,7.4664,1
PEG-GNR_10x41nm_808nm_2W,141.0,33.9108,7.5106,1
PEG-GNR_10x41nm_808nm_2W,142.0,33.9549,7.5546,1
PEG-GNR_10x41nm_808nm_2W,143.0,33.9988,7.5985,1
PEG-GNR_10x41nm_808nm_2W,144.0,34.0426,7.6423,1
PEG-GNR_10x41nm_808nm_2W,145.0,34.0863,7.686,1
PEG-GNR_10x41nm_808nm_2W,146.0,34.1298,7.7296,1
PEG-GNR_10x41nm_808nm_2W,147.0,34.1733,7.7731,1
PEG-GNR_10x41nm_808nm_2W,148.0,34.2166,7.8164,1
PEG-GNR_10x41nm_808nm_2W,149.0,34.2599,7.8597,1
PEG-GNR_10x41nm_808nm_2W,150.0,34.303,7.9028,1
PEG-GNR_10x41nm_808nm_2W,151.0,34.346,7.9458,1
PEG-GNR_10x41nm_808nm_2W,152.0,34.3889,7.9887,1
PEG-GNR_10x41nm_808nm_2W,153.0,34.4317,8.0315,1
PEG-GNR_10x41nm_808nm_2W,154.0,34.4744,8.0741,1
PEG-GNR_10x41nm_808nm_2W,155.0,34.5169,8.1167,1
PEG-GNR_10x41nm_808nm_2W,156.0,34.5594,8.1592,1
PEG-GNR_10x41nm_808nm_2W,157.0,34.6017,8.2015,1
PEG-GNR_10x41nm_808nm_2W,158.0,34.644,8.2437,1
PEG-GNR_10x41nm_808nm_2W,159.0,34.6861,8.2859,1
PEG-GNR_10x41nm_808nm_2W,160.0,34.7281,8.3279,1
PEG-GNR_10x41nm_808nm_2W,161.0,34.77,8.3698,1
PEG-GNR_10x41nm_808nm_2W,162.0,34.8118,8.4116,1
PEG-GNR_10x41nm_808nm_2W,163.0,34.8535,8.4533,1
PEG-GNR_10x41nm_808nm_2W,164.0,34.8951,8.4949,1
PEG-GNR_10x41nm_808nm_2W,165.0,34.9366,8.5363,1
PEG-GNR_10x41nm_808nm_2W,166.0,34.9779,8.5777,1
PEG-GNR_10x41nm_808nm_2W,167.0,35.0192,8.6189,1
PEG-GNR_10x41nm_808nm_2W,168.0,35.0603,8.6601,1
PEG-GNR_10x41nm_808nm_2W,169.0,35.1014,8.7011,1
PEG-GNR_10x41nm_808nm_2W,170.0,35.1423,8.7421,1
PEG-GNR_10x41nm_808nm_2W,171.0,35.1831,8.7829,1
PEG-GNR_10x41nm_808nm_2W,172.0,35.2239,8.8236,1
PEG-GNR_10x41nm_808nm_2W,173.0,35.2645,8.8642,1
PEG-GNR_10x41nm_808nm_2W,174.0,35.305,8.9048,1
PEG-GNR_10x41nm_808nm_2W,175.0,35.3454,8.9452,1
PEG-GNR_10x41nm_808nm_2W,176.0,35.3857,8.9855,1
PEG-GNR_10x41nm_808nm_2W,177.0,35.4259,9.0257,1
PEG-GNR_10x41nm_808nm_2W,178.0,35.466,9.0658,1
PEG-GNR_10x41nm_808nm_2W,179.0,35.506,9.1057,1
PEG-GNR_10x41nm_808nm_2W,180.0,35.5459,9.1456,1
PEG-GNR_10x41nm_808nm_2W,181.0,35.5856,9.1854,1
PEG-GNR_10x41nm_808nm_2W,182.0,35.6253,9.2251,1
PEG-GNR_10x41nm_808nm_2W,183.0,35.6649,9.2647,1
PEG-GNR_10x41nm_808nm_2W,184.0,35.7044,9.3041,1
PEG-GNR_10x41nm_808nm_2W,185.0,35.7437,9.3435,1
PEG-GNR_10x41nm_808nm_2W,186.0,35.783,9.3828,1
PEG-GNR_10x41nm_808nm_2W,187.0,35.8221,9.4219,1
PEG-GNR_10x41nm_808nm_2W,188.0,35.8612,9.461,1
PEG-GNR_10x41nm_808nm_2W,189.0,35.9002,9.4999,1
PEG-GNR_10x41nm_808nm_2W,190.0,35.939,9.5388,1
PEG-GNR_10x41nm_808nm_2W,191.0,35.9778,9.5776,1
PEG-GNR_10x41nm_808nm_2W,192.0,36.0164,9.6162,1
PEG-GNR_10x41nm_808nm_2W,193.0,36.055,9.6548,1
PEG-GNR_10x41nm_808nm_2W,194.0,36.0935,9.6932,1
PEG-GNR_10x41nm_808nm_2W,195.0,36.1318,9.7316,1
PEG-GNR_10x41nm_808nm_2W,196.0,36.1701,9.7698,1
PEG-GNR_10x41nm_808nm_2W,197.0,36.2082,9.808,1
PEG-GNR_10x41nm_808nm_2W,198.0,36.2463,9.8461,1
PEG-GNR_10x41nm_808nm_2W,199.0,36.2842,9.884,1
PEG-GNR_10x41nm_808nm_2W,200.0,36.3221,9.9219,1
PEG-GNR_10x41nm_808nm_2W,201.0,36.3599,9.9596,1
PEG-GNR_10x41nm_808nm_2W,202.0,36.3975,9.9973,1
PEG-GNR_10x41nm_808nm_2W,203.0,36.4351,10.0349,1
PEG-GNR_10x41nm_808nm_2W,204.0,36.4726,10.0723,1
PEG-GNR_10x41nm_808nm_2W,205.0,36.5099,10.1097,1
PEG-GNR_10x41nm_808nm_2W,206.0,36.5472,10.147,1
PEG-GNR_10x41nm_808nm_2W,207.0,36.5844,10.1842,1
PEG-GNR_10x41nm_808nm_2W,208.0,36.6215,10.2212,1
PEG-GNR_10x41nm_808nm_2W,209.0,36.6584,10.2582,1
PEG-GNR_10x41nm_808nm_2W,210.0,36.6953,10.2951,1
PEG-GNR_10x41nm_808nm_2W,211.0,36.7321,10.3319,1
PEG-GNR_10x41nm_808nm_2W,212.0,36.7688,10.3686,1
PEG-GNR_10x41nm_808nm_2W,213.0,36.8054,10.4052,1
PEG-GNR_10x41nm_808nm_2W,214.0,36.8419,10.4417,1
PEG-GNR_10x41nm_808nm_2W,215.0,36.8783,10.4781,1
PEG-GNR_10x41nm_808nm_2W,216.0,36.9147,10.5144,1
PEG-GNR_10x41nm_808nm_2W,217.0,36.9509,10.5506,1
PEG-GNR_10x41nm_808nm_2W,218.0,36.987,10.5868,1
PEG-GNR_10x41nm_808nm_2W,219.0,37.023,10.6228,1
PEG-GNR_10x41nm_808nm_2W,220.0,37.059,10.6587,1
PEG-GNR_10x41nm_808nm_2W,221.0,37.0948,10.6946,1
PEG-GNR_10x41nm_808nm_2W,222.0,37.1306,10.7303,1
PEG-GNR_10x41nm_808nm_2W,223.0,37.1662,10.766,1
PEG-GNR_10x41nm_808nm_2W,224.0,37.2018,10.8016,1
PEG-GNR_10x41nm_808nm_2W,225.0,37.2373,10.8371,1
PEG-GNR_10x41nm_808nm_2W,226.0,37.2727,10.8724,1
PEG-GNR_10x41nm_808nm_2W,227.0,37.308,10.9077,1
PEG-GNR_10x41nm_808nm_2W,228.0,37.3432,10.9429,1
PEG-GNR_10x41nm_808nm_2W,229.0,37.3783,10.978,1
PEG-GNR_10x41nm_808nm_2W,230.0,37.4133,11.013,1
PEG-GNR_10x41nm_808nm_2W,231.0,37.4482,11.048,1
PEG-GNR_10x41nm_808nm_2W,232.0,37.483,11.0828,1
PEG-GNR_10x41nm_808nm_2W,233.0,37.5178,11.1176,1
PEG-GNR_10x41nm_808nm_2W,234.0,37.5524,11.1522,1
PEG-GNR_10x41nm_808nm_2W,235.0,37.587,11.1868,1
PEG-GNR_10x41nm_808nm_2W,236.0,37.6215,11.2212,1
PEG-GNR_10x41nm_808nm_2W,237.0,37.6559,11.2556,1
PEG-GNR_10x41nm_808nm_2W,238.0,37.6901,11.2899,1
PEG-GNR_10x41nm_808nm_2W,239.0,37.7244,11.3241,1
PEG-GNR_10x41nm_808nm_2W,240.0,37.7585,11.3582,1
PEG-GNR_10x41nm_808nm_2W,241.0,37.7925,11.3923,1
PEG-GNR_10x41nm_808nm_2W,242.0,37.8264,11.4262,1
PEG-GNR_10x41nm_808nm_2W,243.0,37.8603,11.4601,1
PEG-GNR_10x41nm_808nm_2W,244.0,37.8941,11.4938,1
PEG-GNR_10x41nm_808nm_2W,245.0,37.9277,11.5275,1
PEG-GNR_10x41nm_808nm_2W,246.0,37.9613,11.5611,1
PEG-GNR_10x41nm_808nm_2W,247.0,37.9948,11.5946,1
PEG-GNR_10x41nm_808nm_2W,248.0,38.0282,11.628,1
PEG-GNR_10x41nm_808nm_2W,249.0,38.0616,11.6613,1
PEG-GNR_10x41nm_808nm_2W,250.0,38.0948,11.6946,1
PEG-GNR_10x41nm_808nm_2W,251.0,38.1279,11.7277,1
PEG-GNR_10x41nm_808nm_2W,252.0,38.161,11.7608,1
PEG-GNR_10x41nm_808nm_2W,253.0,38.194,11.7938,1
PEG-GNR_10x41nm_808nm_2W,254.0,38.2269,11.8267,1
PEG-GNR_10x41nm_808nm_2W,255.0,38.2597,11.8595,1
PEG-GNR_10x41nm_808nm_2W,256.0,38.2924,11.8922,1
PEG-GNR_10x41nm_808nm_2W,257.0,38.3251,11.9248,1
PEG-GNR_10x41nm_808nm_2W,258.0,38.3576,11.9574,1
PEG-GNR_10x41nm_808nm_2W,259.0,38.3901,11.9899,1
PEG-GNR_10x41nm_808nm_2W,260.0,38.4225,12.0222,1
PEG-GNR_10x41nm_808nm_2W,261.0,38.4548,12.0546,1
PEG-GNR_10x41nm_808nm_2W,262.0,38.487,12.0868,1
PEG-GNR_10x41nm_808nm_2W,263.0,38.5191,12.1189,1
PEG-GNR_10x41nm_808nm_2W,264.0,38.5512,12.151,1
PEG-GNR_10x41nm_808nm_2W,265.0,38.5831,12.1829,1
PEG-GNR_10x41nm_808nm_2W,266.0,38.615,12.2148,1
PEG-GNR_10x41nm_808nm_2W,267.0,38.6468,12.2466,1
PEG-GNR_10x41nm_808nm_2W,268.0,38.6786,12.2783,1
PEG-GNR_10x41nm_808nm_2W,269.0,38.7102,12.31,1
PEG-GNR_10x41nm_808nm_2W,270.0,38.7417,12.3415,1
PEG-GNR_10x41nm_808nm_2W,271.0,38.7732,12.373,1
PEG-GNR_10x41nm_808nm_2W,272.0,38.8046,12.4044,1
PEG-GNR_10x41nm_808nm_2W,273.0,38.8359,12.4357,1
PEG-GNR_10x41nm_808nm_2W,274.0,38.8671,12.4669,1
PEG-GNR_10x41nm_808nm_2W,275.0,38.8983,12.4981,1
PEG-GNR_10x41nm_808nm_2W,276.0,38.9293,12.5291,1
PEG-GNR_10x41nm_808nm_2W,277.0,38.9603,12.5601,1
PEG-GNR_10x41nm_808nm_2W,278.0,38.9912,12.591,1
PEG-GNR_10x41nm_808nm_2W,279.0,39.0221,12.6218,1
PEG-GNR_10x41nm_808nm_2W,280.0,39.0528,12.6526,1
PEG-GNR_10x41nm_808nm_2W,281.0,39.0835,12.6832,1
PEG-GNR_10x41nm_808nm_2W,282.0,39.114,12.7138,1
PEG-GNR_10x41nm_808nm_2W,283.0,39.1445,12.7443,1
PEG-GNR_10x41nm_808nm_2W,284.0,39.175,12.7747,1
PEG-GNR_10x41nm_808nm_2W,285.0,39.2053,12.8051,1
PEG-GNR_10x41nm_808nm_2W,286.0,39.2356,12.8354,1
PEG-GNR_10x41nm_808nm_2W,287.0,39.2658,12.8655,1
PEG-GNR_10x41nm_808nm_2W,288.0,39.2959,12.8957,1
PEG-GNR_10x41nm_808nm_2W,289.0,39.3259,12.9257,1
PEG-GNR_10x41nm_808nm_2W,290.0,39.3559,12.9556,1
PEG-GNR_10x41nm_808nm_2W,291.0,39.3857,12.9855,1
PEG-GNR_10x41nm_808nm_2W,292.0,39.4155,13.0153,1
PEG-GNR_10x41nm_808nm_2W,293.0,39.4453,13.045,1
PEG-GNR_10x41nm_808nm_2W,294.0,39.4749,13.0747,1
PEG-GNR_10x41nm_808nm_2W,295.0,39.5045,13.1042,1
PEG-GNR_10x41nm_808nm_2W,296.0,39.534,13.1337,1
PEG-GNR_10x41nm_808nm_2W,297.0,39.5634,13.1631,1
PEG-GNR_10x41nm_808nm_2W,298.0,39.5927,13.1925,1
PEG-GNR_10x41nm_808nm_2W,299.0,39.622,13.2217,1
PEG-GNR_10x41nm_808nm_2W,300.0,39.6511,13.2509,1
PEG-GNR_10x41nm_808nm_2W,301.0,39.6803,13.28,1
PEG-GNR_10x41nm_808nm_2W,302.0,39.7093,13.3091,1
PEG-GNR_10x41nm_808nm_2W,303.0,39.7382,13.338,1
PEG-GNR_10x41nm_808nm_2W,304.0,39.7671,13.3669,1
PEG-GNR_10x41nm_808nm_2W,305.0,39.7959,13.3957,1
PEG-GNR_10x41nm_808nm_2W,306.0,39.8247,13.4244,1
PEG-GNR_10x41nm_808nm_2W,307.0,39.8533,13.4531,1
PEG-GNR_10x41nm_808nm_2W,308.0,39.8819,13.4817,1
PEG-GNR_10x41nm_808nm_2W,309.0,39.9104,13.5102,1
PEG-GNR_10x41nm_808nm_2W,310.0,39.9388,13.5386,1
PEG-GNR_10x41nm_808nm_2W,311.0,39.9672,13.567,1
PEG-GNR_10x41nm_808nm_2W,312.0,39.9955,13.5953,1
PEG-GNR_10x41nm_808nm_2W,313.0,40.0237,13.6235,1
PEG-GNR_10x41nm_808nm_2W,314.0,40.0518,13.6516,1
PEG-GNR_10x41nm_808nm_2W,315.0,40.0799,13.6797,1
PEG-GNR_10x41nm_808nm_2W,316.0,40.1079,13.7077,1
PEG-GNR_10x41nm_808nm_2W,317.0,40.1358,13.7356,1
PEG-GNR_10x41nm_808nm_2W,318.0,40.1637,13.7634,1
PEG-GNR_10x41nm_808nm_2W,319.0,40.1914,13.7912,1
PEG-GNR_10x41nm_808nm_2W,320.0,40.2191,13.8189,1
PEG-GNR_10x41nm_808nm_2W,321.0,40.2468,13.8465,1
PEG-GNR_10x41nm_808nm_2W,322.0,40.2743,13.8741,1
PEG-GNR_10x41nm_808nm_2W,323.0,40.3018,13.9016,1
PEG-GNR_10x41nm_808nm_2W,324.0,40.3292,13.929,1
PEG-GNR_10x41nm_808nm_2W,325.0,40.3566,13.9563,1
PEG-GNR_10x41nm_808nm_2W,326.0,40.3838,13.9836,1
PEG-GNR_10x41nm_808nm_2W,327.0,40.411,14.0108,1
PEG-GNR_10x41nm_808nm_2W,328.0,40.4382,14.038,1
PEG-GNR_10x41nm_808nm_2W,329.0,40.4652,14.065,1
PEG-GNR_10x41nm_808nm_2W,330.0,40.4922,14.092,1
PEG-GNR_10x41nm_808nm_2W,331.0,40.5192,14.1189,1
PEG-GNR_10x41nm_808nm_2W,332.0,40.546,14.1458,1
PEG-GNR_10x41nm_808nm_2W,333.0,40.5728,14.1726,1
PEG-GNR_10x41nm_808nm_2W,334.0,40.5995,14.1993,1
PEG-GNR_10x41nm_808nm_2W,335.0,40.6261,14.2259,1
PEG-GNR_10x41nm_808nm_2W,336.0,40.6527,14.2525,1
PEG-GNR_10x41nm_808nm_2W,337.0,40.6792,14.279,1
PEG-GNR_10x41nm_808nm_2W,338.0,40.7056,14.3054,1
PEG-GNR_10x41nm_808nm_2W,339.0,40.732,14.3318,1
PEG-GNR_10x41nm_808nm_2W,340.0,40.7583,14.3581,1
PEG-GNR_10x41nm_808nm_2W,341.0,40.7845,14.3843,1
PEG-GNR_10x41nm_808nm_2W,342.0,40.8107,14.4105,1
PEG-GNR_10x41nm_808nm_2W,343.0,40.8368,14.4366,1
PEG-GNR_10x41nm_808nm_2W,344.0,40.8628,14.4626,1
PEG-GNR_10x41nm_808nm_2W,345.0,40.8888,14.4885,1
PEG-GNR_10x41nm_808nm_2W,346.0,40.9147,14.5144,1
PEG-GNR_10x41nm_808nm_2W,347.0,40.9405,14.5403,1
PEG-GNR_10x41nm_808nm_2W,348.0,40.9662,14.566,1
PEG-GNR_10x41nm_808nm_2W,349.0,40.9919,14.5917,1
PEG-GNR_10x41nm_808nm_2W,350.0,41.0176,14.6173,1
PEG-GNR_10x41nm_808nm_2W,351.0,41.0431,14.6429,1
PEG-GNR_10x41nm_808nm_2W,352.0,41.0686,14.6684,1
PEG-GNR_10x41nm_808nm_2W,353.0,41.094,14.6938,1
PEG-GNR_10x41nm_808nm_2W,354.0,41.1194,14.7192,1
PEG-GNR_10x41nm_808nm_2W,355.0,41.1447,14.7444,1
PEG-GNR_10x41nm_808nm_2W,356.0,41.1699,14.7697,1
PEG-GNR_10x41nm_808nm_2W,357.0,41.1951,14.7948,1
PEG-GNR_10x41nm_808nm_2W,358.0,41.2201,14.8199,1
PEG-GNR_10x41nm_808nm_2W,359.0,41.2452,14.8449,1
PEG-GNR_10x41nm_808nm_2W,360.0,41.2701,14.8699,1
PEG-GNR_10x41nm_808nm_2W,361.0,41.295,14.8948,1
PEG-GNR_10x41nm_808nm_2W,362.0,41.3199,14.9196,1
PEG-GNR_10x41nm_808nm_2W,363.0,41.3446,14.9444,1
PEG-GNR_10x41nm_808nm_2W,364.0,41.3693,14.9691,1
PEG-GNR_10x41nm_808nm_2W,365.0,41.394,14.9938,1
PEG-GNR_10x41nm_808nm_2W,366.0,41.4186,15.0183,1
PEG-GNR_10x41nm_808nm_2W,367.0,41.4431,15.0428,1
PEG-GNR_10x41nm_808nm_2W,368.0,41.4675,15.0673,1
PEG-GNR_10x41nm_808nm_2W,369.0,41.4919,15.0917,1
PEG-GNR_10x41nm_808nm_2W,370.0,41.5162,15.116,1
PEG-GNR_10x41nm_808nm_2W,371.0,41.5405,15.1403,1
PEG-GNR_10x41nm_808nm_2W,372.0,41.5647,15.1645,1
PEG-GNR_10x41nm_808nm_2W,373.0,41.5888,15.1886,1
PEG-GNR_10x41nm_808nm_2W,374.0,41.6129,15.2127,1
PEG-GNR_10x41nm_808nm_2W,375.0,41.6369,15.2367,1
PEG-GNR_10x41nm_808nm_2W,376.0,41.6608,15.2606,1
PEG-GNR_10x41nm_808nm_2W,377.0,41.6847,15.2845,1
PEG-GNR_10x41nm_808nm_2W,378.0,41.7085,15.3083,1
PEG-GNR_10x41nm_808nm_2W,379.0,41.7323,15.3321,1
PEG-GNR_10x41nm_808nm_2W,380.0,41.756,15.3558,1
PEG-GNR_10x41nm_808nm_2W,381.0,41.7796,15.3794,1
PEG-GNR_10x41nm_808nm_2W,382.0,41.8032,15.403,1
PEG-GNR_10x41nm_808nm_2W,383.0,41.8267,15.4265,1
PEG-GNR_10x41nm_808nm_2W,384.0,41.8502,15.4499,1
PEG-GNR_10x41nm_808nm_2W,385.0,41.8736,15.4733,1
PEG-GNR_10x41nm_808nm_2W,386.0,41.8969,15.4967,1
PEG-GNR_10x41nm_808nm_2W,387.0,41.9202,15.5199,1
PEG-GNR_10x41nm_808nm_2W,388.0,41.9434,15.5431,1
PEG-GNR_10x41nm_808nm_2W,389.0,41.9665,15.5663,1
PEG-GNR_10x41nm_808nm_2W,390.0,41.9896,15.5894,1
PEG-GNR_10x41nm_808nm_2W,391.0,42.0126,15.6124,1
PEG-GNR_10x41nm_808nm_2W,392.0,42.0356,15.6354,1
PEG-GNR_10x41nm_808nm_2W,393.0,42.0585,15.6583,1
PEG-GNR_10x41nm_808nm_2W,394.0,42.0814,15.6811,1
PEG-GNR_10x41nm_808nm_2W,395.0,42.1041,15.7039,1
PEG-GNR_10x41nm_808nm_2W,396.0,42.1269,15.7267,1
PEG-GNR_10x41nm_808nm_2W,397.0,42.1496,15.7493,1
PEG-GNR_10x41nm_808nm_2W,398.0,42.1722,15.7719,1
PEG-GNR_10x41nm_808nm_2W,399.0,42.1947,15.7945,1
PEG-GNR_10x41nm_808nm_2W,400.0,42.2172,15.817,1
PEG-GNR_10x41nm_808nm_2W,401.0,42.2396,15.8394,1
PEG-GNR_10x41nm_808nm_2W,402.0,42.262,15.8618,1
PEG-GNR_10x41nm_808nm_2W,403.0,42.2843,15.8841,1
PEG-GNR_10x41nm_808nm_2W,404.0,42.3066,15.9064,1
PEG-GNR_10x41nm_808nm_2W,405.0,42.3288,15.9286,1
PEG-GNR_10x41nm_808nm_2W,406.0,42.351,15.9507,1
PEG-GNR_10x41nm_808nm_2W,407.0,42.373,15.9728,1
PEG-GNR_10x41nm_808nm_2W,408.0,42.3951,15.9948,1
PEG-GNR_10x41nm_808nm_2W,409.0,42.4171,16.0168,1
PEG-GNR_10x41nm_808nm_2W,410.0,42.439,16.0387,1
PEG-GNR_10x41nm_808nm_2W,411.0,42.4608,16.0606,1
PEG-GNR_10x41nm_808nm_2W,412.0,42.4826,16.0824,1
PEG-GNR_10x41nm_808nm_2W,413.0,42.5044,16.1041,1
PEG-GNR_10x41nm_808nm_2W,414.0,42.5261,16.1258,1
PEG-GNR_10x41nm_808nm_2W,415.0,42.5477,16.1475,1
PEG-GNR_10x41nm_808nm_2W,416.0,42.5693,16.169,1
PEG-GNR_10x41nm_808nm_2W,417.0,42.5908,16.1906,1
PEG-GNR_10x41nm_808nm_2W,418.0,42.6123,16.212,1
PEG-GNR_10x41nm_808nm_2W,419.0,42.6337,16.2334,1
PEG-GNR_10x41nm_808nm_2W,420.0,42.655,16.2548,1
PEG-GNR_10x41nm_808nm_2W,421.0,42.6763,16.2761,1
PEG-GNR_10x41nm_808nm_2W,422.0,42.6976,16.2973,1
PEG-GNR_10x41nm_808nm_2W,423.0,42.7188,16.3185,1
PEG-GNR_10x41nm_808nm_2W,424.0,42.7399,16.3397,1
PEG-GNR_10x41nm_808nm_2W,425.0,42.761,16.3607,1
PEG-GNR_10x41nm_808nm_2W,426.0,42.782,16.3818,1
PEG-GNR_10x41nm_808nm_2W,427.0,42.803,16.4027,1
PEG-GNR_10x41nm_808nm_2W,428.0,42.8239,16.4236,1
PEG-GNR_10x41nm_808nm_2W,429.0,42.8447,16.4445,1
PEG-GNR_10x41nm_808nm_2W,430.0,42.8655,16.4653,1
PEG-GNR_10x41nm_808nm_2W,431.0,42.8863,16.4861,1
PEG-GNR_10x41nm_808nm_2W,432.0,42.907,16.5068,1
PEG-GNR_10x41nm_808nm_2W,433.0,42.9276,16.5274,1
PEG-GNR_10x41nm_808nm_2W,434.0,42.9482,16.548,1
PEG-GNR_10x41nm_808nm_2W,435.0,42.9687,16.5685,1
PEG-GNR_10x41nm_808nm_2W,436.0,42.9892,16.589,1
PEG-GNR_10x41nm_808nm_2W,437.0,43.0097,16.6094,1
PEG-GNR_10x41nm_808nm_2W,438.0,43.03,16.6298,1
PEG-GNR_10x41nm_808nm_2W,439.0,43.0504,16.6501,1
PEG-GNR_10x41nm_808nm_2W,440.0,43.0706,16.6704,1
PEG-GNR_10x41nm_808nm_2W,441.0,43.0908,16.6906,1
PEG-GNR_10x41nm_808nm_2W,442.0,43.111,16.7108,1
PEG-GNR_10x41nm_808nm_2W,443.0,43.1311,16.7309,1
PEG-GNR_10x41nm_808nm_2W,444.0,43.1512,16.751,1
PEG-GNR_10x41nm_808nm_2W,445.0,43.1712,16.771,1
PEG-GNR_10x41nm_808nm_2W,446.0,43.1912,16.7909,1
PEG-GNR_10x41nm_808nm_2W,447.0,43.2111,16.8108,1
PEG-GNR_10x41nm_808nm_2W,448.0,43.2309,16.8307,1
PEG-GNR_10x41nm_808nm_2W,449.0,43.2507,16.8505,1
PEG-GNR_10x41nm_808nm_2W,450.0,43.2705,16.8702,1
PEG-GNR_10x41nm_808nm_2W,451.0,43.2902,16.8899,1
PEG-GNR_10x41nm_808nm_2W,452.0,43.3098,16.9096,1
PEG-GNR_10x41nm_808nm_2W,453.0,43.3294,16.9292,1
PEG-GNR_10x41nm_808nm_2W,454.0,43.3489,16.9487,1
PEG-GNR_10x41nm_808nm_2W,455.0,43.3684,16.9682,1
PEG-GNR_10x41nm_808nm_2W,456.0,43.3879,16.9877,1
PEG-GNR_10x41nm_808nm_2W,457.0,43.4073,17.007,1
PEG-GNR_10x41nm_808nm_2W,458.0,43.4266,17.0264,1
PEG-GNR_10x41nm_808nm_2W,459.0,43.4459,17.0457,1
PEG-GNR_10x41nm_808nm_2W,460.0,43.4652,17.0649,1
PEG-GNR_10x41nm_808nm_2W,461.0,43.4843,17.0841,1
PEG-GNR_10x41nm_808nm_2W,462.0,43.5035,17.1033,1
PEG-GNR_10x41nm_808nm_2W,463.0,43.5226,17.1224,1
PEG-GNR_10x41nm_808nm_2W,464.0,43.5416,17.1414,1
PEG-GNR_10x41nm_808nm_2W,465.0,43.5606,17.1604,1
PEG-GNR_10x41nm_808nm_2W,466.0,43.5796,17.1793,1
PEG-GNR_10x41nm_808nm_2W,467.0,43.5985,17.1982,1
PEG-GNR_10x41nm_808nm_2W,468.0,43.6173,17.2171,1
PEG-GNR_10x41nm_808nm_2W,469.0,43.6361,17.2359,1
PEG-GNR_10x41nm_808nm_2W,470.0,43.6548,17.2546,1
PEG-GNR_10x41nm_808nm_2W,471.0,43.6735,17.2733,1
PEG-GNR_10x41nm_808nm_2W,472.0,43.6922,17.292,1
PEG-GNR_10x41nm_808nm_2W,473.0,43.7108,17.3106,1
PEG-GNR_10x41nm_808nm_2W,474.0,43.7293,17.3291,1
PEG-GNR_10x41nm_808nm_2W,475.0,43.7479,17.3476,1
PEG-GNR_10x41nm_808nm_2W,476.0,43.7663,17.3661,1
PEG-GNR_10x41nm_808nm_2W,477.0,43.7847,17.3845,1
PEG-GNR_10x41nm_808nm_2W,478.0,43.8031,17.4029,1
PEG-GNR_10x41nm_808nm_2W,479.0,43.8214,17.4212,1
PEG-GNR_10x41nm_808nm_2W,480.0,43.8397,17.4394,1
PEG-GNR_10x41nm_808nm_2W,481.0,43.8579,17.4576,1
PEG-GNR_10x41nm_808nm_2W,482.0,43.876,17.4758,1
PEG-GNR_10x41nm_808nm_2W,483.0,43.8942,17.4939,1
PEG-GNR_10x41nm_808nm_2W,484.0,43.9122,17.512,1
PEG-GNR_10x41nm_808nm_2W,485.0,43.9303,17.5301,1
PEG-GNR_10x41nm_808nm_2W,486.0,43.9483,17.548,1
PEG-GNR_10x41nm_808nm_2W,487.0,43.9662,17.566,1
PEG-GNR_10x41nm_808nm_2W,488.0,43.9841,17.5839,1
PEG-GNR_10x41nm_808nm_2W,489.0,44.0019,17.6017,1
PEG-GNR_10x41nm_808nm_2W,490.0,44.0197,17.6195,1
PEG-GNR_10x41nm_808nm_2W,491.0,44.0375,17.6372,1
PEG-GNR_10x41nm_808nm_2W,492.0,44.0552,17.655,1
PEG-GNR_10x41nm_808nm_2W,493.0,44.0728,17.6726,1
PEG-GNR_10x41nm_808nm_2W,494.0,44.0905,17.6902,1
PEG-GNR_10x41nm_808nm_2W,495.0,44.108,17.7078,1
PEG-GNR_10x41nm_808nm_2W,496.0,44.1255,17.7253,1
PEG-GNR_10x41nm_808nm_2W,497.0,44.143,17.7428,1
PEG-GNR_10x41nm_808nm_2W,498.0,44.1604,17.7602,1
PEG-GNR_10x41nm_808nm_2W,499.0,44.1778,17.7776,1
PEG-GNR_10x41nm_808nm_2W,500.0,44.1952,17.7949,1
PEG-GNR_10x41nm_808nm_2W,501.0,44.2125,17.8122,1
PEG-GNR_10x41nm_808nm_2W,502.0,44.2297,17.8295,1
PEG-GNR_10x41nm_808nm_2W,503.0,44.2469,17.8467,1
PEG-GNR_10x41nm_808nm_2W,504.0,44.2641,17.8638,1
PEG-GNR_10x41nm_808nm_2W,505.0,44.2812,17.881,1
PEG-GNR_10x41nm_808nm_2W,506.0,44.2983,17.898,1
PEG-GNR_10x41nm_808nm_2W,507.0,44.3153,17.9151,1
PEG-GNR_10x41nm_808nm_2W,508.0,44.3323,17.932,1
PEG-GNR_10x41nm_808nm_2W,509.0,44.3492,17.949,1
PEG-GNR_10x41nm_808nm_2W,510.0,44.3661,17.9659,1
PEG-GNR_10x41nm_808nm_2W,511.0,44.383,17.9827,1
PEG-GNR_10x41nm_808nm_2W,512.0,44.3998,17.9995,1
PEG-GNR_10x41nm_808nm_2W,513.0,44.4165,18.0163,1
PEG-GNR_10x41nm_808nm_2W,514.0,44.4332,18.033,1
PEG-GNR_10x41nm_808nm_2W,515.0,44.4499,18.0497,1
PEG-GNR_10x41nm_808nm_2W,516.0,44.4665,18.0663,1
PEG-GNR_10x41nm_808nm_2W,517.0,44.4831,18.0829,1
PEG-GNR_10x41nm_808nm_2W,518.0,44.4997,18.0995,1
PEG-GNR_10x41nm_808nm_2W,519.0,44.5162,18.116,1
PEG-GNR_10x41nm_808nm_2W,520.0,44.5326,18.1324,1
PEG-GNR_10x41nm_808nm_2W,521.0,44.5491,18.1488,1
PEG-GNR_10x41nm_808nm_2W,522.0,44.5654,18.1652,1
PEG-GNR_10x41nm_808nm_2W,523.0,44.5818,18.1815,1
PEG-GNR_10x41nm_808nm_2W,524.0,44.5981,18.1978,1
PEG-GNR_10x41nm_808nm_2W,525.0,44.6143,18.2141,1
PEG-GNR_10x41nm_808nm_2W,526.0,44.6305,18.2303,1
PEG-GNR_10x41nm_808nm_2W,527.0,44.6467,18.2464,1
PEG-GNR_10x41nm_808nm_2W,528.0,44.6628,18.2626,1
PEG-GNR_10x41nm_808nm_2W,529.0,44.6789,18.2786,1
PEG-GNR_10x41nm_808nm_2W,530.0,44.6949,18.2947,1
PEG-GNR_10x41nm_808nm_2W,531.0,44.7109,18.3107,1
PEG-GNR_10x41nm_808nm_2W,532.0,44.7269,18.3266,1
PEG-GNR_10x41nm_808nm_2W,533.0,44.7428,18.3425,1
PEG-GNR_10x41nm_808nm_2W,534.0,44.7586,18.3584,1
PEG-GNR_10x41nm_808nm_2W,535.0,44.7745,18.3742,1
PEG-GNR_10x41nm_808nm_2W,536.0,44.7903,18.39,1
PEG-GNR_10x41nm_808nm_2W,537.0,44.806,18.4058,1
PEG-GNR_10x41nm_808nm_2W,538.0,44.8217,18.4215,1
PEG-GNR_10x41nm_808nm_2W,539.0,44.8374,18.4371,1
PEG-GNR_10x41nm_808nm_2W,540.0,44.853,18.4528,1
PEG-GNR_10x41nm_808nm_2W,541.0,44.8686,18.4684,1
PEG-GNR_10x41nm_808nm_2W,542.0,44.8841,18.4839,1
PEG-GNR_10x41nm_808nm_2W,543.0,44.8996,18.4994,1
PEG-GNR_10x41nm_808nm_2W,544.0,44.9151,18.5149,1
PEG-GNR_10x41nm_808nm_2W,545.0,44.9305,18.5303,1
PEG-GNR_10x41nm_808nm_2W,546.0,44.9459,18.5457,1
PEG-GNR_10x41nm_808nm_2W,547.0,44.9612,18.561,1
PEG-GNR_10x41nm_808nm_2W,548.0,44.9765,18.5763,1
PEG-GNR_10x41nm_808nm_2W,549.0,44.9918,18.5916,1
PEG-GNR_10x41nm_808nm_2W,550.0,45.007,18.6068,1
PEG-GNR_10x41nm_808nm_2W,551.0,45.0222,18.622,1
PEG-GNR_10x41nm_808nm_2W,552.0,45.0374,18.6371,1
PEG-GNR_10x41nm_808nm_2W,553.0,45.0525,18.6522,1
PEG-GNR_10x41nm_808nm_2W,554.0,45.0675,18.6673,1
PEG-GNR_10x41nm_808nm_2W,555.0,45.0825,18.6823,1
PEG-GNR_10x41nm_808nm_2W,556.0,45.0975,18.6973,1
PEG-GNR_10x41nm_808nm_2W,557.0,45.1125,18.7123,1
PEG-GNR_10x41nm_808nm_2W,558.0,45.1274,18.7272,1
PEG-GNR_10x41nm_808nm_2W,559.0,45.1423,18.742,1
PEG-GNR_10x41nm_808nm_2W,560.0,45.1571,18.7569,1
PEG-GNR_10x41nm_808nm_2W,561.0,45.1719,18.7717,1
PEG-GNR_10x41nm_808nm_2W,562.0,45.1866,18.7864,1
PEG-GNR_10x41nm_808nm_2W,563.0,45.2014,18.8011,1
PEG-GNR_10x41nm_808nm_2W,564.0,45.216,18.8158,1
PEG-GNR_10x41nm_808nm_2W,565.0,45.2307,18.8305,1
PEG-GNR_10x41nm_808nm_2W,566.0,45.2453,18.8451,1
PEG-GNR_10x41nm_808nm_2W,567.0,45.2598,18.8596,1
PEG-GNR_10x41nm_808nm_2W,568.0,45.2744,18.8741,1
PEG-GNR_10x41nm_808nm_2W,569.0,45.2889,18.8886,1
PEG-GNR_10x41nm_808nm_2W,570.0,45.3033,18.9031,1
PEG-GNR_10x41nm_808nm_2W,571.0,45.3177,18.9175,1
PEG-GNR_10x41nm_808nm_2W,572.0,45.3321,18.9319,1
PEG-GNR_10x41nm_808nm_2W,573.0,45.3464,18.9462,1
PEG-GNR_10x41nm_808nm_2W,574.0,45.3607,18.9605,1
PEG-GNR_10x41nm_808nm_2W,575.0,45.375,18.9748,1
PEG-GNR_10x41nm_808nm_2W,576.0,45.3892,18.989,1
PEG-GNR_10x41nm_808nm_2W,577.0,45.4034,19.0032,1
PEG-GNR_10x41nm_808nm_2W,578.0,45.4176,19.0173,1
PEG-GNR_10x41nm_808nm_2W,579.0,45.4317,19.0315,1
PEG-GNR_10x41nm_808nm_2W,580.0,45.4458,19.0455,1
PEG-GNR_10x41nm_808nm_2W,581.0,45.4598,19.0596,1
PEG-GNR_10x41nm_808nm_2W,582.0,45.4738,19.0736,1
PEG-GNR_10x41nm_808nm_2W,583.0,45.4878,19.0876,1
PEG-GNR_10x41nm_808nm_2W,584.0,45.5017,19.1015,1
PEG-GNR_10x41nm_808nm_2W,585.0,45.5156,19.1154,1
PEG-GNR_10x41nm_808nm_2W,586.0,45.5295,19.1293,1
PEG-GNR_10x41nm_808nm_2W,587.0,45.5433,19.1431,1
PEG-GNR_10x41nm_808nm_2W,588.0,45.5571,19.1569,1
PEG-GNR_10x41nm_808nm_2W,589.0,45.5709,19.1706,1
PEG-GNR_10x41nm_808nm_2W,590.0,45.5846,19.1843,1
PEG-GNR_10x41nm_808nm_2W,591.0,45.5983,19.198,1
PEG-GNR_10x41nm_808nm_2W,592.0,45.6119,19.2117,1
PEG-GNR_10x41nm_808nm_2W,593.0,45.6255,19.2253,1
PEG-GNR_10x41nm_808nm_2W,594.0,45.6391,19.2389,1
PEG-GNR_10x41nm_808nm_2W,595.0,45.6526,19.2524,1
PEG-GNR_10x41nm_808nm_2W,596.0,45.6661,19.2659,1
PEG-GNR_10x41nm_808nm_2W,597.0,45.6796,19.2794,1
PEG-GNR_10x41nm_808nm_2W,598.0,45.693,19.2928,1
PEG-GNR_10x41nm_808nm_2W,599.0,45.7064,19.3062,1
PEG-GNR_10x41nm_808nm_2W,600.0,45.7198,19.3196,1
PEG-GNR_10x41nm_808nm_2W,601.0,45.7331,19.3329,1
PEG-GNR_10x41nm_808nm_2W,602.0,45.7464,19.3462,1
PEG-GNR_10x41nm_808nm_2W,603.0,45.7597,19.3595,1
PEG-GNR_10x41nm_808nm_2W,604.0,45.7729,19.3727,1
PEG-GNR_10x41nm_808nm_2W,605.0,45.7861,19.3859,1
PEG-GNR_10x41nm_808nm_2W,606.0,45.7993,19.399,1
PEG-GNR_10x41nm_808nm_2W,607.0,45.8124,19.4122,1
PEG-GNR_10x41nm_808nm_2W,608.0,45.8255,19.4253,1
PEG-GNR_10x41nm_808nm_2W,609.0,45.8385,19.4383,1
PEG-GNR_10x41nm_808nm_2W,610.0,45.8516,19.4513,1
PEG-GNR_10x41nm_808nm_2W,611.0,45.8645,19.4643,1
PEG-GNR_10x41nm_808nm_2W,612.0,45.8775,19.4773,1
PEG-GNR_10x41nm_808nm_2W,613.0,45.8904,19.4902,1
PEG-GNR_10x41nm_808nm_2W,614.0,45.9033,19.5031,1
PEG-GNR_10x41nm_808nm_2W,615.0,45.9162,19.5159,1
PEG-GNR_10x41nm_808nm_2W,616.0,45.929,19.5288,1
PEG-GNR_10x41nm_808nm_2W,617.0,45.9418,19.5415,1
PEG-GNR_10x41nm_808nm_2W,618.0,45.9545,19.5543,1
PEG-GNR_10x41nm_808nm_2W,619.0,45.9672,19.567,1
PEG-GNR_10x41nm_808nm_2W,620.0,45.9799,19.5797,1
PEG-GNR_10x41nm_808nm_2W,621.0,45.9926,19.5924,1
PEG-GNR_10x41nm_808nm_2W,622.0,46.0052,19.605,1
PEG-GNR_10x41nm_808nm_2W,623.0,46.0178,19.6176,1
PEG-GNR_10x41nm_808nm_2W,624.0,46.0304,19.6301,1
PEG-GNR_10x41nm_808nm_2W,625.0,46.0429,19.6426,1
PEG-GNR_10x41nm_808nm_2W,626.0,46.0554,19.6551,1
PEG-GNR_10x41nm_808nm_2W,627.0,46.0678,19.6676,1
PEG-GNR_10x41nm_808nm_2W,628.0,46.0802,19.68,1
PEG-GNR_10x41nm_808nm_2W,629.0,46.0926,19.6924,1
PEG-GNR_10x41nm_808nm_2W,630.0,46.105,19.7048,1
PEG-GNR_10x41nm_808nm_2W,631.0,46.1173,19.7171,1
PEG-GNR_10x41nm_808nm_2W,632.0,46.1296,19.7294,1
PEG-GNR_10x41nm_808nm_2W,633.0,46.1419,19.7417,1
PEG-GNR_10x41nm_808nm_2W,634.0,46.1541,19.7539,1
PEG-GNR_10x41nm_808nm_2W,635.0,46.1663,19.7661,1
PEG-GNR_10x41nm_808nm_2W,636.0,46.1785,19.7783,1
PEG-GNR_10x41nm_808nm_2W,637.0,46.1906,19.7904,1
PEG-GNR_10x41nm_808nm_2W,638.0,46.2027,19.8025,1
PEG-GNR_10x41nm_808nm_2W,639.0,46.2148,19.8146,1
PEG-GNR_10x41nm_808nm_2W,640.0,46.2269,19.8266,1
PEG-GNR_10x41nm_808nm_2W,641.0,46.2389,19.8386,1
PEG-GNR_10x41nm_808nm_2W,642.0,46.2509,19.8506,1
PEG-GNR_10x41nm_808nm_2W,643.0,46.2628,19.8626,1
PEG-GNR_10x41nm_808nm_2W,644.0,46.2747,19.8745,1
PEG-GNR_10x41nm_808nm_2W,645.0,46.2866,19.8864,1
PEG-GNR_10x41nm_808nm_2W,646.0,46.2985,19.8982,1
PEG-GNR_10x41nm_808nm_2W,647.0,46.3103,19.9101,1
PEG-GNR_10x41nm_808nm_2W,648.0,46.3221,19.9219,1
PEG-GNR_10x41nm_808nm_2W,649.0,46.3339,19.9336,1
PEG-GNR_10x41nm_808nm_2W,650.0,46.3456,19.9454,1
PEG-GNR_10x41nm_808nm_2W,651.0,46.3573,19.9571,1
PEG-GNR_10x41nm_808nm_2W,652.0,46.369,19.9687,1
PEG-GNR_10x41nm_808nm_2W,653.0,46.3806,19.9804,1
PEG-GNR_10x41nm_808nm_2W,654.0,46.3922,19.992,1
PEG-GNR_10x41nm_808nm_2W,655.0,46.4038,20.0036,1
PEG-GNR_10x41nm_808nm_2W,656.0,46.4154,20.0151,1
PEG-GNR_10x41nm_808nm_2W,657.0,46.4269,20.0267,1
PEG-GNR_10x41nm_808nm_2W,658.0,46.4384,20.0381,1
PEG-GNR_10x41nm_808nm_2W,659.0,46.4498,20.0496,1
PEG-GNR_10x41nm_808nm_2W,660.0,46.4613,20.061,1
PEG-GNR_10x41nm_808nm_2W,661.0,46.4727,20.0724,1
PEG-GNR_10x41nm_808nm_2W,662.0,46.484,20.0838,1
PEG-GNR_10x41nm_808nm_2W,663.0,46.4954,20.0952,1
PEG-GNR_10x41nm_808nm_2W,664.0,46.5067,20.1065,1
PEG-GNR_10x41nm_808nm_2W,665.0,46.518,20.1178,1
PEG-GNR_10x41nm_808nm_2W,666.0,46.5292,20.129,1
PEG-GNR_10x41nm_808nm_2W,667.0,46.5405,20.1402,1
PEG-GNR_10x41nm_808nm_2W,668.0,46.5517,20.1514,1
PEG-GNR_10x41nm_808nm_2W,669.0,46.5628,20.1626,1
PEG-GNR_10x41nm_808nm_2W,670.0,46.574,20.1737,1
PEG-GNR_10x41nm_808nm_2W,671.0,46.5851,20.1849,1
PEG-GNR_10x41nm_808nm_2W,672.0,46.5962,20.1959,1
PEG-GNR_10x41nm_808nm_2W,673.0,46.6072,20.207,1
PEG-GNR_10x41nm_808nm_2W,674.0,46.6182,20.218,1
PEG-GNR_10x41nm_808nm_2W,675.0,46.6292,20.229,1
PEG-GNR_10x41nm_808nm_2W,676.0,46.6402,20.24,1
PEG-GNR_10x41nm_808nm_2W,677.0,46.6511,20.2509,1
PEG-GNR_10x41nm_808nm_2W,678.0,46.662,20.2618,1
PEG-GNR_10x41nm_808nm_2W,679.0,46.6729,20.2727,1
PEG-GNR_10x41nm_808nm_2W,680.0,46.6838,20.2836,1
PEG-GNR_10x41nm_808nm_2W,681.0,46.6946,20.2944,1
PEG-GNR_10x41nm_808nm_2W,682.0,46.7054,20.3052,1
PEG-GNR_10x41nm_808nm_2W,683.0,46.7162,20.3159,1
PEG-GNR_10x41nm_808nm_2W,684.0,46.7269,20.3267,1
PEG-GNR_10x41nm_808nm_2W,685.0,46.7376,20.3374,1
PEG-GNR_10x41nm_808nm_2W,686.0,46.7483,20.3481,1
PEG-GNR_10x41nm_808nm_2W,687.0,46.759,20.3587,1
PEG-GNR_10x41nm_808nm_2W,688.0,46.7696,20.3694,1
PEG-GNR_10x41nm_808nm_2W,689.0,46.7802,20.38,1
PEG-GNR_10x41nm_808nm_2W,690.0,46.7908,20.3905,1
PEG-GNR_10x41nm_808nm_2W,691.0,46.8013,20.4011,1
PEG-GNR_10x41nm_808nm_2W,692.0,46.8118,20.4116,1
PEG-GNR_10x41nm_808nm_2W,693.0,46.8223,20.4221,1
PEG-GNR_10x41nm_808nm_2W,694.0,46.8328,20.4326,1
PEG-GNR_10x41nm_808nm_2W,695.0,46.8432,20.443,1
PEG-GNR_10x41nm_808nm_2W,696.0,46.8536,20.4534,1
PEG-GNR_10x41nm_808nm_2W,697.0,46.864,20.4638,1
PEG-GNR_10x41nm_808nm_2W,698.0,46.8744,20.4742,1
PEG-GNR_10x41nm_808nm_2W,699.0,46.8847,20.4845,1
PEG-GNR_10x41nm_808nm_2W,700.0,46.895,20.4948,1
PEG-GNR_10x41nm_808nm_2W,701.0,46.9053,20.5051,1
PEG-GNR_10x41nm_808nm_2W,702.0,46.9155,20.5153,1
PEG-GNR_10x41nm_808nm_2W,703.0,46.9258,20.5255,1
PEG-GNR_10x41nm_808nm_2W,704.0,46.936,20.5357,1
PEG-GNR_10x41nm_808nm_2W,705.0,46.9461,20.5459,1
PEG-GNR_10x41nm_808nm_2W,706.0,46.9563,20.556,1
PEG-GNR_10x41nm_808nm_2W,707.0,46.9664,20.5662,1
PEG-GNR_10x41nm_808nm_2W,708.0,46.9765,20.5762,1
PEG-GNR_10x41nm_808nm_2W,709.0,46.9865,20.5863,1
PEG-GNR_10x41nm_808nm_2W,710.0,46.9966,20.5963,1
PEG-GNR_10x41nm_808nm_2W,711.0,47.0066,20.6064,1
PEG-GNR_10x41nm_808nm_2W,712.0,47.0166,20.6163,1
PEG-GNR_10x41nm_808nm_2W,713.0,47.0265,20.6263,1
PEG-GNR_10x41nm_808nm_2W,714.0,47.0365,20.6362,1
PEG-GNR_10x41nm_808nm_2W,715.0,47.0464,20.6461,1
PEG-GNR_10x41nm_808nm_2W,716.0,47.0562,20.656,1
PEG-GNR_10x41nm_808nm_2W,717.0,47.0661,20.6659,1
PEG-GNR_10x41nm_808nm_2W,718.0,47.0759,20.6757,1
PEG-GNR_10x41nm_808nm_2W,719.0,47.0857,20.6855,1
PEG-GNR_10x41nm_808nm_2W,720.0,47.0955,20.6953,1
PEG-GNR_10x41nm_808nm_2W,721.0,47.1053,20.705,1
PEG-GNR_10x41nm_808nm_2W,722.0,47.115,20.7148,1
PEG-GNR_10x41nm_808nm_2W,723.0,47.1247,20.7245,1
PEG-GNR_10x41nm_808nm_2W,724.0,47.1344,20.7342,1
PEG-GNR_10x41nm_808nm_2W,725.0,47.144,20.7438,1
PEG-GNR_10x41nm_808nm_2W,726.0,47.1537,20.7534,1
PEG-GNR_10x41nm_808nm_2W,727.0,47.1633,20.763,1
PEG-GNR_10x41nm_808nm_2W,728.0,47.1728,20.7726,1
PEG-GNR_10x41nm_808nm_2W,729.0,47.1824,20.7822,1
PEG-GNR_10x41nm_808nm_2W,730.0,47.1919,20.7917,1
PEG-GNR_10x41nm_808nm_2W,731.0,47.2014,20.8012,1
PEG-GNR_10x41nm_808nm_2W,732.0,47.2109,20.8107,1
PEG-GNR_10x41nm_808nm_2W,733.0,47.2204,20.8201,1
PEG-GNR_10x41nm_808nm_2W,734.0,47.2298,20.8296,1
PEG-GNR_10x41nm_808nm_2W,735.0,47.2392,20.839,1
PEG-GNR_10x41nm_808nm_2W,736.0,47.2486,20.8484,1
PEG-GNR_10x41nm_808nm_2W,737.0,47.2579,20.8577,1
PEG-GNR_10x41nm_808nm_2W,738.0,47.2673,20.867,1
PEG-GNR_10x41nm_808nm_2W,739.0,47.2766,20.8763,1
PEG-GNR_10x41nm_808nm_2W,740.0,47.2859,20.8856,1
PEG-GNR_10x41nm_808nm_2W,741.0,47.2951,20.8949,1
PEG-GNR_10x41nm_808nm_2W,742.0,47.3044,20.9041,1
PEG-GNR_10x41nm_808nm_2W,743.0,47.3136,20.9133,1
PEG-GNR_10x41nm_808nm_2W,744.0,47.3228,20.9225,1
PEG-GNR_10x41nm_808nm_2W,745.0,47.3319,20.9317,1
PEG-GNR_10x41nm_808nm_2W,746.0,47.3411,20.9408,1
PEG-GNR_10x41nm_808nm_2W,747.0,47.3502,20.9499,1
PEG-GNR_10x41nm_808nm_2W,748.0,47.3593,20.959,1
PEG-GNR_10x41nm_808nm_2W,749.0,47.3683,20.9681,1
PEG-GNR_10x41nm_808nm_2W,750.0,47.3774,20.9771,1
PEG-GNR_10x41nm_808nm_2W,751.0,47.3864,20.9862,1
PEG-GNR_10x41nm_808nm_2W,752.0,47.3954,20.9952,1
PEG-GNR_10x41nm_808nm_2W,753.0,47.4044,21.0041,1
PEG-GNR_10x41nm_808nm_2W,754.0,47.4133,21.0131,1
PEG-GNR_10x41nm_808nm_2W,755.0,47.4222,21.022,1
PEG-GNR_10x41nm_808nm_2W,756.0,47.4312,21.0309,1
PEG-GNR_10x41nm_808nm_2W,757.0,47.44,21.0398,1
PEG-GNR_10x41nm_808nm_2W,758.0,47.4489,21.0487,1
PEG-GNR_10x41nm_808nm_2W,759.0,47.4577,21.0575,1
PEG-GNR_10x41nm_808nm_2W,760.0,47.4665,21.0663,1
PEG-GNR_10x41nm_808nm_2W,761.0,47.4753,21.0751,1
PEG-GNR_10x41nm_808nm_2W,762.0,47.4841,21.0839,1
PEG-GNR_10x41nm_808nm_2W,763.0,47.4928,21.0926,1
PEG-GNR_10x41nm_808nm_2W,764.0,47.5016,21.1013,1
PEG-GNR_10x41nm_808nm_2W,765.0,47.5103,21.11,1
PEG-GNR_10x41nm_808nm_2W,766.0,47.5189,21.1187,1
PEG-GNR_10x41nm_808nm_2W,767.0,47.5276,21.1274,1
PEG-GNR_10x41nm_808nm_2W,768.0,47.5362,21.136,1
PEG-GNR_10x41nm_808nm_2W,769.0,47.5448,21.1446,1
PEG-GNR_10x41nm_808nm_2W,770.0,47.5534,21.1532,1
PEG-GNR_10x41nm_808nm_2W,771.0,47.562,21.1618,1
PEG-GNR_10x41nm_808nm_2W,772.0,47.5705,21.1703,1
PEG-GNR_10x41nm_808nm_2W,773.0,47.579,21.1788,1
PEG-GNR_10x41nm_808nm_2W,774.0,47.5875,21.1873,1
PEG-GNR_10x41nm_808nm_2W,775.0,47.596,21.1958,1
PEG-GNR_10x41nm_808nm_2W,776.0,47.6045,21.2042,1
PEG-GNR_10x41nm_808nm_2W,777.0,47.6129,21.2127,1
PEG-GNR_10x41nm_808nm_2W,778.0,47.6213,21.2211,1
PEG-GNR_10x41nm_808nm_2W,779.0,47.6297,21.2295,1
PEG-GNR_10x41nm_808nm_2W,780.0,47.6381,21.2378,1
PEG-GNR_10x41nm_808nm_2W,781.0,47.6464,21.2462,1
PEG-GNR_10x41nm_808nm_2W,782.0,47.6547,21.2545,1
PEG-GNR_10x41nm_808nm_2W,783.0,47.663,21.2628,1
PEG-GNR_10x41nm_808nm_2W,784.0,47.6713,21.2711,1
PEG-GNR_10x41nm_808nm_2W,785.0,47.6796,21.2793,1
PEG-GNR_10x41nm_808nm_2W,786.0,47.6878,21.2876,1
PEG-GNR_10x41nm_808nm_2W,787.0,47.696,21.2958,1
PEG-GNR_10x41nm_808nm_2W,788.0,47.7042,21.304,1
PEG-GNR_10x41nm_808nm_2W,789.0,47.7124,21.3121,1
PEG-GNR_10x41nm_808nm_2W,790.0,47.7205,21.3203,1
PEG-GNR_10x41nm_808nm_2W,791.0,47.7287,21.3284,1
PEG-GNR_10x41nm_808nm_2W,792.0,47.7368,21.3365,1
PEG-GNR_10x41nm_808nm_2W,793.0,47.7449,21.3446,1
PEG-GNR_10x41nm_808nm_2W,794.0,47.7529,21.3527,1
PEG-GNR_10x41nm_808nm_2W,795.0,47.761,21.3607,1
PEG-GNR_10x41nm_808nm_2W,796.0,47.769,21.3688,1
PEG-GNR_10x41nm_808nm_2W,797.0,47.777,21.3768,1
PEG-GNR_10x41nm_808nm_2W,798.0,47.785,21.3847,1
PEG-GNR_10x41nm_808nm_2W,799.0,47.7929,21.3927,1
PEG-GNR_10x41nm_808nm_2W,800.0,47.8009,21.4006,1
PEG-GNR_10x41nm_808nm_2W,801.0,47.8088,21.4086,1
PEG-GNR_10x41nm_808nm_2W,802.0,47.8167,21.4165,1
PEG-GNR_10x41nm_808nm_2W,803.0,47.8246,21.4243,1
PEG-GNR_10x41nm_808nm_2W,804.0,47.8324,21.4322,1
PEG-GNR_10x41nm_808nm_2W,805.0,47.8403,21.44,1
PEG-GNR_10x41nm_808nm_2W,806.0,47.8481,21.4479,1
PEG-GNR_10x41nm_808nm_2W,807.0,47.8559,21.4557,1
PEG-GNR_10x41nm_808nm_2W,808.0,47.8637,21.4634,1
PEG-GNR_10x41nm_808nm_2W,809.0,47.8714,21.4712,1
PEG-GNR_10x41nm_808nm_2W,810.0,47.8792,21.4789,1
PEG-GNR_10x41nm_808nm_2W,811.0,47.8869,21.4866,1
PEG-GNR_10x41nm_808nm_2W,812.0,47.8946,21.4943,1
PEG-GNR_10x41nm_808nm_2W,813.0,47.9022,21.502,1
PEG-GNR_10x41nm_808nm_2W,814.0,47.9099,21.5097,1
PEG-GNR_10x41nm_808nm_2W,815.0,47.9175,21.5173,1
PEG-GNR_10x41nm_808nm_2W,816.0,47.9252,21.5249,1
PEG-GNR_10x41nm_808nm_2W,817.0,47.9328,21.5325,1
PEG-GNR_10x41nm_808nm_2W,818.0,47.9403,21.5401,1
PEG-GNR_10x41nm_808nm_2W,819.0,47.9479,21.5477,1
PEG-GNR_10x41nm_808nm_2W,820.0,47.9554,21.5552,1
PEG-GNR_10x41nm_808nm_2W,821.0,47.9629,21.5627,1
PEG-GNR_10x41nm_808nm_2W,822.0,47.9704,21.5702,1
PEG-GNR_10x41nm_808nm_2W,823.0,47.9779,21.5777,1
PEG-GNR_10x41nm_808nm_2W,824.0,47.9854,21.5852,1
PEG-GNR_10x41nm_808nm_2W,825.0,47.9928,21.5926,1
PEG-GNR_10x41nm_808nm_2W,826.0,48.0003,21.6,1
PEG-GNR_10x41nm_808nm_2W,827.0,48.0077,21.6074,1
PEG-GNR_10x41nm_808nm_2W,828.0,48.015,21.6148,1
PEG-GNR_10x41nm_808nm_2W,829.0,48.0224,21.6222,1
PEG-GNR_10x41nm_808nm_2W,830.0,48.0297,21.6295,1
PEG-GNR_10x41nm_808nm_2W,831.0,48.0371,21.6368,1
PEG-GNR_10x41nm_808nm_2W,832.0,48.0444,21.6441,1
PEG-GNR_10x41nm_808nm_2W,833.0,48.0517,21.6514,1
PEG-GNR_10x41nm_808nm_2W,834.0,48.0589,21.6587,1
PEG-GNR_10x41nm_808nm_2W,835.0,48.0662,21.666,1
PEG-GNR_10x41nm_808nm_2W,836.0,48.0734,21.6732,1
PEG-GNR_10x41nm_808nm_2W,837.0,48.0806,21.6804,1
PEG-GNR_10x41nm_808nm_2W,838.0,48.0878,21.6876,1
PEG-GNR_10x41nm_808nm_2W,839.0,48.095,21.6948,1
PEG-GNR_10x41nm_808nm_2W,840.0,48.1021,21.7019,1
PEG-GNR_10x41nm_808nm_2W,841.0,48.1093,21.7091,1
PEG-GNR_10x41nm_808nm_2W,842.0,48.1164,21.7162,1
PEG-GNR_10x41nm_808nm_2W,843.0,48.1235,21.7233,1
PEG-GNR_10x41nm_808nm_2W,844.0,48.1306,21.7304,1
PEG-GNR_10x41nm_808nm_2W,845.0,48.1376,21.7374,1
PEG-GNR_10x41nm_808nm_2W,846.0,48.1447,21.7445,1
PEG-GNR_10x41nm_808nm_2W,847.0,48.1517,21.7515,1
PEG-GNR_10x41nm_808nm_2W,848.0,48.1587,21.7585,1
PEG-GNR_10x41nm_808nm_2W,849.0,48.1657,21.7655,1
PEG-GNR_10x41nm_808nm_2W,850.0,48.1727,21.7725,1
PEG-GNR_10x41nm_808nm_2W,851.0,48.1796,21.7794,1
PEG-GNR_10x41nm_808nm_2W,852.0,48.1866,21.7864,1
PEG-GNR_10x41nm_808nm_2W,853.0,48.1935,21.7933,1
PEG-GNR_10x41nm_808nm_2W,854.0,48.2004,21.8002,1
PEG-GNR_10x41nm_808nm_2W,855.0,48.2073,21.807,1
PEG-GNR_10x41nm_808nm_2W,856.0,48.2141,21.8139,1
PEG-GNR_10x41nm_808nm_2W,857.0,48.221,21.8208,1
PEG-GNR_10x41nm_808nm_2W,858.0,48.2278,21.8276,1
PEG-GNR_10x41nm_808nm_2W,859.0,48.2346,21.8344,1
PEG-GNR_10x41nm_808nm_2W,860.0,48.2414,21.8412,1
PEG-GNR_10x41nm_808nm_2W,861.0,48.2482,21.848,1
PEG-GNR_10x41nm_808nm_2W,862.0,48.255,21.8547,1
PEG-GNR_10x41nm_808nm_2W,863.0,48.2617,21.8615,1
PEG-GNR_10x41nm_808nm_2W,864.0,48.2684,21.8682,1
PEG-GNR_10x41nm_808nm_2W,865.0,48.2751,21.8749,1
PEG-GNR_10x41nm_808nm_2W,866.0,48.2818,21.8816,1
PEG-GNR_10x41nm_808nm_2W,867.0,48.2885,21.8882,1
PEG-GNR_10x41nm_808nm_2W,868.0,48.2951,21.8949,1
PEG-GNR_10x41nm_808nm_2W,869.0,48.3018,21.9015,1
PEG-GNR_10x41nm_808nm_2W,870.0,48.3084,21.9082,1
PEG-GNR_10x41nm_808nm_2W,871.0,48.315,21.9148,1
PEG-GNR_10x41nm_808nm_2W,872.0,48.3216,21.9213,1
PEG-GNR_10x41nm_808nm_2W,873.0,48.3281,21.9279,1
PEG-GNR_10x41nm_808nm_2W,874.0,48.3347,21.9345,1
PEG-GNR_10x41nm_808nm_2W,875.0,48.3412,21.941,1
PEG-GNR_10x41nm_808nm_2W,876.0,48.3477,21.9475,1
PEG-GNR_10x41nm_808nm_2W,877.0,48.3542,21.954,1
PEG-GNR_10x41nm_808nm_2W,878.0,48.3607,21.9605,1
PEG-GNR_10x41nm_808nm_2W,879.0,48.3672,21.967,1
PEG-GNR_10x41nm_808nm_2W,880.0,48.3736,21.9734,1
PEG-GNR_10x41nm_808nm_2W,881.0,48.3801,21.9798,1
PEG-GNR_10x41nm_808nm_2W,882.0,48.3865,21.9862,1
PEG-GNR_10x41nm_808nm_2W,883.0,48.3929,21.9926,1
PEG-GNR_10x41nm_808nm_2W,884.0,48.3993,21.999,1
PEG-GNR_10x41nm_808nm_2W,885.0,48.4056,22.0054,1
PEG-GNR_10x41nm_808nm_2W,886.0,48.412,22.0117,1
PEG-GNR_10x41nm_808nm_2W,887.0,48.4183,22.0181,1
PEG-GNR_10x41nm_808nm_2W,888.0,48.4246,22.0244,1
PEG-GNR_10x41nm_808nm_2W,889.0,48.4309,22.0307,1
PEG-GNR_10x41nm_808nm_2W,890.0,48.4372,22.037,1
PEG-GNR_10x41nm_808nm_2W,891.0,48.4435,22.0432,1
PEG-GNR_10x41nm_808nm_2W,892.0,48.4497,22.0495,1
PEG-GNR_10x41nm_808nm_2W,893.0,48.4559,22.0557,1
PEG-GNR_10x41nm_808nm_2W,894.0,48.4622,22.0619,1
PEG-GNR_10x41nm_808nm_2W,895.0,48.4684,22.0681,1
PEG-GNR_10x41nm_808nm_2W,896.0,48.4745,22.0743,1
PEG-GNR_10x41nm_808nm_2W,897.0,48.4807,22.0805,1
PEG-GNR_10x41nm_808nm_2W,898.0,48.4869,22.0866,1
PEG-GNR_10x41nm_808nm_2W,899.0,48.493,22.0928,1
PEG-GNR_10x41nm_808nm_2W,900.0,48.4991,22.0989,1
PEG-GNR_10x41nm_808nm_2W,901.0,48.5052,22.105,1
PEG-GNR_10x41nm_808nm_2W,902.0,48.5113,22.1111,1
PEG-GNR_10x41nm_808nm_2W,903.0,48.5174,22.1172,1
PEG-GNR_10x41nm_808nm_2W,904.0,48.5235,22.1232,1
PEG-GNR_10x41nm_808nm_2W,905.0,48.5295,22.1293,1
PEG-GNR_10x41nm_808nm_2W,906.0,48.5355,22.1353,1
PEG-GNR_10x41nm_808nm_2W,907.0,48.5415,22.1413,1
PEG-GNR_10x41nm_808nm_2W,908.0,48.5475,22.1473,1
PEG-GNR_10x41nm_808nm_2W,909.0,48.5535,22.1533,1
PEG-GNR_10x41nm_808nm_2W,910.0,48.5595,22.1592,1
PEG-GNR_10x41nm_808nm_2W,911.0,48.5654,22.1652,1
PEG-GNR_10x41nm_808nm_2W,912.0,48.5714,22.1711,1
PEG-GNR_10x41nm_808nm_2W,913.0,48.5773,22.177,1
PEG-GNR_10x41nm_808nm_2W,914.0,48.5832,22.1829,1
PEG-GNR_10x41nm_808nm_2W,915.0,48.5891,22.1888,1
PEG-GNR_10x41nm_808nm_2W,916.0,48.5949,22.1947,1
PEG-GNR_10x41nm_808nm_2W,917.0,48.6008,22.2006,1
PEG-GNR_10x41nm_808nm_2W,918.0,48.6066,22.2064,1
PEG-GNR_10x41nm_808nm_2W,919.0,48.6125,22.2122,1
PEG-GNR_10x41nm_808nm_2W,920.0,48.6183,22.218,1
PEG-GNR_10x41nm_808nm_2W,921.0,48.6241,22.2238,1
PEG-GNR_10x41nm_808nm_2W,922.0,48.6298,22.2296,1
PEG-GNR_10x41nm_808nm_2W,923.0,48.6356,22.2354,1
PEG-GNR_10x41nm_808nm_2W,924.0,48.6414,22.2411,1
PEG-GNR_10x41nm_808nm_2W,925.0,48.6471,22.2469,1
PEG-GNR_10x41nm_808nm_2W,926.0,48.6528,22.2526,1
PEG-GNR_10x41nm_808nm_2W,927.0,48.6585,22.2583,1
PEG-GNR_10x41nm_808nm_2W,928.0,48.6642,22.264,1
PEG-GNR_10x41nm_808nm_2W,929.0,48.6699,22.2697,1
PEG-GNR_10x41nm_808nm_2W,930.0,48.6755,22.2753,1
PEG-GNR_10x41nm_808nm_2W,931.0,48.6812,22.281,1
PEG-GNR_10x41nm_808nm_2W,932.0,48.6868,22.2866,1
PEG-GNR_10x41nm_808nm_2W,933.0,48.6924,22.2922,1
PEG-GNR_10x41nm_808nm_2W,934.0,48.698,22.2978,1
PEG-GNR_10x41nm_808nm_2W,935.0,48.7036,22.3034,1
PEG-GNR_10x41nm_808nm_2W,936.0,48.7092,22.309,1
PEG-GNR_10x41nm_808nm_2W,937.0,48.7148,22.3145,1
PEG-GNR_10x41nm_808nm_2W,938.0,48.7203,22.3201,1
PEG-GNR_10x41nm_808nm_2W,939.0,48.7258,22.3256,1
PEG-GNR_10x41nm_808nm_2W,940.0,48.7314,22.3311,1
PEG-GNR_10x41nm_808nm_2W,941.0,48.7369,22.3366,1
PEG-GNR_10x41nm_808nm_2W,942.0,48.7423,22.3421,1
PEG-GNR_10x41nm_808nm_2W,943.0,48.7478,22.3476,1
PEG-GNR_10x41nm_808nm_2W,944.0,48.7533,22.353,1
PEG-GNR_10x41nm_808nm_2W,945.0,48.7587,22.3585,1
PEG-GNR_10x41nm_808nm_2W,946.0,48.7641,22.3639,1
PEG-GNR_10x41nm_808nm_2W,947.0,48.7696,22.3693,1
PEG-GNR_10x41nm_808nm_2W,948.0,48.775,22.3747,1
PEG-GNR_10x41nm_808nm_2W,949.0,48.7804,22.3801,1
PEG-GNR_10x41nm_808nm_2W,950.0,48.7857,22.3855,1
PEG-GNR_10x41nm_808nm_2W,951.0,48.7911,22.3909,1
PEG-GNR_10x41nm_808nm_2W,952.0,48.7964,22.3962,1
PEG-GNR_10x41nm_808nm_2W,953.0,48.8018,22.4015,1
PEG-GNR_10x41nm_808nm_2W,954.0,48.8071,22.4069,1
PEG-GNR_10x41nm_808nm_2W,955.0,48.8124,22.4122,1
PEG-GNR_10x41nm_808nm_2W,956.0,48.8177,22.4175,1
PEG-GNR_10x41nm_808nm_2W,957.0,48.823,22.4227,1
PEG-GNR_10x41nm_808nm_2W,958.0,48.8282,22.428,1
PEG-GNR_10x41nm_808nm_2W,959.0,48.8335,22.4332,1
PEG-GNR_10x41nm_808nm_2W,960.0,48.8387,22.4385,1
PEG-GNR_10x41nm_808nm_2W,961.0,48.8439,22.4437,1
PEG-GNR_10x41nm_808nm_2W,962.0,48.8491,22.4489,1
PEG-GNR_10x41nm_808nm_2W,963.0,48.8543,22.4541,1
PEG-GNR_10x41nm_808nm_2W,964.0,48.8595,22.4593,1
PEG-GNR_10x41nm_808nm_2W,965.0,48.8647,22.4645,1
PEG-GNR_10x41nm_808nm_2W,966.0,48.8698,22.4696,1
PEG-GNR_10x41nm_808nm_2W,967.0,48.875,22.4747,1
PEG-GNR_10x41nm_808nm_2W,968.0,48.8801,22.4799,1
PEG-GNR_10x41nm_808nm_2W,969.0,48.8852,22.485,1
PEG-GNR_10x41nm_808nm_2W,970.0,48.8903,22.4901,1
PEG-GNR_10x41nm_808nm_2W,971.0,48.8954,22.4952,1
PEG-GNR_10x41nm_808nm_2W,972.0,48.9005,22.5003,1
PEG-GNR_10x41nm_808nm_2W,973.0,48.9055,22.5053,1
PEG-GNR_10x41nm_808nm_2W,974.0,48.9106,22.5104,1
PEG-GNR_10x41nm_808nm_2W,975.0,48.9156,22.5154,1
PEG-GNR_10x41nm_808nm_2W,976.0,48.9207,22.5204,1
PEG-GNR_10x41nm_808nm_2W,977.0,48.9257,22.5254,1
PEG-GNR_10x41nm_808nm_2W,978.0,48.9307,22.5304,1
PEG-GNR_10x41nm_808nm_2W,979.0,48.9356,22.5354,1
PEG-GNR_10x41nm_808nm_2W,980.0,48.9406,22.5404,1
PEG-GNR_10x41nm_808nm_2W,981.0,48.9456,22.5453,1
PEG-GNR_10x41nm_808nm_2W,982.0,48.9505,22.5503,1
PEG-GNR_10x41nm_808nm_2W,983.0,48.9554,22.5552,1
PEG-GNR_10x41nm_808nm_2W,984.0,48.9604,22.5601,1
PEG-GNR_10x41nm_808nm_2W,985.0,48.9653,22.565,1
PEG-GNR_10x41nm_808nm_2W,986.0,48.9702,22.5699,1
PEG-GNR_10x41nm_808nm_2W,987.0,48.975,22.5748,1
PEG-GNR_10x41nm_808nm_2W,988.0,48.9799,22.5797,1
PEG-GNR_10x41nm_808nm_2W,989.0,48.9848,22.5845,1
PEG-GNR_10x41nm_808nm_2W,990.0,48.9896,22.5894,1
PEG-GNR_10x41nm_808nm_2W,991.0,48.9944,22.5942,1
PEG-GNR_10x41nm_808nm_2W,992.0,48.9993,22.599,1
PEG-GNR_10x41nm_808nm_2W,993.0,49.0041,22.6038,1
PEG-GNR_10x41nm_808nm_2W,994.0,49.0089,22.6086,1
PEG-GNR_10x41nm_808nm_2W,995.0,49.0136,22.6134,1
PEG-GNR_10x41nm_808nm_2W,996.0,49.0184,22.6182,1
PEG-GNR_10x41nm_808nm_2W,997.0,49.0232,22.6229,1
PEG-GNR_10x41nm_808nm_2W,998.0,49.0279,22.6277,1
PEG-GNR_10x41nm_808nm_2W,999.0,49.0326,22.6324,1
PEG-GNR_10x41nm_808nm_2W,1000.0,49.0373,22.6371,1
PEG-GNR_10x41nm_808nm_2W,1001.0,49.0421,22.6418,1
PEG-GNR_10x41nm_808nm_2W,1002.0,49.0467,22.6465,1
PEG-GNR_10x41nm_808nm_2W,1003.0,49.0514,22.6512,1
PEG-GNR_10x41nm_808nm_2W,1004.0,49.0561,22.6559,1
PEG-GNR_10x41nm_808nm_2W,1005.0,49.0608,22.6605,1
PEG-GNR_10x41nm_808nm_2W,1006.0,49.0654,22.6652,1
PEG-GNR_10x41nm_808nm_2W,1007.0,49.07,22.6698,1
PEG-GNR_10x41nm_808nm_2W,1008.0,49.0747,22.6744,1
PEG-GNR_10x41nm_808nm_2W,1009.0,49.0793,22.679,1
PEG-GNR_10x41nm_808nm_2W,1010.0,49.0839,22.6836,1
PEG-GNR_10x41nm_808nm_2W,1011.0,49.0884,22.6882,1
PEG-GNR_10x41nm_808nm_2W,1012.0,49.093,22.6928,1
PEG-GNR_10x41nm_808nm_2W,1013.0,49.0976,22.6974,1
PEG-GNR_10x41nm_808nm_2W,1014.0,49.1021,22.7019,1
PEG-GNR_10x41nm_808nm_2W,1015.0,49.1067,22.7064,1
PEG-GNR_10x41nm_808nm_2W,1016.0,49.1112,22.711,1
PEG-GNR_10x41nm_808nm_2W,1017.0,49.1157,22.7155,1
PEG-GNR_10x41nm_808nm_2W,1018.0,49.1202,22.72,1
PEG-GNR_10x41nm_808nm_2W,1019.0,49.1247,22.7245,1
PEG-GNR_10x41nm_808nm_2W,1020.0,49.1292,22.729,1
PEG-GNR_10x41nm_808nm_2W,1021.0,49.1336,22.7334,1
PEG-GNR_10x41nm_808nm_2W,1022.0,49.1381,22.7379,1
PEG-GNR_10x41nm_808nm_2W,1023.0,49.1425,22.7423,1
PEG-GNR_10x41nm_808nm_2W,1024.0,49.147,22.7467,1
PEG-GNR_10x41nm_808nm_2W,1025.0,49.1514,22.7512,1
PEG-GNR_10x41nm_808nm_2W,1026.0,49.1558,22.7556,1
PEG-GNR_10x41nm_808nm_2W,1027.0,49.1602,22.76,1
PEG-GNR_10x41nm_808nm_2W,1028.0,49.1646,22.7644,1
PEG-GNR_10x41nm_808nm_2W,1029.0,49.169,22.7687,1
PEG-GNR_10x41nm_808nm_2W,1030.0,49.1733,22.7731,1
PEG-GNR_10x41nm_808nm_2W,1031.0,49.1777,22.7775,1
PEG-GNR_10x41nm_808nm_2W,1032.0,49.182,22.7818,1
PEG-GNR_10x41nm_808nm_2W,1033.0,49.1864,22.7861,1
PEG-GNR_10x41nm_808nm_2W,1034.0,49.1907,22.7904,1
PEG-GNR_10x41nm_808nm_2W,1035.0,49.195,22.7948,1
PEG-GNR_10x41nm_808nm_2W,1036.0,49.1993,22.799,1
PEG-GNR_10x41nm_808nm_2W,1037.0,49.2036,22.8033,1
PEG-GNR_10x41nm_808nm_2W,1038.0,49.2078,22.8076,1
PEG-GNR_10x41nm_808nm_2W,1039.0,49.2121,22.8119,1
PEG-GNR_10x41nm_808nm_2W,1040.0,49.2164,22.8161,1
PEG-GNR_10x41nm_808nm_2W,1041.0,49.2206,22.8204,1
PEG-GNR_10x41nm_808nm_2W,1042.0,49.2248,22.8246,1
PEG-GNR_10x41nm_808nm_2W,1043.0,49.229,22.8288,1
PEG-GNR_10x41nm_808nm_2W,1044.0,49.2332,22.833,1
PEG-GNR_10x41nm_808nm_2W,1045.0,49.2374,22.8372,1
PEG-GNR_10x41nm_808nm_2W,1046.0,49.2416,22.8414,1
PEG-GNR_10x41nm_808nm_2W,1047.0,49.2458,22.8456,1
PEG-GNR_10x41nm_808nm_2W,1048.0,49.25,22.8497,1
PEG-GNR_10x41nm_808nm_2W,1049.0,49.2541,22.8539,1
PEG-GNR_10x41nm_808nm_2W,1050.0,49.2583,22.858,1
PEG-GNR_10x41nm_808nm_2W,1051.0,49.2624,22.8622,1
PEG-GNR_10x41nm_808nm_2W,1052.0,49.2665,22.8663,1
PEG-GNR_10x41nm_808nm_2W,1053.0,49.2706,22.8704,1
PEG-GNR_10x41nm_808nm_2W,1054.0,49.2747,22.8745,1
PEG-GNR_10x41nm_808nm_2W,1055.0,49.2788,22.8786,1
PEG-GNR_10x41nm_808nm_2W,1056.0,49.2829,22.8827,1
PEG-GNR_10x41nm_808nm_2W,1057.0,49.287,22.8867,1
PEG-GNR_10x41nm_808nm_2W,1058.0,49.291,22.8908,1
PEG-GNR_10x41nm_808nm_2W,1059.0,49.2951,22.8948,1
PEG-GNR_10x41nm_808nm_2W,1060.0,49.2991,22.8989,1
PEG-GNR_10x41nm_808nm_2W,1061.0,49.3031,22.9029,1
PEG-GNR_10x41nm_808nm_2W,1062.0,49.3071,22.9069,1
PEG-GNR_10x41nm_808nm_2W,1063.0,49.3111,22.9109,1
PEG-GNR_10x41nm_808nm_2W,1064.0,49.3151,22.9149,1
PEG-GNR_10x41nm_808nm_2W,1065.0,49.3191,22.9189,1
PEG-GNR_10x41nm_808nm_2W,1066.0,49.3231,22.9229,1
PEG-GNR_10x41nm_808nm_2W,1067.0,49.3271,22.9268,1
PEG-GNR_10x41nm_808nm_2W,1068.0,49.331,22.9308,1
PEG-GNR_10x41nm_808nm_2W,1069.0,49.335,22.9347,1
PEG-GNR_10x41nm_808nm_2W,1070.0,49.3389,22.9387,1
PEG-GNR_10x41nm_808nm_2W,1071.0,49.3428,22.9426,1
PEG-GNR_10x41nm_808nm_2W,1072.0,49.3467,22.9465,1
PEG-GNR_10x41nm_808nm_2W,1073.0,49.3506,22.9504,1
PEG-GNR_10x41nm_808nm_2W,1074.0,49.3545,22.9543,1
PEG-GNR_10x41nm_808nm_2W,1075.0,49.3584,22.9582,1
PEG-GNR_10x41nm_808nm_2W,1076.0,49.3623,22.962,1
PEG-GNR_10x41nm_808nm_2W,1077.0,49.3661,22.9659,1
PEG-GNR_10x41nm_808nm_2W,1078.0,49.37,22.9698,1
PEG-GNR_10x41nm_808nm_2W,1079.0,49.3738,22.9736,1
PEG-GNR_10x41nm_808nm_2W,1080.0,49.3777,22.9774,1
PEG-GNR_10x41nm_808nm_2W,1081.0,49.3815,22.9812,1
PEG-GNR_10x41nm_808nm_2W,1082.0,49.3853,22.9851,1
PEG-GNR_10x41nm_808nm_2W,1083.0,49.3891,22.9889,1
PEG-GNR_10x41nm_808nm_2W,1084.0,49.3929,22.9926,1
PEG-GNR_10x41nm_808nm_2W,1085.0,49.3967,22.9964,1
PEG-GNR_10x41nm_808nm_2W,1086.0,49.4004,23.0002,1
PEG-GNR_10x41nm_808nm_2W,1087.0,49.4042,23.004,1
PEG-GNR_10x41nm_808nm_2W,1088.0,49.4079,23.0077,1
PEG-GNR_10x41nm_808nm_2W,1089.0,49.4117,23.0115,1
PEG-GNR_10x41nm_808nm_2W,1090.0,49.4154,23.0152,1
PEG-GNR_10x41nm_808nm_2W,1091.0,49.4191,23.0189,1
PEG-GNR_10x41nm_808nm_2W,1092.0,49.4229,23.0226,1
PEG-GNR_10x41nm_808nm_2W,1093.0,49.4266,23.0263,1
PEG-GNR_10x41nm_808nm_2W,1094.0,49.4303,23.03,1
PEG-GNR_10x41nm_808nm_2W,1095.0,49.4339,23.0337,1
PEG-GNR_10x41nm_808nm_2W,1096.0,49.4376,23.0374,1
PEG-GNR_10x41nm_808nm_2W,1097.0,49.4413,23.0411,1
PEG-GNR_10x41nm_808nm_2W,1098.0,49.4449,23.0447,1
PEG-GNR_10x41nm_808nm_2W,1099.0,49.4486,23.0484,1
PEG-GNR_10x41nm_808nm_2W,1100.0,49.4522,23.052,1
PEG-GNR_10x41nm_808nm_2W,1101.0,49.4558,23.0556,1
PEG-GNR_10x41nm_808nm_2W,1102.0,49.4595,23.0592,1
PEG-GNR_10x41nm_808nm_2W,1103.0,49.4631,23.0628,1
PEG-GNR_10x41nm_808nm_2W,1104.0,49.4667,23.0664,1
PEG-GNR_10x41nm_808nm_2W,1105.0,49.4703,23.07,1
PEG-GNR_10x41nm_808nm_2W,1106.0,49.4738,23.0736,1
PEG-GNR_10x41nm_808nm_2W,1107.0,49.4774,23.0772,1
PEG-GNR_10x41nm_808nm_2W,1108.0,49.481,23.0807,1
PEG-GNR_10x41nm_808nm_2W,1109.0,49.4845,23.0843,1
PEG-GNR_10x41nm_808nm_2W,1110.0,49.4881,23.0878,1
PEG-GNR_10x41nm_808nm_2W,1111.0,49.4916,23.0914,1
PEG-GNR_10x41nm_808nm_2W,1112.0,49.4951,23.0949,1
PEG-GNR_10x41nm_808nm_2W,1113.0,49.4986,23.0984,1
PEG-GNR_10x41nm_808nm_2W,1114.0,49.5022,23.1019,1
PEG-GNR_10x41nm_808nm_2W,1115.0,49.5056,23.1054,1
PEG-GNR_10x41nm_808nm_2W,1116.0,49.5091,23.1089,1
PEG-GNR_10x41nm_808nm_2W,1117.0,49.5126,23.1124,1
PEG-GNR_10x41nm_808nm_2W,1118.0,49.5161,23.1159,1
PEG-GNR_10x41nm_808nm_2W,1119.0,49.5195,23.1193,1
PEG-GNR_10x41nm_808nm_2W,1120.0,49.523,23.1228,1
PEG-GNR_10x41nm_808nm_2W,1121.0,49.5264,23.1262,1
PEG-GNR_10x41nm_808nm_2W,1122.0,49.5299,23.1297,1
PEG-GNR_10x41nm_808nm_2W,1123.0,49.5333,23.1331,1
PEG-GNR_10x41nm_808nm_2W,1124.0,49.5367,23.1365,1
PEG-GNR_10x41nm_808nm_2W,1125.0,49.5401,23.1399,1
PEG-GNR_10x41nm_808nm_2W,1126.0,49.5435,23.1433,1
PEG-GNR_10x41nm_808nm_2W,1127.0,49.5469,23.1467,1
PEG-GNR_10x41nm_808nm_2W,1128.0,49.5503,23.1501,1
PEG-GNR_10x41nm_808nm_2W,1129.0,49.5537,23.1534,1
PEG-GNR_10x41nm_808nm_2W,1130.0,49.557,23.1568,1
PEG-GNR_10x41nm_808nm_2W,1131.0,49.5604,23.1602,1
PEG-GNR_10x41nm_808nm_2W,1132.0,49.5637,23.1635,1
PEG-GNR_10x41nm_808nm_2W,1133.0,49.5671,23.1668,1
PEG-GNR_10x41nm_808nm_2W,1134.0,49.5704,23.1702,1
PEG-GNR_10x41nm_808nm_2W,1135.0,49.5737,23.1735,1
PEG-GNR_10x41nm_808nm_2W,1136.0,49.577,23.1768,1
PEG-GNR_10x41nm_808nm_2W,1137.0,49.5803,23.1801,1
PEG-GNR_10x41nm_808nm_2W,1138.0,49.5836,23.1834,1
PEG-GNR_10x41nm_808nm_2W,1139.0,49.5869,23.1867,1
PEG-GNR_10x41nm_808nm_2W,1140.0,49.5902,23.19,1
PEG-GNR_10x41nm_808nm_2W,1141.0,49.5935,23.1932,1
PEG-GNR_10x41nm_808nm_2W,1142.0,49.5967,23.1965,1
PEG-GNR_10x41nm_808nm_2W,1143.0,49.6,23.1997,1
PEG-GNR_10x41nm_808nm_2W,1144.0,49.6032,23.203,1
PEG-GNR_10x41nm_808nm_2W,1145.0,49.6065,23.2062,1
PEG-GNR_10x41nm_808nm_2W,1146.0,49.6097,23.2095,1
PEG-GNR_10x41nm_808nm_2W,1147.0,49.6129,23.2127,1
PEG-GNR_10x41nm_808nm_2W,1148.0,49.6161,23.2159,1
PEG-GNR_10x41nm_808nm_2W,1149.0,49.6193,23.2191,1
PEG-GNR_10x41nm_808nm_2W,1150.0,49.6225,23.2223,1
PEG-GNR_10x41nm_808nm_2W,1151.0,49.6257,23.2255,1
PEG-GNR_10x41nm_808nm_2W,1152.0,49.6289,23.2286,1
PEG-GNR_10x41nm_808nm_2W,1153.0,49.632,23.2318,1
PEG-GNR_10x41nm_808nm_2W,1154.0,49.6352,23.235,1
PEG-GNR_10x41nm_808nm_2W,1155.0,49.6383,23.2381,1
PEG-GNR_10x41nm_808nm_2W,1156.0,49.6415,23.2413,1
PEG-GNR_10x41nm_808nm_2W,1157.0,49.6446,23.2444,1
PEG-GNR_10x41nm_808nm_2W,1158.0,49.6477,23.2475,1
PEG-GNR_10x41nm_808nm_2W,1159.0,49.6509,23.2506,1
PEG-GNR_10x41nm_808nm_2W,1160.0,49.654,23.2537,1
PEG-GNR_10x41nm_808nm_2W,1161.0,49.6571,23.2569,1
PEG-GNR_10x41nm_808nm_2W,1162.0,49.6602,23.2599,1
PEG-GNR_10x41nm_808nm_2W,1163.0,49.6633,23.263,1
PEG-GNR_10x41nm_808nm_2W,1164.0,49.6663,23.2661,1
PEG-GNR_10x41nm_808nm_2W,1165.0,49.6694,23.2692,1
PEG-GNR_10x41nm_808nm_2W,1166.0,49.6725,23.2722,1
PEG-GNR_10x41nm_808nm_2W,1167.0,49.6755,23.2753,1
PEG-GNR_10x41nm_808nm_2W,1168.0,49.6786,23.2783,1
PEG-GNR_10x41nm_808nm_2W,1169.0,49.6816,23.2814,1
PEG-GNR_10x41nm_808nm_2W,1170.0,49.6846,23.2844,1
PEG-GNR_10x41nm_808nm_2W,1171.0,49.6877,23.2874,1
PEG-GNR_10x41nm_808nm_2W,1172.0,49.6907,23.2905,1
PEG-GNR_10x41nm_808nm_2W,1173.0,49.6937,23.2935,1
PEG-GNR_10x41nm_808nm_2W,1174.0,49.6967,23.2965,1
PEG-GNR_10x41nm_808nm_2W,1175.0,49.6997,23.2995,1
PEG-GNR_10x41nm_808nm_2W,1176.0,49.7027,23.3024,1
PEG-GNR_10x41nm_808nm_2W,1177.0,49.7056,23.3054,1
PEG-GNR_10x41nm_808nm_2W,1178.0,49.7086,23.3084,1
PEG-GNR_10x41nm_808nm_2W,1179.0,49.7116,23.3113,1
PEG-GNR_10x41nm_808nm_2W,1180.0,49.7145,23.3143,1
PEG-GNR_10x41nm_808nm_2W,1181.0,49.7175,23.3172,1
PEG-GNR_10x41nm_808nm_2W,1182.0,49.7204,23.3202,1
PEG-GNR_10x41nm_808nm_2W,1183.0,49.7233,23.3231,1
PEG-GNR_10x41nm_808nm_2W,1184.0,49.7263,23.326,1
PEG-GNR_10x41nm_808nm_2W,1185.0,49.7292,23.3289,1
PEG-GNR_10x41nm_808nm_2W,1186.0,49.7321,23.3319,1
PEG-GNR_10x41nm_808nm_2W,1187.0,49.735,23.3348,1
PEG-GNR_10x41nm_808nm_2W,1188.0,49.7379,23.3376,1
PEG-GNR_10x41nm_808nm_2W,1189.0,49.7408,23.3405,1
PEG-GNR_10x41nm_808nm_2W,1190.0,49.7436,23.3434,1
PEG-GNR_10x41nm_808nm_2W,1191.0,49.7465,23.3463,1
PEG-GNR_10x41nm_808nm_2W,1192.0,49.7494,23.3491,1
PEG-GNR_10x41nm_808nm_2W,1193.0,49.7522,23.352,1
PEG-GNR_10x41nm_808nm_2W,1194.0,49.7551,23.3548,1
PEG-GNR_10x41nm_808nm_2W,1195.0,49.7579,23.3577,1
PEG-GNR_10x41nm_808nm_2W,1196.0,49.7607,23.3605,1
PEG-GNR_10x41nm_808nm_2W,1197.0,49.7636,23.3633,1
PEG-GNR_10x41nm_808nm_2W,1198.0,49.7664,23.3662,1
PEG-GNR_10x41nm_808nm_2W,1199.0,49.7692,23.369,1
PEG-GNR_10x41nm_808nm_2W,1200.0,49.772,23.3718,1
PEG-GNR_10x41nm_808nm_2W,1201.0,49.7748,23.3746,1
PEG-GNR_10x41nm_808nm_2W,1202.0,49.7776,23.3774,1
PEG-GNR_10x41nm_808nm_2W,1203.0,49.7804,23.3801,1
PEG-GNR_10x41nm_808nm_2W,1204.0,49.7831,23.3829,1
PEG-GNR_10x41nm_808nm_2W,1205.0,49.7859,23.3857,1
PEG-GNR_10x41nm_808nm_2W,1206.0,49.7887,23.3884,1
PEG-GNR_10x41nm_808nm_2W,1207.0,49.7914,23.3912,1
PEG-GNR_10x41nm_808nm_2W,1208.0,49.7942,23.3939,1
PEG-GNR_10x41nm_808nm_2W,1209.0,49.7969,23.3967,1
PEG-GNR_10x41nm_808nm_2W,1210.0,49.7996,23.3994,1
PEG-GNR_10x41nm_808nm_2W,1211.0,49.8024,23.4021,1
PEG-GNR_10x41nm_808nm_2W,1212.0,49.8051,23.4049,1
PEG-GNR_10x41nm_808nm_2W,1213.0,49.8078,23.4076,1
PEG-GNR_10x41nm_808nm_2W,1214.0,49.8105,23.4103,1
PEG-GNR_10x41nm_808nm_2W,1215.0,49.8132,23.413,1
PEG-GNR_10x41nm_808nm_2W,1216.0,49.8159,23.4156,1
PEG-GNR_10x41nm_808nm_2W,1217.0,49.8186,23.4183,1
PEG-GNR_10x41nm_808nm_2W,1218.0,49.8212,23.421,1
PEG-GNR_10x41nm_808nm_2W,1219.0,49.8239,23.4237,1
PEG-GNR_10x41nm_808nm_2W,1220.0,49.8266,23.4263,1
PEG-GNR_10x41nm_808nm_2W,1221.0,49.8292,23.429,1
PEG-GNR_10x41nm_808nm_2W,1222.0,49.8319,23.4316,1
PEG-GNR_10x41nm_808nm_2W,1223.0,49.8345,23.4343,1
PEG-GNR_10x41nm_808nm_2W,1224.0,49.8371,23.4369,1
PEG-GNR_10x41nm_808nm_2W,1225.0,49.8398,23.4395,1
PEG-GNR_10x41nm_808nm_2W,1226.0,49.8424,23.4422,1
PEG-GNR_10x41nm_808nm_2W,1227.0,49.845,23.4448,1
PEG-GNR_10x41nm_808nm_2W,1228.0,49.8476,23.4474,1
PEG-GNR_10x41nm_808nm_2W,1229.0,49.8502,23.45,1
PEG-GNR_10x41nm_808nm_2W,1230.0,49.8528,23.4526,1
PEG-GNR_10x41nm_808nm_2W,1231.0,49.8554,23.4552,1
PEG-GNR_10x41nm_808nm_2W,1232.0,49.858,23.4577,1
PEG-GNR_10x41nm_808nm_2W,1233.0,49.8605,23.4603,1
PEG-GNR_10x41nm_808nm_2W,1234.0,49.8631,23.4629,1
PEG-GNR_10x41nm_808nm_2W,1235.0,49.8657,23.4654,1
PEG-GNR_10x41nm_808nm_2W,1236.0,49.8682,23.468,1
PEG-GNR_10x41nm_808nm_2W,1237.0,49.8708,23.4705,1
PEG-GNR_10x41nm_808nm_2W,1238.0,49.8733,23.4731,1
PEG-GNR_10x41nm_808nm_2W,1239.0,49.8758,23.4756,1
PEG-GNR_10x41nm_808nm_2W,1240.0,49.8784,23.4781,1
PEG-GNR_10x41nm_808nm_2W,1241.0,49.8809,23.4806,1
PEG-GNR_10x41nm_808nm_2W,1242.0,49.8834,23.4832,1
PEG-GNR_10x41nm_808nm_2W,1243.0,49.8859,23.4857,1
PEG-GNR_10x41nm_808nm_2W,1244.0,49.8884,23.4882,1
PEG-GNR_10x41nm_808nm_2W,1245.0,49.8909,23.4907,1
PEG-GNR_10x41nm_808nm_2W,1246.0,49.8934,23.4931,1
PEG-GNR_10x41nm_808nm_2W,1247.0,49.8959,23.4956,1
PEG-GNR_10x41nm_808nm_2W,1248.0,49.8983,23.4981,1
PEG-GNR_10x41nm_808nm_2W,1249.0,49.9008,23.5006,1
PEG-GNR_10x41nm_808nm_2W,1250.0,49.9033,23.503,1
PEG-GNR_10x41nm_808nm_2W,1251.0,49.9057,23.5055,1
PEG-GNR_10x41nm_808nm_2W,1252.0,49.9082,23.5079,1
PEG-GNR_10x41nm_808nm_2W,1253.0,49.9106,23.5104,1
PEG-GNR_10x41nm_808nm_2W,1254.0,49.913,23.5128,1
PEG-GNR_10x41nm_808nm_2W,1255.0,49.9155,23.5152,1
PEG-GNR_10x41nm_808nm_2W,1256.0,49.9179,23.5177,1
PEG-GNR_10x41nm_808nm_2W,1257.0,49.9203,23.5201,1
PEG-GNR_10x41nm_808nm_2W,1258.0,49.9227,23.5225,1
PEG-GNR_10x41nm_808nm_2W,1259.0,49.9251,23.5249,1
PEG-GNR_10x41nm_808nm_2W,1260.0,49.9275,23.5273,1
PEG-GNR_10x41nm_808nm_2W,1261.0,49.9299,23.5297,1
PEG-GNR_10x41nm_808nm_2W,1262.0,49.9323,23.5321,1
PEG-GNR_10x41nm_808nm_2W,1263.0,49.9347,23.5345,1
PEG-GNR_10x41nm_808nm_2W,1264.0,49.9371,23.5368,1
PEG-GNR_10x41nm_808nm_2W,1265.0,49.9394,23.5392,1
PEG-GNR_10x41nm_808nm_2W,1266.0,49.9418,23.5416,1
PEG-GNR_10x41nm_808nm_2W,1267.0,49.9441,23.5439,1
PEG-GNR_10x41nm_808nm_2W,1268.0,49.9465,23.5463,1
PEG-GNR_10x41nm_808nm_2W,1269.0,49.9488,23.5486,1
PEG-GNR_10x41nm_808nm_2W,1270.0,49.9512,23.5509,1
PEG-GNR_10x41nm_808nm_2W,1271.0,49.9535,23.5533,1
PEG-GNR_10x41nm_808nm_2W,1272.0,49.9558,23.5556,1
PEG-GNR_10x41nm_808nm_2W,1273.0,49.9581,23.5579,1
PEG-GNR_10x41nm_808nm_2W,1274.0,49.9604,23.5602,1
PEG-GNR_10x41nm_808nm_2W,1275.0,49.9628,23.5625,1
PEG-GNR_10x41nm_808nm_2W,1276.0,49.9651,23.5648,1
PEG-GNR_10x41nm_808nm_2W,1277.0,49.9673,23.5671,1
PEG-GNR_10x41nm_808nm_2W,1278.0,49.9696,23.5694,1
PEG-GNR_10x41nm_808nm_2W,1279.0,49.9719,23.5717,1
PEG-GNR_10x41nm_808nm_2W,1280.0,49.9742,23.574,1
PEG-GNR_10x41nm_808nm_2W,1281.0,49.9765,23.5762,1
PEG-GNR_10x41nm_808nm_2W,1282.0,49.9787,23.5785,1
PEG-GNR_10x41nm_808nm_2W,1283.0,49.981,23.5808,1
PEG-GNR_10x41nm_808nm_2W,1284.0,49.9832,23.583,1
PEG-GNR_10x41nm_808nm_2W,1285.0,49.9855,23.5853,1
PEG-GNR_10x41nm_808nm_2W,1286.0,49.9877,23.5875,1
PEG-GNR_10x41nm_808nm_2W,1287.0,49.99,23.5897,1
PEG-GNR_10x41nm_808nm_2W,1288.0,49.9922,23.592,1
PEG-GNR_10x41nm_808nm_2W,1289.0,49.9944,23.5942,1
PEG-GNR_10x41nm_808nm_2W,1290.0,49.9966,23.5964,1
PEG-GNR_10x41nm_808nm_2W,1291.0,49.9988,23.5986,1
PEG-GNR_10x41nm_808nm_2W,1292.0,50.0011,23.6008,1
PEG-GNR_10x41nm_808nm_2W,1293.0,50.0033,23.603,1
PEG-GNR_10x41nm_808nm_2W,1294.0,50.0054,23.6052,1
PEG-GNR_10x41nm_808nm_2W,1295.0,50.0076,23.6074,1
PEG-GNR_10x41nm_808nm_2W,1296.0,50.0098,23.6096,1
PEG-GNR_10x41nm_808nm_2W,1297.0,50.012,23.6118,1
PEG-GNR_10x41nm_808nm_2W,1298.0,50.0142,23.6139,1
PEG-GNR_10x41nm_808nm_2W,1299.0,50.0163,23.6161,1
PEG-GNR_10x41nm_808nm_2W,1300.0,50.0185,23.6183,1
PEG-GNR_10x41nm_808nm_2W,1301.0,50.0207,23.6204,1
PEG-GNR_10x41nm_808nm_2W,1302.0,50.0228,23.6226,1
PEG-GNR_10x41nm_808nm_2W,1303.0,50.0249,23.6247,1
PEG-GNR_10x41nm_808nm_2W,1304.0,50.0271,23.6269,1
PEG-GNR_10x41nm_808nm_2W,1305.0,50.0292,23.629,1
PEG-GNR_10x41nm_808nm_2W,1306.0,50.0313,23.6311,1
PEG-GNR_10x41nm_808nm_2W,1307.0,50.0335,23.6332,1
PEG-GNR_10x41nm_808nm_2W,1308.0,50.0356,23.6354,1
PEG-GNR_10x41nm_808nm_2W,1309.0,50.0377,23.6375,1
PEG-GNR_10x41nm_808nm_2W,1310.0,50.0398,23.6396,1
PEG-GNR_10x41nm_808nm_2W,1311.0,50.0419,23.6417,1
PEG-GNR_10x41nm_808nm_2W,1312.0,50.044,23.6438,1
PEG-GNR_10x41nm_808nm_2W,1313.0,50.0461,23.6459,1
PEG-GNR_10x41nm_808nm_2W,1314.0,50.0482,23.6479,1
PEG-GNR_10x41nm_808nm_2W,1315.0,50.0502,23.65,1
PEG-GNR_10x41nm_808nm_2W,1316.0,50.0523,23.6521,1
PEG-GNR_10x41nm_808nm_2W,1317.0,50.0544,23.6542,1
PEG-GNR_10x41nm_808nm_2W,1318.0,50.0564,23.6562,1
PEG-GNR_10x41nm_808nm_2W,1319.0,50.0585,23.6583,1
PEG-GNR_10x41nm_808nm_2W,1320.0,50.0606,23.6603,1
PEG-GNR_10x41nm_808nm_2W,1321.0,50.0626,23.6624,1
PEG-GNR_10x41nm_808nm_2W,1322.0,50.0646,23.6644,1
PEG-GNR_10x41nm_808nm_2W,1323.0,50.0667,23.6664,1
PEG-GNR_10x41nm_808nm_2W,1324.0,50.0687,23.6685,1
PEG-GNR_10x41nm_808nm_2W,1325.0,50.0707,23.6705,1
PEG-GNR_10x41nm_808nm_2W,1326.0,50.0728,23.6725,1
PEG-GNR_10x41nm_808nm_2W,1327.0,50.0748,23.6745,1
PEG-GNR_10x41nm_808nm_2W,1328.0,50.0768,23.6765,1
PEG-GNR_10x41nm_808nm_2W,1329.0,50.0788,23.6785,1
PEG-GNR_10x41nm_808nm_2W,1330.0,50.0808,23.6805,1
PEG-GNR_10x41nm_808nm_2W,1331.0,50.0828,23.6825,1
PEG-GNR_10x41nm_808nm_2W,1332.0,50.0848,23.6845,1
PEG-GNR_10x41nm_808nm_2W,1333.0,50.0867,23.6865,1
PEG-GNR_10x41nm_808nm_2W,1334.0,50.0887,23.6885,1
PEG-GNR_10x41nm_808nm_2W,1335.0,50.0907,23.6905,1
PEG-GNR_10x41nm_808nm_2W,1336.0,50.0927,23.6924,1
PEG-GNR_10x41nm_808nm_2W,1337.0,50.0946,23.6944,1
PEG-GNR_10x41nm_808nm_2W,1338.0,50.0966,23.6963,1
PEG-GNR_10x41nm_808nm_2W,1339.0,50.0985,23.6983,1
PEG-GNR_10x41nm_808nm_2W,1340.0,50.1005,23.7002,1
PEG-GNR_10x41nm_808nm_2W,1341.0,50.1024,23.7022,1
PEG-GNR_10x41nm_808nm_2W,1342.0,50.1044,23.7041,1
PEG-GNR_10x41nm_808nm_2W,1343.0,50.1063,23.7061,1
PEG-GNR_10x41nm_808nm_2W,1344.0,50.1082,23.708,1
PEG-GNR_10x41nm_808nm_2W,1345.0,50.1101,23.7099,1
PEG-GNR_10x41nm_808nm_2W,1346.0,50.1121,23.7118,1
PEG-GNR_10x41nm_808nm_2W,1347.0,50.114,23.7137,1
PEG-GNR_10x41nm_808nm_2W,1348.0,50.1159,23.7156,1
PEG-GNR_10x41nm_808nm_2W,1349.0,50.1178,23.7175,1
PEG-GNR_10x41nm_808nm_2W,1350.0,50.1197,23.7194,1
PEG-GNR_10x41nm_808nm_2W,1351.0,50.1216,23.7213,1
PEG-GNR_10x41nm_808nm_2W,1352.0,50.1235,23.7232,1
PEG-GNR_10x41nm_808nm_2W,1353.0,50.1253,23.7251,1
PEG-GNR_10x41nm_808nm_2W,1354.0,50.1272,23.727,1
PEG-GNR_10x41nm_808nm_2W,1355.0,50.1291,23.7289,1
PEG-GNR_10x41nm_808nm_2W,1356.0,50.131,23.7307,1
PEG-GNR_10x41nm_808nm_2W,1357.0,50.1328,23.7326,1
PEG-GNR_10x41nm_808nm_2W,1358.0,50.1347,23.7344,1
PEG-GNR_10x41nm_808nm_2W,1359.0,50.1365,23.7363,1
PEG-GNR_10x41nm_808nm_2W,1360.0,50.1384,23.7381,1
PEG-GNR_10x41nm_808nm_2W,1361.0,50.1402,23.74,1
PEG-GNR_10x41nm_808nm_2W,1362.0,50.1421,23.7418,1
PEG-GNR_10x41nm_808nm_2W,1363.0,50.1439,23.7437,1
PEG-GNR_10x41nm_808nm_2W,1364.0,50.1457,23.7455,1
PEG-GNR_10x41nm_808nm_2W,1365.0,50.1475,23.7473,1
PEG-GNR_10x41nm_808nm_2W,1366.0,50.1494,23.7491,1
PEG-GNR_10x41nm_808nm_2W,1367.0,50.1512,23.751,1
PEG-GNR_10x41nm_808nm_2W,1368.0,50.153,23.7528,1
PEG-GNR_10x41nm_808nm_2W,1369.0,50.1548,23.7546,1
PEG-GNR_10x41nm_808nm_2W,1370.0,50.1566,23.7564,1
PEG-GNR_10x41nm_808nm_2W,1371.0,50.1584,23.7582,1
PEG-GNR_10x41nm_808nm_2W,1372.0,50.1602,23.76,1
PEG-GNR_10x41nm_808nm_2W,1373.0,50.162,23.7617,1
PEG-GNR_10x41nm_808nm_2W,1374.0,50.1638,23.7635,1
PEG-GNR_10x41nm_808nm_2W,1375.0,50.1655,23.7653,1
PEG-GNR_10x41nm_808nm_2W,1376.0,50.1673,23.7671,1
PEG-GNR_10x41nm_808nm_2W,1377.0,50.1691,23.7688,1
PEG-GNR_10x41nm_808nm_2W,1378.0,50.1708,23.7706,1
PEG-GNR_10x41nm_808nm_2W,1379.0,50.1726,23.7724,1
PEG-GNR_10x41nm_808nm_2W,1380.0,50.1743,23.7741,1
PEG-GNR_10x41nm_808nm_2W,1381.0,50.1761,23.7759,1
PEG-GNR_10x41nm_808nm_2W,1382.0,50.1778,23.7776,1
PEG-GNR_10x41nm_808nm_2W,1383.0,50.1796,23.7794,1
PEG-GNR_10x41nm_808nm_2W,1384.0,50.1813,23.7811,1
PEG-GNR_10x41nm_808nm_2W,1385.0,50.1831,23.7828,1
PEG-GNR_10x41nm_808nm_2W,1386.0,50.1848,23.7846,1
PEG-GNR_10x41nm_808nm_2W,1387.0,50.1865,23.7863,1
PEG-GNR_10x41nm_808nm_2W,1388.0,50.1882,23.788,1
PEG-GNR_10x41nm_808nm_2W,1389.0,50.1899,23.7897,1
PEG-GNR_10x41nm_808nm_2W,1390.0,50.1916,23.7914,1
PEG-GNR_10x41nm_808nm_2W,1391.0,50.1934,23.7931,1
PEG-GNR_10x41nm_808nm_2W,1392.0,50.1951,23.7948,1
PEG-GNR_10x41nm_808nm_2W,1393.0,50.1967,23.7965,1
PEG-GNR_10x41nm_808nm_2W,1394.0,50.1984,23.7982,1
PEG-GNR_10x41nm_808nm_2W,1395.0,50.2001,23.7999,1
PEG-GNR_10x41nm_808nm_2W,1396.0,50.2018,23.8016,1
PEG-GNR_10x41nm_808nm_2W,1397.0,50.2035,23.8033,1
PEG-GNR_10x41nm_808nm_2W,1398.0,50.2052,23.8049,1
PEG-GNR_10x41nm_808nm_2W,1399.0,50.2068,23.8066,1
PEG-GNR_10x41nm_808nm_2W,1400.0,50.2085,23.8083,1
PEG-GNR_10x41nm_808nm_2W,1401.0,50.2102,23.8099,1
PEG-GNR_10x41nm_808nm_2W,1402.0,50.2118,23.8116,1
PEG-GNR_10x41nm_808nm_2W,1403.0,50.2135,23.8132,1
PEG-GNR_10x41nm_808nm_2W,1404.0,50.2151,23.8149,1
PEG-GNR_10x41nm_808nm_2W,1405.0,50.2168,23.8165,1
PEG-GNR_10x41nm_808nm_2W,1406.0,50.2184,23.8182,1
PEG-GNR_10x41nm_808nm_2W,1407.0,50.22,23.8198,1
PEG-GNR_10x41nm_808nm_2W,1408.0,50.2217,23.8214,1
PEG-GNR_10x41nm_808nm_2W,1409.0,50.2233,23.8231,1
PEG-GNR_10x41nm_808nm_2W,1410.0,50.2249,23.8247,1
PEG-GNR_10x41nm_808nm_2W,1411.0,50.2265,23.8263,1
PEG-GNR_10x41nm_808nm_2W,1412.0,50.2282,23.8279,1
PEG-GNR_10x41nm_808nm_2W,1413.0,50.2298,23.8295,1
PEG-GNR_10x41nm_808nm_2W,1414.0,50.2314,23.8311,1
PEG-GNR_10x41nm_808nm_2W,1415.0,50.233,23.8327,1
PEG-GNR_10x41nm_808nm_2W,1416.0,50.2346,23.8343,1
PEG-GNR_10x41nm_808nm_2W,1417.0,50.2362,23.8359,1
PEG-GNR_10x41nm_808nm_2W,1418.0,50.2378,23.8375,1
PEG-GNR_10x41nm_808nm_2W,1419.0,50.2393,23.8391,1
PEG-GNR_10x41nm_808nm_2W,1420.0,50.2409,23.8407,1
PEG-GNR_10x41nm_808nm_2W,1421.0,50.2425,23.8423,1
PEG-GNR_10x41nm_808nm_2W,1422.0,50.2441,23.8438,1
PEG-GNR_10x41nm_808nm_2W,1423.0,50.2456,23.8454,1
PEG-GNR_10x41nm_808nm_2W,1424.0,50.2472,23.847,1
PEG-GNR_10x41nm_808nm_2W,1425.0,50.2488,23.8485,1
PEG-GNR_10x41nm_808nm_2W,1426.0,50.2503,23.8501,1
PEG-GNR_10x41nm_808nm_2W,1427.0,50.2519,23.8516,1
PEG-GNR_10x41nm_808nm_2W,1428.0,50.2534,23.8532,1
PEG-GNR_10x41nm_808nm_2W,1429.0,50.255,23.8547,1
PEG-GNR_10x41nm_808nm_2W,1430.0,50.2565,23.8563,1
PEG-GNR_10x41nm_808nm_2W,1431.0,50.258,23.8578,1
PEG-GNR_10x41nm_808nm_2W,1432.0,50.2596,23.8593,1
PEG-GNR_10x41nm_808nm_2W,1433.0,50.2611,23.8609,1
PEG-GNR_10x41nm_808nm_2W,1434.0,50.2626,23.8624,1
PEG-GNR_10x41nm_808nm_2W,1435.0,50.2641,23.8639,1
PEG-GNR_10x41nm_808nm_2W,1436.0,50.2657,23.8654,1
PEG-GNR_10x41nm_808nm_2W,1437.0,50.2672,23.8669,1
PEG-GNR_10x41nm_808nm_2W,1438.0,50.2687,23.8685,1
PEG-GNR_10x41nm_808nm_2W,1439.0,50.2702,23.87,1
PEG-GNR_10x41nm_808nm_2W,1440.0,50.2717,23.8715,1
PEG-GNR_10x41nm_808nm_2W,1441.0,50.2732,23.873,1
PEG-GNR_10x41nm_808nm_2W,1442.0,50.2747,23.8745,1
PEG-GNR_10x41nm_808nm_2W,1443.0,50.2762,23.8759,1
PEG-GNR_10x41nm_808nm_2W,1444.0,50.2777,23.8774,1
PEG-GNR_10x41nm_808nm_2W,1445.0,50.2791,23.8789,1
PEG-GNR_10x41nm_808nm_2W,1446.0,50.2806,23.8804,1
PEG-GNR_10x41nm_808nm_2W,1447.0,50.2821,23.8819,1
PEG-GNR_10x41nm_808nm_2W,1448.0,50.2836,23.8833,1
PEG-GNR_10x41nm_808nm_2W,1449.0,50.285,23.8848,1
PEG-GNR_10x41nm_808nm_2W,1450.0,50.2865,23.8863,1
PEG-GNR_10x41nm_808nm_2W,1451.0,50.2879,23.8877,1
PEG-GNR_10x41nm_808nm_2W,1452.0,50.2894,23.8892,1
PEG-GNR_10x41nm_808nm_2W,1453.0,50.2909,23.8906,1
PEG-GNR_10x41nm_808nm_2W,1454.0,50.2923,23.8921,1
PEG-GNR_10x41nm_808nm_2W,1455.0,50.2937,23.8935,1
PEG-GNR_10x41nm_808nm_2W,1456.0,50.2952,23.895,1
PEG-GNR_10x41nm_808nm_2W,1457.0,50.2966,23.8964,1
PEG-GNR_10x41nm_808nm_2W,1458.0,50.298,23.8978,1
PEG-GNR_10x41nm_808nm_2W,1459.0,50.2995,23.8992,1
PEG-GNR_10x41nm_808nm_2W,1460.0,50.3009,23.9007,1
PEG-GNR_10x41nm_808nm_2W,1461.0,50.3023,23.9021,1
PEG-GNR_10x41nm_808nm_2W,1462.0,50.3037,23.9035,1
PEG-GNR_10x41nm_808nm_2W,1463.0,50.3052,23.9049,1
PEG-GNR_10x41nm_808nm_2W,1464.0,50.3066,23.9063,1
PEG-GNR_10x41nm_808nm_2W,1465.0,50.308,23.9077,1
PEG-GNR_10x41nm_808nm_2W,1466.0,50.3094,23.9091,1
PEG-GNR_10x41nm_808nm_2W,1467.0,50.3108,23.9105,1
PEG-GNR_10x41nm_808nm_2W,1468.0,50.3122,23.9119,1
PEG-GNR_10x41nm_808nm_2W,1469.0,50.3136,23.9133,1
PEG-GNR_10x41nm_808nm_2W,1470.0,50.3149,23.9147,1
PEG-GNR_10x41nm_808nm_2W,1471.0,50.3163,23.9161,1
PEG-GNR_10x41nm_808nm_2W,1472.0,50.3177,23.9175,1
PEG-GNR_10x41nm_808nm_2W,1473.0,50.3191,23.9189,1
PEG-GNR_10x41nm_808nm_2W,1474.0,50.3205,23.9202,1
PEG-GNR_10x41nm_808nm_2W,1475.0,50.3218,23.9216,1
PEG-GNR_10x41nm_808nm_2W,1476.0,50.3232,23.923,1
PEG-GNR_10x41nm_808nm_2W,1477.0,50.3246,23.9243,1
PEG-GNR_10x41nm_808nm_2W,1478.0,50.3259,23.9257,1
PEG-GNR_10x41nm_808nm_2W,1479.0,50.3273,23.9271,1
PEG-GNR_10x41nm_808nm_2W,1480.0,50.3286,23.9284,1
PEG-GNR_10x41nm_808nm_2W,1481.0,50.33,23.9298,1
PEG-GNR_10x41nm_808nm_2W,1482.0,50.3313,23.9311,1
PEG-GNR_10x41nm_808nm_2W,1483.0,50.3327,23.9324,1
PEG-GNR_10x41nm_808nm_2W,1484.0,50.334,23.9338,1
PEG-GNR_10x41nm_808nm_2W,1485.0,50.3353,23.9351,1
PEG-GNR_10x41nm_808nm_2W,1486.0,50.3367,23.9364,1
PEG-GNR_10x41nm_808nm_2W,1487.0,50.338,23.9378,1
PEG-GNR_10x41nm_808nm_2W,1488.0,50.3393,23.9391,1
PEG-GNR_10x41nm_808nm_2W,1489.0,50.3406,23.9404,1
PEG-GNR_10x41nm_808nm_2W,1490.0,50.342,23.9417,1
PEG-GNR_10x41nm_808nm_2W,1491.0,50.3433,23.9431,1
PEG-GNR_10x41nm_808nm_2W,1492.0,50.3446,23.9444,1
PEG-GNR_10x41nm_808nm_2W,1493.0,50.3459,23.9457,1
PEG-GNR_10x41nm_808nm_2W,1494.0,50.3472,23.947,1
PEG-GNR_10x41nm_808nm_2W,1495.0,50.3485,23.9483,1
PEG-GNR_10x41nm_808nm_2W,1496.0,50.3498,23.9496,1
PEG-GNR_10x41nm_808nm_2W,1497.0,50.3511,23.9509,1
PEG-GNR_10x41nm_808nm_2W,1498.0,50.3524,23.9522,1
PEG-GNR_10x41nm_808nm_2W,1499.0,50.3537,23.9534,1
PEG-GNR_10x41nm_808nm_2W,1500.0,50.355,23.9547,1
PEG-GNR_10x41nm_808nm_2W,1501.0,50.3562,23.956,1
PEG-GNR_10x41nm_808nm_2W,1502.0,50.3575,23.9573,1
PEG-GNR_10x41nm_808nm_2W,1503.0,50.3588,23.9586,1
PEG-GNR_10x41nm_808nm_2W,1504.0,50.3601,23.9598,1
PEG-GNR_10x41nm_808nm_2W,1505.0,50.3613,23.9611,1
PEG-GNR_10x41nm_808nm_2W,1506.0,50.3626,23.9624,1
PEG-GNR_10x41nm_808nm_2W,1507.0,50.3638,23.9636,1
PEG-GNR_10x41nm_808nm_2W,1508.0,50.3651,23.9649,1
PEG-GNR_10x41nm_808nm_2W,1509.0,50.3664,23.9661,1
PEG-GNR_10x41nm_808nm_2W,1510.0,50.3676,23.9674,1
PEG-GNR_10x41nm_808nm_2W,1511.0,50.3689,23.9686,1
PEG-GNR_10x41nm_808nm_2W,1512.0,50.3701,23.9699,1
PEG-GNR_10x41nm_808nm_2W,1513.0,50.3713,23.9711,1
PEG-GNR_10x41nm_808nm_2W,1514.0,50.3726,23.9724,1
PEG-GNR_10x41nm_808nm_2W,1515.0,50.3738,23.9736,1
PEG-GNR_10x41nm_808nm_2W,1516.0,50.375,23.9748,1
PEG-GNR_10x41nm_808nm_2W,1517.0,50.3763,23.976,1
PEG-GNR_10x41nm_808nm_2W,1518.0,50.3775,23.9773,1
PEG-GNR_10x41nm_808nm_2W,1519.0,50.3787,23.9785,1
PEG-GNR_10x41nm_808nm_2W,1520.0,50.3799,23.9797,1
PEG-GNR_10x41nm_808nm_2W,1521.0,50.3812,23.9809,1
PEG-GNR_10x41nm_808nm_2W,1522.0,50.3824,23.9821,1
PEG-GNR_10x41nm_808nm_2W,1523.0,50.3836,23.9834,1
PEG-GNR_10x41nm_808nm_2W,1524.0,50.3848,23.9846,1
PEG-GNR_10x41nm_808nm_2W,1525.0,50.386,23.9858,1
PEG-GNR_10x41nm_808nm_2W,1526.0,50.3872,23.987,1
PEG-GNR_10x41nm_808nm_2W,1527.0,50.3884,23.9882,1
PEG-GNR_10x41nm_808nm_2W,1528.0,50.3896,23.9894,1
PEG-GNR_10x41nm_808nm_2W,1529.0,50.3908,23.9905,1
PEG-GNR_10x41nm_808nm_2W,1530.0,50.392,23.9917,1
PEG-GNR_10x41nm_808nm_2W,1531.0,50.3931,23.9929,1
PEG-GNR_10x41nm_808nm_2W,1532.0,50.3943,23.9941,1
PEG-GNR_10x41nm_808nm_2W,1533.0,50.3955,23.9953,1
PEG-GNR_10x41nm_808nm_2W,1534.0,50.3967,23.9964,1
PEG-GNR_10x41nm_808nm_2W,1535.0,50.3978,23.9976,1
PEG-GNR_10x41nm_808nm_2W,1536.0,50.399,23.9988,1
PEG-GNR_10x41nm_808nm_2W,1537.0,50.4002,24.0,1
PEG-GNR_10x41nm_808nm_2W,1538.0,50.4013,24.0011,1
PEG-GNR_10x41nm_808nm_2W,1539.0,50.4025,24.0023,1
PEG-GNR_10x41nm_808nm_2W,1540.0,50.4037,24.0034,1
PEG-GNR_10x41nm_808nm_2W,1541.0,50.4048,24.0046,1
PEG-GNR_10x41nm_808nm_2W,1542.0,50.406,24.0057,1
PEG-GNR_10x41nm_808nm_2W,1543.0,50.4071,24.0069,1
PEG-GNR_10x41nm_808nm_2W,1544.0,50.4083,24.008,1
PEG-GNR_10x41nm_808nm_2W,1545.0,50.4094,24.0092,1
PEG-GNR_10x41nm_808nm_2W,1546.0,50.4105,24.0103,1
PEG-GNR_10x41nm_808nm_2W,1547.0,50.4117,24.0114,1
PEG-GNR_10x41nm_808nm_2W,1548.0,50.4128,24.0126,1
PEG-GNR_10x41nm_808nm_2W,1549.0,50.4139,24.0137,1
PEG-GNR_10x41nm_808nm_2W,1550.0,50.4151,24.0148,1
PEG-GNR_10x41nm_808nm_2W,1551.0,50.4162,24.016,1
PEG-GNR_10x41nm_808nm_2W,1552.0,50.4173,24.0171,1
PEG-GNR_10x41nm_808nm_2W,1553.0,50.4184,24.0182,1
PEG-GNR_10x41nm_808nm_2W,1554.0,50.4195,24.0193,1
PEG-GNR_10x41nm_808nm_2W,1555.0,50.4207,24.0204,1
PEG-GNR_10x41nm_808nm_2W,1556.0,50.4218,24.0215,1
PEG-GNR_10x41nm_808nm_2W,1557.0,50.4229,24.0226,1
PEG-GNR_10x41nm_808nm_2W,1558.0,50.424,24.0238,1
PEG-GNR_10x41nm_808nm_2W,1559.0,50.4251,24.0249,1
PEG-GNR_10x41nm_808nm_2W,1560.0,50.4262,24.026,1
PEG-GNR_10x41nm_808nm_2W,1561.0,50.4273,24.027,1
PEG-GNR_10x41nm_808nm_2W,1562.0,50.4284,24.0281,1
PEG-GNR_10x41nm_808nm_2W,1563.0,50.4295,24.0292,1
PEG-GNR_10x41nm_808nm_2W,1564.0,50.4305,24.0303,1
PEG-GNR_10x41nm_808nm_2W,1565.0,50.4316,24.0314,1
PEG-GNR_10x41nm_808nm_2W,1566.0,50.4327,24.0325,1
PEG-GNR_10x41nm_808nm_2W,1567.0,50.4338,24.0336,1
PEG-GNR_10x41nm_808nm_2W,1568.0,50.4349,24.0346,1
PEG-GNR_10x41nm_808nm_2W,1569.0,50.4359,24.0357,1
PEG-GNR_10x41nm_808nm_2W,1570.0,50.437,24.0368,1
PEG-GNR_10x41nm_808nm_2W,1571.0,50.4381,24.0378,1
PEG-GNR_10x41nm_808nm_2W,1572.0,50.4391,24.0389,1
PEG-GNR_10x41nm_808nm_2W,1573.0,50.4402,24.04,1
PEG-GNR_10x41nm_808nm_2W,1574.0,50.4413,24.041,1
PEG-GNR_10x41nm_808nm_2W,1575.0,50.4423,24.0421,1
PEG-GNR_10x41nm_808nm_2W,1576.0,50.4434,24.0431,1
PEG-GNR_10x41nm_808nm_2W,1577.0,50.4444,24.0442,1
PEG-GNR_10x41nm_808nm_2W,1578.0,50.4455,24.0452,1
PEG-GNR_10x41nm_808nm_2W,1579.0,50.4465,24.0463,1
PEG-GNR_10x41nm_808nm_2W,1580.0,50.4476,24.0473,1
PEG-GNR_10x41nm_808nm_2W,1581.0,50.4486,24.0484,1
PEG-GNR_10x41nm_808nm_2W,1582.0,50.4496,24.0494,1
PEG-GNR_10x41nm_808nm_2W,1583.0,50.4507,24.0504,1
PEG-GNR_10x41nm_808nm_2W,1584.0,50.4517,24.0515,1
PEG-GNR_10x41nm_808nm_2W,1585.0,50.4527,24.0525,1
PEG-GNR_10x41nm_808nm_2W,1586.0,50.4538,24.0535,1
PEG-GNR_10x41nm_808nm_2W,1587.0,50.4548,24.0545,1
PEG-GNR_10x41nm_808nm_2W,1588.0,50.4558,24.0556,1
PEG-GNR_10x41nm_808nm_2W,1589.0,50.4568,24.0566,1
PEG-GNR_10x41nm_808nm_2W,1590.0,50.4578,24.0576,1
PEG-GNR_10x41nm_808nm_2W,1591.0,50.4588,24.0586,1
PEG-GNR_10x41nm_808nm_2W,1592.0,50.4599,24.0596,1
PEG-GNR_10x41nm_808nm_2W,1593.0,50.4609,24.0606,1
PEG-GNR_10x41nm_808nm_2W,1594.0,50.4619,24.0616,1
PEG-GNR_10x41nm_808nm_2W,1595.0,50.4629,24.0626,1
PEG-GNR_10x41nm_808nm_2W,1596.0,50.4639,24.0636,1
PEG-GNR_10x41nm_808nm_2W,1597.0,50.4649,24.0646,1
PEG-GNR_10x41nm_808nm_2W,1598.0,50.4659,24.0656,1
PEG-GNR_10x41nm_808nm_2W,1599.0,50.4669,24.0666,1
PEG-GNR_10x41nm_808nm_2W,1600.0,50.4678,24.0676,1
PEG-GNR_10x41nm_808nm_2W,1601.0,50.4688,24.0686,1
PEG-GNR_10x41nm_808nm_2W,1602.0,50.4698,24.0696,1
PEG-GNR_10x41nm_808nm_2W,1603.0,50.4708,24.0706,1
PEG-GNR_10x41nm_808nm_2W,1604.0,50.4718,24.0715,1
PEG-GNR_10x41nm_808nm_2W,1605.0,50.4728,24.0725,1
PEG-GNR_10x41nm_808nm_2W,1606.0,50.4737,24.0735,1
PEG-GNR_10x41nm_808nm_2W,1607.0,50.4747,24.0745,1
PEG-GNR_10x41nm_808nm_2W,1608.0,50.4757,24.0754,1
PEG-GNR_10x41nm_808nm_2W,1609.0,50.4766,24.0764,1
PEG-GNR_10x41nm_808nm_2W,1610.0,50.4776,24.0774,1
PEG-GNR_10x41nm_808nm_2W,1611.0,50.4786,24.0783,1
PEG-GNR_10x41nm_808nm_2W,1612.0,50.4795,24.0793,1
PEG-GNR_10x41nm_808nm_2W,1613.0,50.4805,24.0803,1
PEG-GNR_10x41nm_808nm_2W,1614.0,50.4814,24.0812,1
PEG-GNR_10x41nm_808nm_2W,1615.0,50.4824,24.0822,1
PEG-GNR_10x41nm_808nm_2W,1616.0,50.4833,24.0831,1
PEG-GNR_10x41nm_808nm_2W,1617.0,50.4843,24.0841,1
PEG-GNR_10x41nm_808nm_2W,1618.0,50.4852,24.085,1
PEG-GNR_10x41nm_808nm_2W,1619.0,50.4862,24.0859,1
PEG-GNR_10x41nm_808nm_2W,1620.0,50.4871,24.0869,1
PEG-GNR_10x41nm_808nm_2W,1621.0,50.488,24.0878,1
PEG-GNR_10x41nm_808nm_2W,1622.0,50.489,24.0887,1
PEG-GNR_10x41nm_808nm_2W,1623.0,50.4899,24.0897,1
PEG-GNR_10x41nm_808nm_2W,1624.0,50.4908,24.0906,1
PEG-GNR_10x41nm_808nm_2W,1625.0,50.4918,24.0915,1
PEG-GNR_10x41nm_808nm_2W,1626.0,50.4927,24.0925,1
PEG-GNR_10x41nm_808nm_2W,1627.0,50.4936,24.0934,1
PEG-GNR_10x41nm_808nm_2W,1628.0,50.4945,24.0943,1
PEG-GNR_10x41nm_808nm_2W,1629.0,50.4955,24.0952,1
PEG-GNR_10x41nm_808nm_2W,1630.0,50.4964,24.0961,1
PEG-GNR_10x41nm_808nm_2W,1631.0,50.4973,24.0971,1
PEG-GNR_10x41nm_808nm_2W,1632.0,50.4982,24.098,1
PEG-GNR_10x41nm_808nm_2W,1633.0,50.4991,24.0989,1
PEG-GNR_10x41nm_808nm_2W,1634.0,50.5,24.0998,1
PEG-GNR_10x41nm_808nm_2W,1635.0,50.5009,24.1007,1
PEG-GNR_10x41nm_808nm_2W,1636.0,50.5018,24.1016,1
PEG-GNR_10x41nm_808nm_2W,1637.0,50.5027,24.1025,1
PEG-GNR_10x41nm_808nm_2W,1638.0,50.5036,24.1034,1
PEG-GNR_10x41nm_808nm_2W,1639.0,50.5045,24.1043,1
PEG-GNR_10x41nm_808nm_2W,1640.0,50.5054,24.1052,1
PEG-GNR_10x41nm_808nm_2W,1641.0,50.5063,24.1061,1
PEG-GNR_10x41nm_808nm_2W,1642.0,50.5072,24.1069,1
PEG-GNR_10x41nm_808nm_2W,1643.0,50.5081,24.1078,1
PEG-GNR_10x41nm_808nm_2W,1644.0,50.5089,24.1087,1
PEG-GNR_10x41nm_808nm_2W,1645.0,50.5098,24.1096,1
PEG-GNR_10x41nm_808nm_2W,1646.0,50.5107,24.1105,1
PEG-GNR_10x41nm_808nm_2W,1647.0,50.5116,24.1113,1
PEG-GNR_10x41nm_808nm_2W,1648.0,50.5124,24.1122,1
PEG-GNR_10x41nm_808nm_2W,1649.0,50.5133,24.1131,1
PEG-GNR_10x41nm_808nm_2W,1650.0,50.5142,24.114,1
PEG-GNR_10x41nm_808nm_2W,1651.0,50.515,24.1148,1
PEG-GNR_10x41nm_808nm_2W,1652.0,50.5159,24.1157,1
PEG-GNR_10x41nm_808nm_2W,1653.0,50.5168,24.1165,1
PEG-GNR_10x41nm_808nm_2W,1654.0,50.5176,24.1174,1
PEG-GNR_10x41nm_808nm_2W,1655.0,50.5185,24.1183,1
PEG-GNR_10x41nm_808nm_2W,1656.0,50.5193,24.1191,1
PEG-GNR_10x41nm_808nm_2W,1657.0,50.5202,24.12,1
PEG-GNR_10x41nm_808nm_2W,1658.0,50.5211,24.1208,1
PEG-GNR_10x41nm_808nm_2W,1659.0,50.5219,24.1217,1
PEG-GNR_10x41nm_808nm_2W,1660.0,50.5227,24.1225,1
PEG-GNR_10x41nm_808nm_2W,1661.0,50.5236,24.1234,1
PEG-GNR_10x41nm_808nm_2W,1662.0,50.5244,24.1242,1
PEG-GNR_10x41nm_808nm_2W,1663.0,50.5253,24.125,1
PEG-GNR_10x41nm_808nm_2W,1664.0,50.5261,24.1259,1
PEG-GNR_10x41nm_808nm_2W,1665.0,50.5269,24.1267,1
PEG-GNR_10x41nm_808nm_2W,1666.0,50.5278,24.1276,1
PEG-GNR_10x41nm_808nm_2W,1667.0,50.5286,24.1284,1
PEG-GNR_10x41nm_808nm_2W,1668.0,50.5294,24.1292,1
PEG-GNR_10x41nm_808nm_2W,1669.0,50.5303,24.13,1
PEG-GNR_10x41nm_808nm_2W,1670.0,50.5311,24.1309,1
PEG-GNR_10x41nm_808nm_2W,1671.0,50.5319,24.1317,1
PEG-GNR_10x41nm_808nm_2W,1672.0,50.5327,24.1325,1
PEG-GNR_10x41nm_808nm_2W,1673.0,50.5336,24.1333,1
PEG-GNR_10x41nm_808nm_2W,1674.0,50.5344,24.1341,1
PEG-GNR_10x41nm_808nm_2W,1675.0,50.5352,24.135,1
PEG-GNR_10x41nm_808nm_2W,1676.0,50.536,24.1358,1
PEG-GNR_10x41nm_808nm_2W,1677.0,50.5368,24.1366,1
PEG-GNR_10x41nm_808nm_2W,1678.0,50.5376,24.1374,1
PEG-GNR_10x41nm_808nm_2W,1679.0,50.5384,24.1382,1
PEG-GNR_10x41nm_808nm_2W,1680.0,50.5392,24.139,1
PEG-GNR_10x41nm_808nm_2W,1681.0,50.54,24.1398,1
PEG-GNR_10x41nm_808nm_2W,1682.0,50.5408,24.1406,1
PEG-GNR_10x41nm_808nm_2W,1683.0,50.5416,24.1414,1
PEG-GNR_10x41nm_808nm_2W,1684.0,50.5424,24.1422,1
PEG-GNR_10x41nm_808nm_2W,1685.0,50.5432,24.143,1
PEG-GNR_10x41nm_808nm_2W,1686.0,50.544,24.1438,1
PEG-GNR_10x41nm_808nm_2W,1687.0,50.5448,24.1446,1
PEG-GNR_10x41nm_808nm_2W,1688.0,50.5456,24.1453,1
PEG-GNR_10x41nm_808nm_2W,1689.0,50.5464,24.1461,1
PEG-GNR_10x41nm_808nm_2W,1690.0,50.5471,24.1469,1
PEG-GNR_10x41nm_808nm_2W,1691.0,50.5479,24.1477,1
PEG-GNR_10x41nm_808nm_2W,1692.0,50.5487,24.1485,1
PEG-GNR_10x41nm_808nm_2W,1693.0,50.5495,24.1493,1
PEG-GNR_10x41nm_808nm_2W,1694.0,50.5503,24.15,1
PEG-GNR_10x41nm_808nm_2W,1695.0,50.551,24.1508,1
PEG-GNR_10x41nm_808nm_2W,1696.0,50.5518,24.1516,1
PEG-GNR_10x41nm_808nm_2W,1697.0,50.5526,24.1523,1
PEG-GNR_10x41nm_808nm_2W,1698.0,50.5533,24.1531,1
PEG-GNR_10x41nm_808nm_2W,1699.0,50.5541,24.1539,1
PEG-GNR_10x41nm_808nm_2W,1700.0,50.5549,24.1546,1
PEG-GNR_10x41nm_808nm_2W,1701.0,50.5556,24.1554,1
PEG-GNR_10x41nm_808nm_2W,1702.0,50.5564,24.1562,1
PEG-GNR_10x41nm_808nm_2W,1703.0,50.5571,24.1569,1
PEG-GNR_10x41nm_808nm_2W,1704.0,50.5579,24.1577,1
PEG-GNR_10x41nm_808nm_2W,1705.0,50.5586,24.1584,1
PEG-GNR_10x41nm_808nm_2W,1706.0,50.5594,24.1592,1
PEG-GNR_10x41nm_808nm_2W,1707.0,50.5601,24.1599,1
PEG-GNR_10x41nm_808nm_2W,1708.0,50.5609,24.1607,1
PEG-GNR_10x41nm_808nm_2W,1709.0,50.5616,24.1614,1
PEG-GNR_10x41nm_808nm_2W,1710.0,50.5624,24.1622,1
PEG-GNR_10x41nm_808nm_2W,1711.0,50.5631,24.1629,1
PEG-GNR_10x41nm_808nm_2W,1712.0,50.5639,24.1636,1
PEG-GNR_10x41nm_808nm_2W,1713.0,50.5646,24.1644,1
PEG-GNR_10x41nm_808nm_2W,1714.0,50.5653,24.1651,1
PEG-GNR_10x41nm_808nm_2W,1715.0,50.5661,24.1658,1
PEG-GNR_10x41nm_808nm_2W,1716.0,50.5668,24.1666,1
PEG-GNR_10x41nm_808nm_2W,1717.0,50.5675,24.1673,1
PEG-GNR_10x41nm_808nm_2W,1718.0,50.5683,24.168,1
PEG-GNR_10x41nm_808nm_2W,1719.0,50.569,24.1688,1
PEG-GNR_10x41nm_808nm_2W,1720.0,50.5697,24.1695,1
PEG-GNR_10x41nm_808nm_2W,1721.0,50.5704,24.1702,1
PEG-GNR_10x41nm_808nm_2W,1722.0,50.5712,24.1709,1
PEG-GNR_10x41nm_808nm_2W,1723.0,50.5719,24.1716,1
PEG-GNR_10x41nm_808nm_2W,1724.0,50.5726,24.1724,1
PEG-GNR_10x41nm_808nm_2W,1725.0,50.5733,24.1731,1
PEG-GNR_10x41nm_808nm_2W,1726.0,50.574,24.1738,1
PEG-GNR_10x41nm_808nm_2W,1727.0,50.5747,24.1745,1
PEG-GNR_10x41nm_808nm_2W,1728.0,50.5754,24.1752,1
PEG-GNR_10x41nm_808nm_2W,1729.0,50.5761,24.1759,1
PEG-GNR_10x41nm_808nm_2W,1730.0,50.5768,24.1766,1
PEG-GNR_10x41nm_808nm_2W,1731.0,50.5776,24.1773,1
PEG-GNR_10x41nm_808nm_2W,1732.0,50.5783,24.178,1
PEG-GNR_10x41nm_808nm_2W,1733.0,50.579,24.1787,1
PEG-GNR_10x41nm_808nm_2W,1734.0,50.5797,24.1794,1
PEG-GNR_10x41nm_808nm_2W,1735.0,50.5803,24.1801,1
PEG-GNR_10x41nm_808nm_2W,1736.0,50.581,24.1808,1
PEG-GNR_10x41nm_808nm_2W,1737.0,50.5817,24.1815,1
PEG-GNR_10x41nm_808nm_2W,1738.0,50.5824,24.1822,1
PEG-GNR_10x41nm_808nm_2W,1739.0,50.5831,24.1829,1
PEG-GNR_10x41nm_808nm_2W,1740.0,50.5838,24.1836,1
PEG-GNR_10x41nm_808nm_2W,1741.0,50.5845,24.1843,1
PEG-GNR_10x41nm_808nm_2W,1742.0,50.5852,24.1849,1
PEG-GNR_10x41nm_808nm_2W,1743.0,50.5859,24.1856,1
PEG-GNR_10x41nm_808nm_2W,1744.0,50.5865,24.1863,1
PEG-GNR_10x41nm_808nm_2W,1745.0,50.5872,24.187,1
PEG-GNR_10x41nm_808nm_2W,1746.0,50.5879,24.1877,1
PEG-GNR_10x41nm_808nm_2W,1747.0,50.5886,24.1883,1
PEG-GNR_10x41nm_808nm_2W,1748.0,50.5892,24.189,1
PEG-GNR_10x41nm_808nm_2W,1749.0,50.5899,24.1897,1
PEG-GNR_10x41nm_808nm_2W,1750.0,50.5906,24.1904,1
PEG-GNR_10x41nm_808nm_2W,1751.0,50.5912,24.191,1
PEG-GNR_10x41nm_808nm_2W,1752.0,50.5919,24.1917,1
PEG-GNR_10x41nm_808nm_2W,1753.0,50.5926,24.1923,1
PEG-GNR_10x41nm_808nm_2W,1754.0,50.5932,24.193,1
PEG-GNR_10x41nm_808nm_2W,1755.0,50.5939,24.1937,1
PEG-GNR_10x41nm_808nm_2W,1756.0,50.5946,24.1943,1
PEG-GNR_10x41nm_808nm_2W,1757.0,50.5952,24.195,1
PEG-GNR_10x41nm_808nm_2W,1758.0,50.5959,24.1956,1
PEG-GNR_10x41nm_808nm_2W,1759.0,50.5965,24.1963,1
PEG-GNR_10x41nm_808nm_2W,1760.0,50.5972,24.197,1
PEG-GNR_10x41nm_808nm_2W,1761.0,50.5978,24.1976,1
PEG-GNR_10x41nm_808nm_2W,1762.0,50.5985,24.1983,1
PEG-GNR_10x41nm_808nm_2W,1763.0,50.5991,24.1989,1
PEG-GNR_10x41nm_808nm_2W,1764.0,50.5998,24.1995,1
PEG-GNR_10x41nm_808nm_2W,1765.0,50.6004,24.2002,1
PEG-GNR_10x41nm_808nm_2W,1766.0,50.6011,24.2008,1
PEG-GNR_10x41nm_808nm_2W,1767.0,50.6017,24.2015,1
PEG-GNR_10x41nm_808nm_2W,1768.0,50.6023,24.2021,1
PEG-GNR_10x41nm_808nm_2W,1769.0,50.603,24.2027,1
PEG-GNR_10x41nm_808nm_2W,1770.0,50.6036,24.2034,1
PEG-GNR_10x41nm_808nm_2W,1771.0,50.6042,24.204,1
PEG-GNR_10x41nm_808nm_2W,1772.0,50.6049,24.2047,1
PEG-GNR_10x41nm_808nm_2W,1773.0,50.6055,24.2053,1
PEG-GNR_10x41nm_808nm_2W,1774.0,50.6061,24.2059,1
PEG-GNR_10x41nm_808nm_2W,1775.0,50.6068,24.2065,1
PEG-GNR_10x41nm_808nm_2W,1776.0,50.6074,24.2072,1
PEG-GNR_10x41nm_808nm_2W,1777.0,50.608,24.2078,1
PEG-GNR_10x41nm_808nm_2W,1778.0,50.6086,24.2084,1
PEG-GNR_10x41nm_808nm_2W,1779.0,50.6093,24.209,1
PEG-GNR_10x41nm_808nm_2W,1780.0,50.6099,24.2097,1
PEG-GNR_10x41nm_808nm_2W,1781.0,50.6105,24.2103,1
PEG-GNR_10x41nm_808nm_2W,1782.0,50.6111,24.2109,1
PEG-GNR_10x41nm_808nm_2W,1783.0,50.6117,24.2115,1
PEG-GNR_10x41nm_808nm_2W,1784.0,50.6123,24.2121,1
PEG-GNR_10x41nm_808nm_2W,1785.0,50.613,24.2127,1
PEG-GNR_10x41nm_808nm_2W,1786.0,50.6136,24.2133,1
PEG-GNR_10x41nm_808nm_2W,1787.0,50.6142,24.2139,1
PEG-GNR_10x41nm_808nm_2W,1788.0,50.6148,24.2145,1
PEG-GNR_10x41nm_808nm_2W,1789.0,50.6154,24.2152,1
PEG-GNR_10x41nm_808nm_2W,1790.0,50.616,24.2158,1
PEG-GNR_10x41nm_808nm_2W,1791.0,50.6166,24.2164,1
PEG-GNR_10x41nm_808nm_2W,1792.0,50.6172,24.217,1
PEG-GNR_10x41nm_808nm_2W,1793.0,50.6178,24.2176,1
PEG-GNR_10x41nm_808nm_2W,1794.0,50.6184,24.2182,1
PEG-GNR_10x41nm_808nm_2W,1795.0,50.619,24.2188,1
PEG-GNR_10x41nm_808nm_2W,1796.0,50.6196,24.2193,1
PEG-GNR_10x41nm_808nm_2W,1797.0,50.6202,24.2199,1
PEG-GNR_10x41nm_808nm_2W,1798.0,50.6208,24.2205,1
PEG-GNR_10x41nm_808nm_2W,1799.0,50.6213,24.2211,1
PEG-GNR_10x41nm_808nm_2W,1800.0,50.6219,24.2217,1
PEG-GNR_10x41nm_808nm_2W,1801.0,50.6225,24.2223,1
PEG-GNR_10x41nm_808nm_2W,1802.0,50.6231,24.2229,1
PEG-GNR_10x41nm_808nm_2W,1803.0,50.6237,24.2235,1
PEG-GNR_10x41nm_808nm_2W,1804.0,50.6243,24.224,1
PEG-GNR_10x41nm_808nm_2W,1805.0,50.6249,24.2246,1
PEG-GNR_10x41nm_808nm_2W,1806.0,50.6254,24.2252,1
PEG-GNR_10x41nm_808nm_2W,1807.0,50.626,24.2258,1
PEG-GNR_10x41nm_808nm_2W,1808.0,50.6266,24.2264,1
PEG-GNR_10x41nm_808nm_2W,1809.0,50.6272,24.2269,1
PEG-GNR_10x41nm_808nm_2W,1810.0,50.6277,24.2275,1
PEG-GNR_10x41nm_808nm_2W,1811.0,50.6283,24.2281,1
PEG-GNR_10x41nm_808nm_2W,1812.0,50.6289,24.2286,1
PEG-GNR_10x41nm_808nm_2W,1813.0,50.6294,24.2292,1
PEG-GNR_10x41nm_808nm_2W,1814.0,50.63,24.2298,1
PEG-GNR_10x41nm_808nm_2W,1815.0,50.6306,24.2303,1
PEG-GNR_10x41nm_808nm_2W,1816.0,50.6311,24.2309,1
PEG-GNR_10x41nm_808nm_2W,1817.0,50.6317,24.2315,1
PEG-GNR_10x41nm_808nm_2W,1818.0,50.6323,24.232,1
PEG-GNR_10x41nm_808nm_2W,1819.0,50.6328,24.2326,1
PEG-GNR_10x41nm_808nm_2W,1820.0,50.6334,24.2332,1
PEG-GNR_10x41nm_808nm_2W,1821.0,50.6339,24.2337,1
PEG-GNR_10x41nm_808nm_2W,1822.0,50.6345,24.2343,1
PEG-GNR_10x41nm_808nm_2W,1823.0,50.635,24.2348,1
PEG-GNR_10x41nm_808nm_2W,1824.0,50.6356,24.2354,1
PEG-GNR_10x41nm_808nm_2W,1825.0,50.6361,24.2359,1
PEG-GNR_10x41nm_808nm_2W,1826.0,50.6367,24.2365,1
PEG-GNR_10x41nm_808nm_2W,1827.0,50.6372,24.237,1
PEG-GNR_10x41nm_808nm_2W,1828.0,50.6378,24.2376,1
PEG-GNR_10x41nm_808nm_2W,1829.0,50.6383,24.2381,1
PEG-GNR_10x41nm_808nm_2W,1830.0,50.6389,24.2387,1
PEG-GNR_10x41nm_808nm_2W,1831.0,50.6394,24.2392,1
PEG-GNR_10x41nm_808nm_2W,1832.0,50.64,24.2397,1
PEG-GNR_10x41nm_808nm_2W,1833.0,50.6405,24.2403,1
PEG-GNR_10x41nm_808nm_2W,1834.0,50.641,24.2408,1
PEG-GNR_10x41nm_808nm_2W,1835.0,50.6416,24.2414,1
PEG-GNR_10x41nm_808nm_2W,1836.0,50.6421,24.2419,1
PEG-GNR_10x41nm_808nm_2W,1837.0,50.6426,24.2424,1
PEG-GNR_10x41nm_808nm_2W,1838.0,50.6432,24.243,1
PEG-GNR_10x41nm_808nm_2W,1839.0,50.6437,24.2435,1
PEG-GNR_10x41nm_808nm_2W,1840.0,50.6442,24.244,1
PEG-GNR_10x41nm_808nm_2W,1841.0,50.6448,24.2445,1
PEG-GNR_10x41nm_808nm_2W,1842.0,50.6453,24.2451,1
PEG-GNR_10x41nm_808nm_2W,1843.0,50.6458,24.2456,1
PEG-GNR_10x41nm_808nm_2W,1844.0,50.6463,24.2461,1
PEG-GNR_10x41nm_808nm_2W,1845.0,50.6469,24.2466,1
PEG-GNR_10x41nm_808nm_2W,1846.0,50.6474,24.2472,1
PEG-GNR_10x41nm_808nm_2W,1847.0,50.6479,24.2477,1
PEG-GNR_10x41nm_808nm_2W,1848.0,50.6484,24.2482,1
PEG-GNR_10x41nm_808nm_2W,1849.0,50.649,24.2487,1
PEG-GNR_10x41nm_808nm_2W,1850.0,50.6495,24.2492,1
PEG-GNR_10x41nm_808nm_2W,1851.0,50.65,24.2498,1
PEG-GNR_10x41nm_808nm_2W,1852.0,50.6505,24.2503,1
PEG-GNR_10x41nm_808nm_2W,1853.0,50.651,24.2508,1
PEG-GNR_10x41nm_808nm_2W,1854.0,50.6515,24.2513,1
PEG-GNR_10x41nm_808nm_2W,1855.0,50.652,24.2518,1
PEG-GNR_10x41nm_808nm_2W,1856.0,50.6525,24.2523,1
PEG-GNR_10x41nm_808nm_2W,1857.0,50.653,24.2528,1
PEG-GNR_10x41nm_808nm_2W,1858.0,50.6535,24.2533,1
PEG-GNR_10x41nm_808nm_2W,1859.0,50.6541,24.2538,1
PEG-GNR_10x41nm_808nm_2W,1860.0,50.6546,24.2543,1
PEG-GNR_10x41nm_808nm_2W,1861.0,50.6551,24.2548,1
PEG-GNR_10x41nm_808nm_2W,1862.0,50.6556,24.2553,1
PEG-GNR_10x41nm_808nm_2W,1863.0,50.6561,24.2558,1
PEG-GNR_10x41nm_808nm_2W,1864.0,50.6566,24.2563,1
PEG-GNR_10x41nm_808nm_2W,1865.0,50.6571,24.2568,1
PEG-GNR_10x41nm_808nm_2W,1866.0,50.6575,24.2573,1
PEG-GNR_10x41nm_808nm_2W,1867.0,50.658,24.2578,1
PEG-GNR_10x41nm_808nm_2W,1868.0,50.6585,24.2583,1
PEG-GNR_10x41nm_808nm_2W,1869.0,50.659,24.2588,1
PEG-GNR_10x41nm_808nm_2W,1870.0,50.6595,24.2593,1
PEG-GNR_10x41nm_808nm_2W,1871.0,50.66,24.2598,1
PEG-GNR_10x41nm_808nm_2W,1872.0,50.6605,24.2603,1
PEG-GNR_10x41nm_808nm_2W,1873.0,50.661,24.2607,1
PEG-GNR_10x41nm_808nm_2W,1874.0,50.6615,24.2612,1
PEG-GNR_10x41nm_808nm_2W,1875.0,50.6619,24.2617,1
PEG-GNR_10x41nm_808nm_2W,1876.0,50.6624,24.2622,1
PEG-GNR_10x41nm_808nm_2W,1877.0,50.6629,24.2627,1
PEG-GNR_10x41nm_808nm_2W,1878.0,50.6634,24.2632,1
PEG-GNR_10x41nm_808nm_2W,1879.0,50.6639,24.2636,1
PEG-GNR_10x41nm_808nm_2W,1880.0,50.6643,24.2641,1
PEG-GNR_10x41nm_808nm_2W,1881.0,50.6648,24.2646,1
PEG-GNR_10x41nm_808nm_2W,1882.0,50.6653,24.2651,1
PEG-GNR_10x41nm_808nm_2W,1883.0,50.6658,24.2655,1
PEG-GNR_10x41nm_808nm_2W,1884.0,50.6662,24.266,1
PEG-GNR_10x41nm_808nm_2W,1885.0,50.6667,24.2665,1
PEG-GNR_10x41nm_808nm_2W,1886.0,50.6672,24.267,1
PEG-GNR_10x41nm_808nm_2W,1887.0,50.6677,24.2674,1
PEG-GNR_10x41nm_808nm_2W,1888.0,50.6681,24.2679,1
PEG-GNR_10x41nm_808nm_2W,1889.0,50.6686,24.2684,1
PEG-GNR_10x41nm_808nm_2W,1890.0,50.6691,24.2688,1
PEG-GNR_10x41nm_808nm_2W,1891.0,50.6695,24.2693,1
PEG-GNR_10x41nm_808nm_2W,1892.0,50.67,24.2697,1
PEG-GNR_10x41nm_808nm_2W,1893.0,50.6704,24.2702,1
PEG-GNR_10x41nm_808nm_2W,1894.0,50.6709,24.2707,1
PEG-GNR_10x41nm_808nm_2W,1895.0,50.6714,24.2711,1
PEG-GNR_10x41nm_808nm_2W,1896.0,50.6718,24.2716,1
PEG-GNR_10x41nm_808nm_2W,1897.0,50.6723,24.272,1
PEG-GNR_10x41nm_808nm_2W,1898.0,50.6727,24.2725,1
PEG-GNR_10x41nm_808nm_2W,1899.0,50.6732,24.273,1
PEG-GNR_10x41nm_808nm_2W,1900.0,50.6736,24.2734,1
PEG-GNR_10x41nm_808nm_2W,1901.0,50.6741,24.2739,1
PEG-GNR_10x41nm_808nm_2W,1902.0,50.6745,24.2743,1
PEG-GNR_10x41nm_808nm_2W,1903.0,50.675,24.2748,1
PEG-GNR_10x41nm_808nm_2W,1904.0,50.6754,24.2752,1
PEG-GNR_10x41nm_808nm_2W,1905.0,50.6759,24.2757,1
PEG-GNR_10x41nm_808nm_2W,1906.0,50.6763,24.2761,1
PEG-GNR_10x41nm_808nm_2W,1907.0,50.6768,24.2765,1
PEG-GNR_10x41nm_808nm_2W,1908.0,50.6772,24.277,1
PEG-GNR_10x41nm_808nm_2W,1909.0,50.6777,24.2774,1
PEG-GNR_10x41nm_808nm_2W,1910.0,50.6781,24.2779,1
PEG-GNR_10x41nm_808nm_2W,1911.0,50.6785,24.2783,1
PEG-GNR_10x41nm_808nm_2W,1912.0,50.679,24.2788,1
PEG-GNR_10x41nm_808nm_2W,1913.0,50.6794,24.2792,1
PEG-GNR_10x41nm_808nm_2W,1914.0,50.6799,24.2796,1
PEG-GNR_10x41nm_808nm_2W,1915.0,50.6803,24.2801,1
PEG-GNR_10x41nm_808nm_2W,1916.0,50.6807,24.2805,1
PEG-GNR_10x41nm_808nm_2W,1917.0,50.6812,24.2809,1
PEG-GNR_10x41nm_808nm_2W,1918.0,50.6816,24.2814,1
PEG-GNR_10x41nm_808nm_2W,1919.0,50.682,24.2818,1
PEG-GNR_10x41nm_808nm_2W,1920.0,50.6825,24.2822,1
PEG-GNR_10x41nm_808nm_2W,1921.0,50.6829,24.2827,1
PEG-GNR_10x41nm_808nm_2W,1922.0,50.6833,24.2831,1
PEG-GNR_10x41nm_808nm_2W,1923.0,50.6837,24.2835,1
PEG-GNR_10x41nm_808nm_2W,1924.0,50.6842,24.2839,1
PEG-GNR_10x41nm_808nm_2W,1925.0,50.6846,24.2844,1
PEG-GNR_10x41nm_808nm_2W,1926.0,50.685,24.2848,1
PEG-GNR_10x41nm_808nm_2W,1927.0,50.6854,24.2852,1
PEG-GNR_10x41nm_808nm_2W,1928.0,50.6859,24.2856,1
PEG-GNR_10x41nm_808nm_2W,1929.0,50.6863,24.2861,1
PEG-GNR_10x41nm_808nm_2W,1930.0,50.6867,24.2865,1
PEG-GNR_10x41nm_808nm_2W,1931.0,50.6871,24.2869,1
PEG-GNR_10x41nm_808nm_2W,1932.0,50.6875,24.2873,1
PEG-GNR_10x41nm_808nm_2W,1933.0,50.688,24.2877,1
PEG-GNR_10x41nm_808nm_2W,1934.0,50.6884,24.2881,1
PEG-GNR_10x41nm_808nm_2W,1935.0,50.6888,24.2886,1
PEG-GNR_10x41nm_808nm_2W,1936.0,50.6892,24.289,1
PEG-GNR_10x41nm_808nm_2W,1937.0,50.6896,24.2894,1
PEG-GNR_10x41nm_808nm_2W,1938.0,50.69,24.2898,1
PEG-GNR_10x41nm_808nm_2W,1939.0,50.6904,24.2902,1
PEG-GNR_10x41nm_808nm_2W,1940.0,50.6908,24.2906,1
PEG-GNR_10x41nm_808nm_2W,1941.0,50.6912,24.291,1
PEG-GNR_10x41nm_808nm_2W,1942.0,50.6916,24.2914,1
PEG-GNR_10x41nm_808nm_2W,1943.0,50.6921,24.2918,1
PEG-GNR_10x41nm_808nm_2W,1944.0,50.6925,24.2922,1
PEG-GNR_10x41nm_808nm_2W,1945.0,50.6929,24.2926,1
PEG-GNR_10x41nm_808nm_2W,1946.0,50.6933,24.293,1
PEG-GNR_10x41nm_808nm_2W,1947.0,50.6937,24.2934,1
PEG-GNR_10x41nm_808nm_2W,1948.0,50.6941,24.2938,1
PEG-GNR_10x41nm_808nm_2W,1949.0,50.6945,24.2942,1
PEG-GNR_10x41nm_808nm_2W,1950.0,50.6949,24.2946,1
PEG-GNR_10x41nm_808nm_2W,1951.0,50.6953,24.295,1
PEG-GNR_10x41nm_808nm_2W,1952.0,50.6957,24.2954,1
PEG-GNR_10x41nm_808nm_2W,1953.0,50.696,24.2958,1
PEG-GNR_10x41nm_808nm_2W,1954.0,50.6964,24.2962,1
PEG-GNR_10x41nm_808nm_2W,1955.0,50.6968,24.2966,1
PEG-GNR_10x41nm_808nm_2W,1956.0,50.6972,24.297,1
PEG-GNR_10x41nm_808nm_2W,1957.0,50.6976,24.2974,1
PEG-GNR_10x41nm_808nm_2W,1958.0,50.698,24.2978,1
PEG-GNR_10x41nm_808nm_2W,1959.0,50.6984,24.2982,1
PEG-GNR_10x41nm_808nm_2W,1960.0,50.6988,24.2986,1
PEG-GNR_10x41nm_808nm_2W,1961.0,50.6992,24.2989,1
PEG-GNR_10x41nm_808nm_2W,1962.0,50.6996,24.2993,1
PEG-GNR_10x41nm_808nm_2W,1963.0,50.6999,24.2997,1
PEG-GNR_10x41nm_808nm_2W,1964.0,50.7003,24.3001,1
PEG-GNR_10x41nm_808nm_2W,1965.0,50.7007,24.3005,1
PEG-GNR_10x41nm_808nm_2W,1966.0,50.7011,24.3009,1
PEG-GNR_10x41nm_808nm_2W,1967.0,50.7015,24.3012,1
PEG-GNR_10x41nm_808nm_2W,1968.0,50.7018,24.3016,1
PEG-GNR_10x41nm_808nm_2W,1969.0,50.7022,24.302,1
PEG-GNR_10x41nm_808nm_2W,1970.0,50.7026,24.3024,1
PEG-GNR_10x41nm_808nm_2W,1971.0,50.703,24.3028,1
PEG-GNR_10x41nm_808nm_2W,1972.0,50.7034,24.3031,1
PEG-GNR_10x41nm_808nm_2W,1973.0,50.7037,24.3035,1
PEG-GNR_10x41nm_808nm_2W,1974.0,50.7041,24.3039,1
PEG-GNR_10x41nm_808nm_2W,1975.0,50.7045,24.3042,1
PEG-GNR_10x41nm_808nm_2W,1976.0,50.7048,24.3046,1
PEG-GNR_10x41nm_808nm_2W,1977.0,50.7052,24.305,1
PEG-GNR_10x41nm_808nm_2W,1978.0,50.7056,24.3054,1
PEG-GNR_10x41nm_808nm_2W,1979.0,50.706,24.3057,1
PEG-GNR_10x41nm_808nm_2W,1980.0,50.7063,24.3061,1
PEG-GNR_10x41nm_808nm_2W,1981.0,50.7067,24.3065,1
PEG-GNR_10x41nm_808nm_2W,1982.0,50.7071,24.3068,1
PEG-GNR_10x41nm_808nm_2W,1983.0,50.7074,24.3072,1
PEG-GNR_10x41nm_808nm_2W,1984.0,50.7078,24.3076,1
PEG-GNR_10x41nm_808nm_2W,1985.0,50.7082,24.3079,1
PEG-GNR_10x41nm_808nm_2W,1986.0,50.7085,24.3083,1
PEG-GNR_10x41nm_808nm_2W,1987.0,50.7089,24.3086,1
PEG-GNR_10x41nm_808nm_2W,1988.0,50.7092,24.309,1
PEG-GNR_10x41nm_808nm_2W,1989.0,50.7096,24.3094,1
PEG-GNR_10x41nm_808nm_2W,1990.0,50.71,24.3097,1
PEG-GNR_10x41nm_808nm_2W,1991.0,50.7103,24.3101,1
PEG-GNR_10x41nm_808nm_2W,1992.0,50.7107,24.3104,1
PEG-GNR_10x41nm_808nm_2W,1993.0,50.711,24.3108,1
PEG-GNR_10x41nm_808nm_2W,1994.0,50.7114,24.3112,1
PEG-GNR_10x41nm_808nm_2W,1995.0,50.7117,24.3115,1
PEG-GNR_10x41nm_808nm_2W,1996.0,50.7121,24.3119,1
PEG-GNR_10x41nm_808nm_2W,1997.0,50.7124,24.3122,1
PEG-GNR_10x41nm_808nm_2W,1998.0,50.7128,24.3126,1
PEG-GNR_10x41nm_808nm_2W,1999.0,50.7131,24.3129,1
PEG-GNR_10x41nm_808nm_2W,2000.0,50.7135,24.3133,1
PEG-GNR_10x41nm_808nm_2W,2001.0,50.7138,24.3136,1
PEG-GNR_10x41nm_808nm_2W,2002.0,50.7142,24.314,1
PEG-GNR_10x41nm_808nm_2W,2003.0,50.7145,24.3143,1
PEG-GNR_10x41nm_808nm_2W,2004.0,50.7149,24.3146,1
PEG-GNR_10x41nm_808nm_2W,2005.0,50.7152,24.315,1
PEG-GNR_10x41nm_808nm_2W,2006.0,50.7156,24.3153,1
PEG-GNR_10x41nm_808nm_2W,2007.0,50.7159,24.3157,1
PEG-GNR_10x41nm_808nm_2W,2008.0,50.7163,24.316,1
PEG-GNR_10x41nm_808nm_2W,2009.0,50.7166,24.3164,1
PEG-GNR_10x41nm_808nm_2W,2010.0,50.7169,24.3167,1
PEG-GNR_10x41nm_808nm_2W,2011.0,50.7173,24.317,1
PEG-GNR_10x41nm_808nm_2W,2012.0,50.7176,24.3174,1
PEG-GNR_10x41nm_808nm_2W,2013.0,50.7179,24.3177,1
PEG-GNR_10x41nm_808nm_2W,2014.0,50.7183,24.3181,1
PEG-GNR_10x41nm_808nm_2W,2015.0,50.7186,24.3184,1
PEG-GNR_10x41nm_808nm_2W,2016.0,50.719,24.3187,1
PEG-GNR_10x41nm_808nm_2W,2017.0,50.7193,24.3191,1
PEG-GNR_10x41nm_808nm_2W,2018.0,50.7196,24.3194,1
PEG-GNR_10x41nm_808nm_2W,2019.0,50.72,24.3197,1
PEG-GNR_10x41nm_808nm_2W,2020.0,50.7203,24.3201,1
PEG-GNR_10x41nm_808nm_2W,2021.0,50.7206,24.3204,1
PEG-GNR_10x41nm_808nm_2W,2022.0,50.7209,24.3207,1
PEG-GNR_10x41nm_808nm_2W,2023.0,50.7213,24.3211,1
PEG-GNR_10x41nm_808nm_2W,2024.0,50.7216,24.3214,1
PEG-GNR_10x41nm_808nm_2W,2025.0,50.7219,24.3217,1
PEG-GNR_10x41nm_808nm_2W,2026.0,50.7223,24.322,1
PEG-GNR_10x41nm_808nm_2W,2027.0,50.7226,24.3224,1
PEG-GNR_10x41nm_808nm_2W,2028.0,50.7229,24.3227,1
PEG-GNR_10x41nm_808nm_2W,2029.0,50.7232,24.323,1
PEG-GNR_10x41nm_808nm_2W,2030.0,50.7236,24.3233,1
PEG-GNR_10x41nm_808nm_2W,2031.0,50.7239,24.3237,1
PEG-GNR_10x41nm_808nm_2W,2032.0,50.7242,24.324,1
PEG-GNR_10x41nm_808nm_2W,2033.0,50.7245,24.3243,1
PEG-GNR_10x41nm_808nm_2W,2034.0,50.7248,24.3246,1
PEG-GNR_10x41nm_808nm_2W,2035.0,50.7252,24.3249,1
PEG-GNR_10x41nm_808nm_2W,2036.0,50.7255,24.3253,1
PEG-GNR_10x41nm_808nm_2W,2037.0,50.7258,24.3256,1
PEG-GNR_10x41nm_808nm_2W,2038.0,50.7261,24.3259,1
PEG-GNR_10x41nm_808nm_2W,2039.0,50.7264,24.3262,1
PEG-GNR_10x41nm_808nm_2W,2040.0,50.7267,24.3265,1
PEG-GNR_10x41nm_808nm_2W,2041.0,50.7271,24.3268,1
PEG-GNR_10x41nm_808nm_2W,2042.0,50.7274,24.3271,1
PEG-GNR_10x41nm_808nm_2W,2043.0,50.7277,24.3275,1
PEG-GNR_10x41nm_808nm_2W,2044.0,50.728,24.3278,1
PEG-GNR_10x41nm_808nm_2W,2045.0,50.7283,24.3281,1
PEG-GNR_10x41nm_808nm_2W,2046.0,50.7286,24.3284,1
PEG-GNR_10x41nm_808nm_2W,2047.0,50.7289,24.3287,1
PEG-GNR_10x41nm_808nm_2W,2048.0,50.7292,24.329,1
PEG-GNR_10x41nm_808nm_2W,2049.0,50.7295,24.3293,1
PEG-GNR_10x41nm_808nm_2W,2050.0,50.7298,24.3296,1
PEG-GNR_10x41nm_808nm_2W,2051.0,50.7302,24.3299,1
PEG-GNR_10x41nm_808nm_2W,2052.0,50.7305,24.3302,1
PEG-GNR_10x41nm_808nm_2W,2053.0,50.7308,24.3305,1
PEG-GNR_10x41nm_808nm_2W,2054.0,50.7311,24.3308,1
PEG-GNR_10x41nm_808nm_2W,2055.0,50.7314,24.3311,1
PEG-GNR_10x41nm_808nm_2W,2056.0,50.7317,24.3314,1
PEG-GNR_10x41nm_808nm_2W,2057.0,50.732,24.3317,1
PEG-GNR_10x41nm_808nm_2W,2058.0,50.7323,24.332,1
PEG-GNR_10x41nm_808nm_2W,2059.0,50.7326,24.3323,1
PEG-GNR_10x41nm_808nm_2W,2060.0,50.7329,24.3326,1
PEG-GNR_10x41nm_808nm_2W,2061.0,50.7332,24.3329,1
PEG-GNR_10x41nm_808nm_2W,2062.0,50.7335,24.3332,1
PEG-GNR_10x41nm_808nm_2W,2063.0,50.7338,24.3335,1
PEG-GNR_10x41nm_808nm_2W,2064.0,50.7341,24.3338,1
PEG-GNR_10x41nm_808nm_2W,2065.0,50.7344,24.3341,1
PEG-GNR_10x41nm_808nm_2W,2066.0,50.7346,24.3344,1
PEG-GNR_10x41nm_808nm_2W,2067.0,50.7349,24.3347,1
PEG-GNR_10x41nm_808nm_2W,2068.0,50.7352,24.335,1
PEG-GNR_10x41nm_808nm_2W,2069.0,50.7355,24.3353,1
PEG-GNR_10x41nm_808nm_2W,2070.0,50.7358,24.3356,1
PEG-GNR_10x41nm_808nm_2W,2071.0,50.7361,24.3359,1
PEG-GNR_10x41nm_808nm_2W,2072.0,50.7364,24.3362,1
PEG-GNR_10x41nm_808nm_2W,2073.0,50.7367,24.3365,1
PEG-GNR_10x41nm_808nm_2W,2074.0,50.737,24.3367,1
PEG-GNR_10x41nm_808nm_2W,2075.0,50.7373,24.337,1
PEG-GNR_10x41nm_808nm_2W,2076.0,50.7375,24.3373,1
PEG-GNR_10x41nm_808nm_2W,2077.0,50.7378,24.3376,1
PEG-GNR_10x41nm_808nm_2W,2078.0,50.7381,24.3379,1
PEG-GNR_10x41nm_808nm_2W,2079.0,50.7384,24.3382,1
PEG-GNR_10x41nm_808nm_2W,2080.0,50.7387,24.3385,1
PEG-GNR_10x41nm_808nm_2W,2081.0,50.739,24.3387,1
PEG-GNR_10x41nm_808nm_2W,2082.0,50.7393,24.339,1
PEG-GNR_10x41nm_808nm_2W,2083.0,50.7395,24.3393,1
PEG-GNR_10x41nm_808nm_2W,2084.0,50.7398,24.3396,1
PEG-GNR_10x41nm_808nm_2W,2085.0,50.7401,24.3399,1
PEG-GNR_10x41nm_808nm_2W,2086.0,50.7404,24.3401,1
PEG-GNR_10x41nm_808nm_2W,2087.0,50.7407,24.3404,1
PEG-GNR_10x41nm_808nm_2W,2088.0,50.7409,24.3407,1
PEG-GNR_10x41nm_808nm_2W,2089.0,50.7412,24.341,1
PEG-GNR_10x41nm_808nm_2W,2090.0,50.7415,24.3413,1
PEG-GNR_10x41nm_808nm_2W,2091.0,50.7418,24.3415,1
PEG-GNR_10x41nm_808nm_2W,2092.0,50.742,24.3418,1
PEG-GNR_10x41nm_808nm_2W,2093.0,50.7423,24.3421,1
PEG-GNR_10x41nm_808nm_2W,2094.0,50.7426,24.3424,1
PEG-GNR_10x41nm_808nm_2W,2095.0,50.7429,24.3426,1
PEG-GNR_10x41nm_808nm_2W,2096.0,50.7431,24.3429,1
PEG-GNR_10x41nm_808nm_2W,2097.0,50.7434,24.3432,1
PEG-GNR_10x41nm_808nm_2W,2098.0,50.7437,24.3434,1
PEG-GNR_10x41nm_808nm_2W,2099.0,50.7439,24.3437,1
PEG-GNR_10x41nm_808nm_2W,2100.0,50.7442,24.344,1
PEG-GNR_10x41nm_808nm_2W,2101.0,50.7445,24.3442,1
PEG-GNR_10x41nm_808nm_2W,2102.0,50.7447,24.3445,1
PEG-GNR_10x41nm_808nm_2W,2103.0,50.745,24.3448,1
PEG-GNR_10x41nm_808nm_2W,2104.0,50.7453,24.345,1
PEG-GNR_10x41nm_808nm_2W,2105.0,50.7455,24.3453,1
PEG-GNR_10x41nm_808nm_2W,2106.0,50.7458,24.3456,1
PEG-GNR_10x41nm_808nm_2W,2107.0,50.7461,24.3458,1
PEG-GNR_10x41nm_808nm_2W,2108.0,50.7463,24.3461,1
PEG-GNR_10x41nm_808nm_2W,2109.0,50.7466,24.3464,1
PEG-GNR_10x41nm_808nm_2W,2110.0,50.7469,24.3466,1
PEG-GNR_10x41nm_808nm_2W,2111.0,50.7471,24.3469,1
PEG-GNR_10x41nm_808nm_2W,2112.0,50.7474,24.3472,1
PEG-GNR_10x41nm_808nm_2W,2113.0,50.7476,24.3474,1
PEG-GNR_10x41nm_808nm_2W,2114.0,50.7479,24.3477,1
PEG-GNR_10x41nm_808nm_2W,2115.0,50.7482,24.3479,1
PEG-GNR_10x41nm_808nm_2W,2116.0,50.7484,24.3482,1
PEG-GNR_10x41nm_808nm_2W,2117.0,50.7487,24.3485,1
PEG-GNR_10x41nm_808nm_2W,2118.0,50.7489,24.3487,1
PEG-GNR_10x41nm_808nm_2W,2119.0,50.7492,24.349,1
PEG-GNR_10x41nm_808nm_2W,2120.0,50.7494,24.3492,1
PEG-GNR_10x41nm_808nm_2W,2121.0,50.7497,24.3495,1
PEG-GNR_10x41nm_808nm_2W,2122.0,50.75,24.3497,1
PEG-GNR_10x41nm_808nm_2W,2123.0,50.7502,24.35,1
PEG-GNR_10x41nm_808nm_2W,2124.0,50.7505,24.3502,1
PEG-GNR_10x41nm_808nm_2W,2125.0,50.7507,24.3505,1
PEG-GNR_10x41nm_808nm_2W,2126.0,50.751,24.3507,1
PEG-GNR_10x41nm_808nm_2W,2127.0,50.7512,24.351,1
PEG-GNR_10x41nm_808nm_2W,2128.0,50.7515,24.3512,1
PEG-GNR_10x41nm_808nm_2W,2129.0,50.7517,24.3515,1
PEG-GNR_10x41nm_808nm_2W,2130.0,50.752,24.3517,1
PEG-GNR_10x41nm_808nm_2W,2131.0,50.7522,24.352,1
PEG-GNR_10x41nm_808nm_2W,2132.0,50.7525,24.3522,1
PEG-GNR_10x41nm_808nm_2W,2133.0,50.7527,24.3525,1
PEG-GNR_10x41nm_808nm_2W,2134.0,50.753,24.3527,1
PEG-GNR_10x41nm_808nm_2W,2135.0,50.7532,24.353,1
PEG-GNR_10x41nm_808nm_2W,2136.0,50.7534,24.3532,1
PEG-GNR_10x41nm_808nm_2W,2137.0,50.7537,24.3535,1
PEG-GNR_10x41nm_808nm_2W,2138.0,50.7539,24.3537,1
PEG-GNR_10x41nm_808nm_2W,2139.0,50.7542,24.354,1
PEG-GNR_10x41nm_808nm_2W,2140.0,50.7544,24.3542,1
PEG-GNR_10x41nm_808nm_2W,2141.0,50.7547,24.3544,1
PEG-GNR_10x41nm_808nm_2W,2142.0,50.7549,24.3547,1
PEG-GNR_10x41nm_808nm_2W,2143.0,50.7551,24.3549,1
PEG-GNR_10x41nm_808nm_2W,2144.0,50.7554,24.3552,1
PEG-GNR_10x41nm_808nm_2W,2145.0,50.7556,24.3554,1
PEG-GNR_10x41nm_808nm_2W,2146.0,50.7559,24.3556,1
PEG-GNR_10x41nm_808nm_2W,2147.0,50.7561,24.3559,1
PEG-GNR_10x41nm_808nm_2W,2148.0,50.7563,24.3561,1
PEG-GNR_10x41nm_808nm_2W,2149.0,50.7566,24.3564,1
PEG-GNR_10x41nm_808nm_2W,2150.0,50.7568,24.3566,1
PEG-GNR_10x41nm_808nm_2W,2151.0,50.7571,24.3568,1
PEG-GNR_10x41nm_808nm_2W,2152.0,50.7573,24.3571,1
PEG-GNR_10x41nm_808nm_2W,2153.0,50.7575,24.3573,1
PEG-GNR_10x41nm_808nm_2W,2154.0,50.7578,24.3575,1
PEG-GNR_10x41nm_808nm_2W,2155.0,50.758,24.3578,1
PEG-GNR_10x41nm_808nm_2W,2156.0,50.7582,24.358,1
PEG-GNR_10x41nm_808nm_2W,2157.0,50.7585,24.3582,1
PEG-GNR_10x41nm_808nm_2W,2158.0,50.7587,24.3585,1
PEG-GNR_10x41nm_808nm_2W,2159.0,50.7589,24.3587,1
PEG-GNR_10x41nm_808nm_2W,2160.0,50.7591,24.3589,1
PEG-GNR_10x41nm_808nm_2W,2161.0,50.7594,24.3591,1
PEG-GNR_10x41nm_808nm_2W,2162.0,50.7596,24.3594,1
PEG-GNR_10x41nm_808nm_2W,2163.0,50.7598,24.3596,1
PEG-GNR_10x41nm_808nm_2W,2164.0,50.7601,24.3598,1
PEG-GNR_10x41nm_808nm_2W,2165.0,50.7603,24.3601,1
PEG-GNR_10x41nm_808nm_2W,2166.0,50.7605,24.3603,1
PEG-GNR_10x41nm_808nm_2W,2167.0,50.7607,24.3605,1
PEG-GNR_10x41nm_808nm_2W,2168.0,50.761,24.3607,1
PEG-GNR_10x41nm_808nm_2W,2169.0,50.7612,24.361,1
PEG-GNR_10x41nm_808nm_2W,2170.0,50.7614,24.3612,1
PEG-GNR_10x41nm_808nm_2W,2171.0,50.7616,24.3614,1
PEG-GNR_10x41nm_808nm_2W,2172.0,50.7619,24.3616,1
PEG-GNR_10x41nm_808nm_2W,2173.0,50.7621,24.3619,1
PEG-GNR_10x41nm_808nm_2W,2174.0,50.7623,24.3621,1
PEG-GNR_10x41nm_808nm_2W,2175.0,50.7625,24.3623,1
PEG-GNR_10x41nm_808nm_2W,2176.0,50.7628,24.3625,1
PEG-GNR_10x41nm_808nm_2W,2177.0,50.763,24.3627,1
PEG-GNR_10x41nm_808nm_2W,2178.0,50.7632,24.363,1
PEG-GNR_10x41nm_808nm_2W,2179.0,50.7634,24.3632,1
PEG-GNR_10x41nm_808nm_2W,2180.0,50.7636,24.3634,1
PEG-GNR_10x41nm_808nm_2W,2181.0,50.7638,24.3636,1
PEG-GNR_10x41nm_808nm_2W,2182.0,50.7641,24.3638,1
PEG-GNR_10x41nm_808nm_2W,2183.0,50.7406,24.3404,0
PEG-GNR_10x41nm_808nm_2W,2184.0,50.6773,24.2771,0
PEG-GNR_10x41nm_808nm_2W,2185.0,50.6142,24.214,0
PEG-GNR_10x41nm_808nm_2W,2186.0,50.5513,24.1511,0
PEG-GNR_10x41nm_808nm_2W,2187.0,50.4885,24.0883,0
PEG-GNR_10x41nm_808nm_2W,2188.0,50.4259,24.0256,0
PEG-GNR_10x41nm_808nm_2W,2189.0,50.3634,23.9632,0
PEG-GNR_10x41nm_808nm_2W,2190.0,50.3011,23.9009,0
PEG-GNR_10x41nm_808nm_2W,2191.0,50.239,23.8388,0
PEG-GNR_10x41nm_808nm_2W,2192.0,50.177,23.7768,0
PEG-GNR_10x41nm_808nm_2W,2193.0,50.1152,23.715,0
PEG-GNR_10x41nm_808nm_2W,2194.0,50.0535,23.6533,0
PEG-GNR_10x41nm_808nm_2W,2195.0,49.9921,23.5918,0
PEG-GNR_10x41nm_808nm_2W,2196.0,49.9307,23.5305,0
PEG-GNR_10x41nm_808nm_2W,2197.0,49.8695,23.4693,0
PEG-GNR_10x41nm_808nm_2W,2198.0,49.8085,23.4083,0
PEG-GNR_10x41nm_808nm_2W,2199.0,49.7477,23.3475,0
PEG-GNR_10x41nm_808nm_2W,2200.0,49.687,23.2868,0
PEG-GNR_10x41nm_808nm_2W,2201.0,49.6264,23.2262,0
PEG-GNR_10x41nm_808nm_2W,2202.0,49.5661,23.1658,0
PEG-GNR_10x41nm_808nm_2W,2203.0,49.5058,23.1056,0
PEG-GNR_10x41nm_808nm_2W,2204.0,49.4458,23.0455,0
PEG-GNR_10x41nm_808nm_2W,2205.0,49.3859,22.9856,0
PEG-GNR_10x41nm_808nm_2W,2206.0,49.3261,22.9259,0
PEG-GNR_10x41nm_808nm_2W,2207.0,49.2665,22.8663,0
PEG-GNR_10x41nm_808nm_2W,2208.0,49.2071,22.8068,0
PEG-GNR_10x41nm_808nm_2W,2209.0,49.1478,22.7475,0
PEG-GNR_10x41nm_808nm_2W,2210.0,49.0886,22.6884,0
PEG-GNR_10x41nm_808nm_2W,2211.0,49.0296,22.6294,0
PEG-GNR_10x41nm_808nm_2W,2212.0,48.9708,22.5706,0
PEG-GNR_10x41nm_808nm_2W,2213.0,48.9121,22.5119,0
PEG-GNR_10x41nm_808nm_2W,2214.0,48.8536,22.4534,0
PEG-GNR_10x41nm_808nm_2W,2215.0,48.7952,22.395,0
PEG-GNR_10x41nm_808nm_2W,2216.0,48.737,22.3368,0
PEG-GNR_10x41nm_808nm_2W,2217.0,48.679,22.2787,0
PEG-GNR_10x41nm_808nm_2W,2218.0,48.621,22.2208,0
PEG-GNR_10x41nm_808nm_2W,2219.0,48.5633,22.163,0
PEG-GNR_10x41nm_808nm_2W,2220.0,48.5056,22.1054,0
PEG-GNR_10x41nm_808nm_2W,2221.0,48.4482,22.048,0
PEG-GNR_10x41nm_808nm_2W,2222.0,48.3909,21.9906,0
PEG-GNR_10x41nm_808nm_2W,2223.0,48.3337,21.9335,0
PEG-GNR_10x41nm_808nm_2W,2224.0,48.2767,21.8764,0
PEG-GNR_10x41nm_808nm_2W,2225.0,48.2198,21.8196,0
PEG-GNR_10x41nm_808nm_2W,2226.0,48.1631,21.7628,0
PEG-GNR_10x41nm_808nm_2W,2227.0,48.1065,21.7063,0
PEG-GNR_10x41nm_808nm_2W,2228.0,48.0501,21.6498,0
PEG-GNR_10x41nm_808nm_2W,2229.0,47.9938,21.5936,0
PEG-GNR_10x41nm_808nm_2W,2230.0,47.9376,21.5374,0
PEG-GNR_10x41nm_808nm_2W,2231.0,47.8817,21.4814,0
PEG-GNR_10x41nm_808nm_2W,2232.0,47.8258,21.4256,0
PEG-GNR_10x41nm_808nm_2W,2233.0,47.7701,21.3699,0
PEG-GNR_10x41nm_808nm_2W,2234.0,47.7146,21.3143,0
PEG-GNR_10x41nm_808nm_2W,2235.0,47.6591,21.2589,0
PEG-GNR_10x41nm_808nm_2W,2236.0,47.6039,21.2036,0
PEG-GNR_10x41nm_808nm_2W,2237.0,47.5488,21.1485,0
PEG-GNR_10x41nm_808nm_2W,2238.0,47.4938,21.0935,0
PEG-GNR_10x41nm_808nm_2W,2239.0,47.4389,21.0387,0
PEG-GNR_10x41nm_808nm_2W,2240.0,47.3842,20.984,0
PEG-GNR_10x41nm_808nm_2W,2241.0,47.3297,20.9295,0
PEG-GNR_10x41nm_808nm_2W,2242.0,47.2753,20.875,0
PEG-GNR_10x41nm_808nm_2W,2243.0,47.221,20.8208,0
PEG-GNR_10x41nm_808nm_2W,2244.0,47.1669,20.7667,0
PEG-GNR_10x41nm_808nm_2W,2245.0,47.1129,20.7127,0
PEG-GNR_10x41nm_808nm_2W,2246.0,47.059,20.6588,0
PEG-GNR_10x41nm_808nm_2W,2247.0,47.0053,20.6051,0
PEG-GNR_10x41nm_808nm_2W,2248.0,46.9518,20.5515,0
PEG-GNR_10x41nm_808nm_2W,2249.0,46.8983,20.4981,0
PEG-GNR_10x41nm_808nm_2W,2250.0,46.8451,20.4448,0
PEG-GNR_10x41nm_808nm_2W,2251.0,46.7919,20.3917,0
PEG-GNR_10x41nm_808nm_2W,2252.0,46.7389,20.3387,0
PEG-GNR_10x41nm_808nm_2W,2253.0,46.686,20.2858,0
PEG-GNR_10x41nm_808nm_2W,2254.0,46.6333,20.2331,0
PEG-GNR_10x41nm_808nm_2W,2255.0,46.5807,20.1805,0
PEG-GNR_10x41nm_808nm_2W,2256.0,46.5282,20.128,0
PEG-GNR_10x41nm_808nm_2W,2257.0,46.4759,20.0757,0
PEG-GNR_10x41nm_808nm_2W,2258.0,46.4237,20.0235,0
PEG-GNR_10x41nm_808nm_2W,2259.0,46.3716,19.9714,0
PEG-GNR_10x41nm_808nm_2W,2260.0,46.3197,19.9195,0
PEG-GNR_10x41nm_808nm_2W,2261.0,46.2679,19.8677,0
PEG-GNR_10x41nm_808nm_2W,2262.0,46.2163,19.8161,0
PEG-GNR_10x41nm_808nm_2W,2263.0,46.1648,19.7645,0
PEG-GNR_10x41nm_808nm_2W,2264.0,46.1134,19.7132,0
PEG-GNR_10x41nm_808nm_2W,2265.0,46.0621,19.6619,0
PEG-GNR_10x41nm_808nm_2W,2266.0,46.011,19.6108,0
PEG-GNR_10x41nm_808nm_2W,2267.0,45.96,19.5598,0
PEG-GNR_10x41nm_808nm_2W,2268.0,45.9092,19.509,0
PEG-GNR_10x41nm_808nm_2W,2269.0,45.8585,19.4582,0
PEG-GNR_10x41nm_808nm_2W,2270.0,45.8079,19.4077,0
PEG-GNR_10x41nm_808nm_2W,2271.0,45.7574,19.3572,0
PEG-GNR_10x41nm_808nm_2W,2272.0,45.7071,19.3069,0
PEG-GNR_10x41nm_808nm_2W,2273.0,45.6569,19.2567,0
PEG-GNR_10x41nm_808nm_2W,2274.0,45.6069,19.2066,0
PEG-GNR_10x41nm_808nm_2W,2275.0,45.5569,19.1567,0
PEG-GNR_10x41nm_808nm_2W,2276.0,45.5071,19.1069,0
PEG-GNR_10x41nm_808nm_2W,2277.0,45.4575,19.0572,0
PEG-GNR_10x41nm_808nm_2W,2278.0,45.4079,19.0077,0
PEG-GNR_10x41nm_808nm_2W,2279.0,45.3585,18.9583,0
PEG-GNR_10x41nm_808nm_2W,2280.0,45.3092,18.909,0
PEG-GNR_10x41nm_808nm_2W,2281.0,45.26,18.8598,0
PEG-GNR_10x41nm_808nm_2W,2282.0,45.211,18.8108,0
PEG-GNR_10x41nm_808nm_2W,2283.0,45.1621,18.7619,0
PEG-GNR_10x41nm_808nm_2W,2284.0,45.1133,18.7131,0
PEG-GNR_10x41nm_808nm_2W,2285.0,45.0647,18.6645,0
PEG-GNR_10x41nm_808nm_2W,2286.0,45.0162,18.6159,0
PEG-GNR_10x41nm_808nm_2W,2287.0,44.9678,18.5675,0
PEG-GNR_10x41nm_808nm_2W,2288.0,44.9195,18.5193,0
PEG-GNR_10x41nm_808nm_2W,2289.0,44.8714,18.4711,0
PEG-GNR_10x41nm_808nm_2W,2290.0,44.8233,18.4231,0
PEG-GNR_10x41nm_808nm_2W,2291.0,44.7754,18.3752,0
PEG-GNR_10x41nm_808nm_2W,2292.0,44.7277,18.3274,0
PEG-GNR_10x41nm_808nm_2W,2293.0,44.68,18.2798,0
PEG-GNR_10x41nm_808nm_2W,2294.0,44.6325,18.2323,0
PEG-GNR_10x41nm_808nm_2W,2295.0,44.5851,18.1849,0
PEG-GNR_10x41nm_808nm_2W,2296.0,44.5378,18.1376,0
PEG-GNR_10x41nm_808nm_2W,2297.0,44.4907,18.0905,0
PEG-GNR_10x41nm_808nm_2W,2298.0,44.4436,18.0434,0
PEG-GNR_10x41nm_808nm_2W,2299.0,44.3967,17.9965,0
PEG-GNR_10x41nm_808nm_2W,2300.0,44.35,17.9497,0
PEG-GNR_10x41nm_808nm_2W,2301.0,44.3033,17.9031,0
PEG-GNR_10x41nm_808nm_2W,2302.0,44.2567,17.8565,0
PEG-GNR_10x41nm_808nm_2W,2303.0,44.2103,17.8101,0
PEG-GNR_10x41nm_808nm_2W,2304.0,44.164,17.7638,0
PEG-GNR_10x41nm_808nm_2W,2305.0,44.1178,17.7176,0
PEG-GNR_10x41nm_808nm_2W,2306.0,44.0718,17.6716,0
PEG-GNR_10x41nm_808nm_2W,2307.0,44.0258,17.6256,0
PEG-GNR_10x41nm_808nm_2W,2308.0,43.98,17.5798,0
PEG-GNR_10x41nm_808nm_2W,2309.0,43.9343,17.5341,0
PEG-GNR_10x41nm_808nm_2W,2310.0,43.8887,17.4885,0
PEG-GNR_10x41nm_808nm_2W,2311.0,43.8433,17.443,0
PEG-GNR_10x41nm_808nm_2W,2312.0,43.7979,17.3977,0
PEG-GNR_10x41nm_808nm_2W,2313.0,43.7527,17.3525,0
PEG-GNR_10x41nm_808nm_2W,2314.0,43.7076,17.3074,0
PEG-GNR_10x41nm_808nm_2W,2315.0,43.6626,17.2624,0
PEG-GNR_10x41nm_808nm_2W,2316.0,43.6177,17.2175,0
PEG-GNR_10x41nm_808nm_2W,2317.0,43.573,17.1727,0
PEG-GNR_10x41nm_808nm_2W,2318.0,43.5283,17.1281,0
PEG-GNR_10x41nm_808nm_2W,2319.0,43.4838,17.0836,0
PEG-GNR_10x41nm_808nm_2W,2320.0,43.4394,17.0391,0
PEG-GNR_10x41nm_808nm_2W,2321.0,43.3951,16.9948,0
PEG-GNR_10x41nm_808nm_2W,2322.0,43.3509,16.9507,0
PEG-GNR_10x41nm_808nm_2W,2323.0,43.3068,16.9066,0
PEG-GNR_10x41nm_808nm_2W,2324.0,43.2629,16.8626,0
PEG-GNR_10x41nm_808nm_2W,2325.0,43.219,16.8188,0
PEG-GNR_10x41nm_808nm_2W,2326.0,43.1753,16.7751,0
PEG-GNR_10x41nm_808nm_2W,2327.0,43.1317,16.7315,0
PEG-GNR_10x41nm_808nm_2W,2328.0,43.0882,16.688,0
PEG-GNR_10x41nm_808nm_2W,2329.0,43.0448,16.6446,0
PEG-GNR_10x41nm_808nm_2W,2330.0,43.0015,16.6013,0
PEG-GNR_10x41nm_808nm_2W,2331.0,42.9584,16.5582,0
PEG-GNR_10x41nm_808nm_2W,2332.0,42.9153,16.5151,0
PEG-GNR_10x41nm_808nm_2W,2333.0,42.8724,16.4722,0
PEG-GNR_10x41nm_808nm_2W,2334.0,42.8296,16.4294,0
PEG-GNR_10x41nm_808nm_2W,2335.0,42.7869,16.3866,0
PEG-GNR_10x41nm_808nm_2W,2336.0,42.7443,16.344,0
PEG-GNR_10x41nm_808nm_2W,2337.0,42.7018,16.3016,0
PEG-GNR_10x41nm_808nm_2W,2338.0,42.6594,16.2592,0
PEG-GNR_10x41nm_808nm_2W,2339.0,42.6171,16.2169,0
PEG-GNR_10x41nm_808nm_2W,2340.0,42.575,16.1747,0
PEG-GNR_10x41nm_808nm_2W,2341.0,42.5329,16.1327,0
PEG-GNR_10x41nm_808nm_2W,2342.0,42.491,16.0908,0
PEG-GNR_10x41nm_808nm_2W,2343.0,42.4492,16.0489,0
PEG-GNR_10x41nm_808nm_2W,2344.0,42.4074,16.0072,0
PEG-GNR_10x41nm_808nm_2W,2345.0,42.3658,15.9656,0
PEG-GNR_10x41nm_808nm_2W,2346.0,42.3243,15.9241,0
PEG-GNR_10x41nm_808nm_2W,2347.0,42.2829,15.8827,0
PEG-GNR_10x41nm_808nm_2W,2348.0,42.2416,15.8414,0
PEG-GNR_10x41nm_808nm_2W,2349.0,42.2004,15.8002,0
PEG-GNR_10x41nm_808nm_2W,2350.0,42.1594,15.7591,0
PEG-GNR_10x41nm_808nm_2W,2351.0,42.1184,15.7182,0
PEG-GNR_10x41nm_808nm_2W,2352.0,42.0775,15.6773,0
PEG-GNR_10x41nm_808nm_2W,2353.0,42.0368,15.6365,0
PEG-GNR_10x41nm_808nm_2W,2354.0,41.9961,15.5959,0
PEG-GNR_10x41nm_808nm_2W,2355.0,41.9556,15.5553,0
PEG-GNR_10x41nm_808nm_2W,2356.0,41.9151,15.5149,0
PEG-GNR_10x41nm_808nm_2W,2357.0,41.8748,15.4746,0
PEG-GNR_10x41nm_808nm_2W,2358.0,41.8346,15.4343,0
PEG-GNR_10x41nm_808nm_2W,2359.0,41.7944,15.3942,0
PEG-GNR_10x41nm_808nm_2W,2360.0,41.7544,15.3542,0
PEG-GNR_10x41nm_808nm_2W,2361.0,41.7145,15.3143,0
PEG-GNR_10x41nm_808nm_2W,2362.0,41.6747,15.2745,0
PEG-GNR_10x41nm_808nm_2W,2363.0,41.635,15.2348,0
PEG-GNR_10x41nm_808nm_2W,2364.0,41.5954,15.1952,0
PEG-GNR_10x41nm_808nm_2W,2365.0,41.5559,15.1557,0
PEG-GNR_10x41nm_808nm_2W,2366.0,41.5165,15.1163,0
PEG-GNR_10x41nm_808nm_2W,2367.0,41.4772,15.077,0
PEG-GNR_10x41nm_808nm_2W,2368.0,41.438,15.0378,0
PEG-GNR_10x41nm_808nm_2W,2369.0,41.3989,14.9987,0
PEG-GNR_10x41nm_808nm_2W,2370.0,41.3599,14.9597,0
PEG-GNR_10x41nm_808nm_2W,2371.0,41.321,14.9208,0
PEG-GNR_10x41nm_808nm_2W,2372.0,41.2822,14.882,0
PEG-GNR_10x41nm_808nm_2W,2373.0,41.2435,14.8433,0
PEG-GNR_10x41nm_808nm_2W,2374.0,41.2049,14.8047,0
PEG-GNR_10x41nm_808nm_2W,2375.0,41.1665,14.7662,0
PEG-GNR_10x41nm_808nm_2W,2376.0,41.1281,14.7278,0
PEG-GNR_10x41nm_808nm_2W,2377.0,41.0898,14.6896,0
PEG-GNR_10x41nm_808nm_2W,2378.0,41.0516,14.6514,0
PEG-GNR_10x41nm_808nm_2W,2379.0,41.0135,14.6133,0
PEG-GNR_10x41nm_808nm_2W,2380.0,40.9755,14.5753,0
PEG-GNR_10x41nm_808nm_2W,2381.0,40.9376,14.5374,0
PEG-GNR_10x41nm_808nm_2W,2382.0,40.8998,14.4996,0
PEG-GNR_10x41nm_808nm_2W,2383.0,40.8621,14.4619,0
PEG-GNR_10x41nm_808nm_2W,2384.0,40.8245,14.4243,0
PEG-GNR_10x41nm_808nm_2W,2385.0,40.787,14.3868,0
PEG-GNR_10x41nm_808nm_2W,2386.0,40.7496,14.3494,0
PEG-GNR_10x41nm_808nm_2W,2387.0,40.7123,14.3121,0
PEG-GNR_10x41nm_808nm_2W,2388.0,40.6751,14.2749,0
PEG-GNR_10x41nm_808nm_2W,2389.0,40.638,14.2378,0
PEG-GNR_10x41nm_808nm_2W,2390.0,40.601,14.2008,0
PEG-GNR_10x41nm_808nm_2W,2391.0,40.5641,14.1639,0
PEG-GNR_10x41nm_808nm_2W,2392.0,40.5273,14.127,0
PEG-GNR_10x41nm_808nm_2W,2393.0,40.4905,14.0903,0
PEG-GNR_10x41nm_808nm_2W,2394.0,40.4539,14.0537,0
PEG-GNR_10x41nm_808nm_2W,2395.0,40.4174,14.0171,0
PEG-GNR_10x41nm_808nm_2W,2396.0,40.3809,13.9807,0
PEG-GNR_10x41nm_808nm_2W,2397.0,40.3446,13.9444,0
PEG-GNR_10x41nm_808nm_2W,2398.0,40.3083,13.9081,0
PEG-GNR_10x41nm_808nm_2W,2399.0,40.2722,13.8719,0
PEG-GNR_10x41nm_808nm_2W,2400.0,40.2361,13.8359,0
PEG-GNR_10x41nm_808nm_2W,2401.0,40.2001,13.7999,0
PEG-GNR_10x41nm_808nm_2W,2402.0,40.1643,13.764,0
PEG-GNR_10x41nm_808nm_2W,2403.0,40.1285,13.7283,0
PEG-GNR_10x41nm_808nm_2W,2404.0,40.0928,13.6926,0
PEG-GNR_10x41nm_808nm_2W,2405.0,40.0572,13.657,0
PEG-GNR_10x41nm_808nm_2W,2406.0,40.0217,13.6215,0
PEG-GNR_10x41nm_808nm_2W,2407.0,39.9863,13.5861,0
PEG-GNR_10x41nm_808nm_2W,2408.0,39.951,13.5507,0
PEG-GNR_10x41nm_808nm_2W,2409.0,39.9157,13.5155,0
PEG-GNR_10x41nm_808nm_2W,2410.0,39.8806,13.4804,0
PEG-GNR_10x41nm_808nm_2W,2411.0,39.8455,13.4453,0
PEG-GNR_10x41nm_808nm_2W,2412.0,39.8106,13.4104,0
PEG-GNR_10x41nm_808nm_2W,2413.0,39.7757,13.3755,0
PEG-GNR_10x41nm_808nm_2W,2414.0,39.741,13.3407,0
PEG-GNR_10x41nm_808nm_2W,2415.0,39.7063,13.306,0
PEG-GNR_10x41nm_808nm_2W,2416.0,39.6717,13.2715,0
PEG-GNR_10x41nm_808nm_2W,2417.0,39.6372,13.237,0
PEG-GNR_10x41nm_808nm_2W,2418.0,39.6028,13.2025,0
PEG-GNR_10x41nm_808nm_2W,2419.0,39.5684,13.1682,0
PEG-GNR_10x41nm_808nm_2W,2420.0,39.5342,13.134,0
PEG-GNR_10x41nm_808nm_2W,2421.0,39.5001,13.0998,0
PEG-GNR_10x41nm_808nm_2W,2422.0,39.466,13.0658,0
PEG-GNR_10x41nm_808nm_2W,2423.0,39.432,13.0318,0
PEG-GNR_10x41nm_808nm_2W,2424.0,39.3982,12.9979,0
PEG-GNR_10x41nm_808nm_2W,2425.0,39.3644,12.9641,0
PEG-GNR_10x41nm_808nm_2W,2426.0,39.3307,12.9304,0
PEG-GNR_10x41nm_808nm_2W,2427.0,39.2971,12.8968,0
PEG-GNR_10x41nm_808nm_2W,2428.0,39.2635,12.8633,0
PEG-GNR_10x41nm_808nm_2W,2429.0,39.2301,12.8299,0
PEG-GNR_10x41nm_808nm_2W,2430.0,39.1967,12.7965,0
PEG-GNR_10x41nm_808nm_2W,2431.0,39.1635,12.7632,0
PEG-GNR_10x41nm_808nm_2W,2432.0,39.1303,12.7301,0
PEG-GNR_10x41nm_808nm_2W,2433.0,39.0972,12.697,0
PEG-GNR_10x41nm_808nm_2W,2434.0,39.0642,12.664,0
PEG-GNR_10x41nm_808nm_2W,2435.0,39.0313,12.631,0
PEG-GNR_10x41nm_808nm_2W,2436.0,38.9984,12.5982,0
PEG-GNR_10x41nm_808nm_2W,2437.0,38.9657,12.5654,0
PEG-GNR_10x41nm_808nm_2W,2438.0,38.933,12.5328,0
PEG-GNR_10x41nm_808nm_2W,2439.0,38.9004,12.5002,0
PEG-GNR_10x41nm_808nm_2W,2440.0,38.8679,12.4677,0
PEG-GNR_10x41nm_808nm_2W,2441.0,38.8355,12.4353,0
PEG-GNR_10x41nm_808nm_2W,2442.0,38.8032,12.403,0
PEG-GNR_10x41nm_808nm_2W,2443.0,38.7709,12.3707,0
PEG-GNR_10x41nm_808nm_2W,2444.0,38.7388,12.3386,0
PEG-GNR_10x41nm_808nm_2W,2445.0,38.7067,12.3065,0
PEG-GNR_10x41nm_808nm_2W,2446.0,38.6747,12.2745,0
PEG-GNR_10x41nm_808nm_2W,2447.0,38.6428,12.2426,0
PEG-GNR_10x41nm_808nm_2W,2448.0,38.611,12.2107,0
PEG-GNR_10x41nm_808nm_2W,2449.0,38.5792,12.179,0
PEG-GNR_10x41nm_808nm_2W,2450.0,38.5476,12.1473,0
PEG-GNR_10x41nm_808nm_2W,2451.0,38.516,12.1158,0
PEG-GNR_10x41nm_808nm_2W,2452.0,38.4845,12.0843,0
PEG-GNR_10x41nm_808nm_2W,2453.0,38.4531,12.0528,0
PEG-GNR_10x41nm_808nm_2W,2454.0,38.4217,12.0215,0
PEG-GNR_10x41nm_808nm_2W,2455.0,38.3905,11.9903,0
PEG-GNR_10x41nm_808nm_2W,2456.0,38.3593,11.9591,0
PEG-GNR_10x41nm_808nm_2W,2457.0,38.3282,11.928,0
PEG-GNR_10x41nm_808nm_2W,2458.0,38.2972,11.897,0
PEG-GNR_10x41nm_808nm_2W,2459.0,38.2663,11.8661,0
PEG-GNR_10x41nm_808nm_2W,2460.0,38.2354,11.8352,0
PEG-GNR_10x41nm_808nm_2W,2461.0,38.2047,11.8044,0
PEG-GNR_10x41nm_808nm_2W,2462.0,38.174,11.7738,0
PEG-GNR_10x41nm_808nm_2W,2463.0,38.1434,11.7431,0
PEG-GNR_10x41nm_808nm_2W,2464.0,38.1128,11.7126,0
PEG-GNR_10x41nm_808nm_2W,2465.0,38.0824,11.6822,0
PEG-GNR_10x41nm_808nm_2W,2466.0,38.052,11.6518,0
PEG-GNR_10x41nm_808nm_2W,2467.0,38.0217,11.6215,0
PEG-GNR_10x41nm_808nm_2W,2468.0,37.9915,11.5913,0
PEG-GNR_10x41nm_808nm_2W,2469.0,37.9614,11.5612,0
PEG-GNR_10x41nm_808nm_2W,2470.0,37.9313,11.5311,0
PEG-GNR_10x41nm_808nm_2W,2471.0,37.9014,11.5011,0
PEG-GNR_10x41nm_808nm_2W,2472.0,37.8715,11.4712,0
PEG-GNR_10x41nm_808nm_2W,2473.0,37.8416,11.4414,0
PEG-GNR_10x41nm_808nm_2W,2474.0,37.8119,11.4117,0
PEG-GNR_10x41nm_808nm_2W,2475.0,37.7822,11.382,0
PEG-GNR_10x41nm_808nm_2W,2476.0,37.7526,11.3524,0
PEG-GNR_10x41nm_808nm_2W,2477.0,37.7231,11.3229,0
PEG-GNR_10x41nm_808nm_2W,2478.0,37.6937,11.2935,0
PEG-GNR_10x41nm_808nm_2W,2479.0,37.6643,11.2641,0
PEG-GNR_10x41nm_808nm_2W,2480.0,37.635,11.2348,0
PEG-GNR_10x41nm_808nm_2W,2481.0,37.6058,11.2056,0
PEG-GNR_10x41nm_808nm_2W,2482.0,37.5767,11.1765,0
PEG-GNR_10x41nm_808nm_2W,2483.0,37.5476,11.1474,0
PEG-GNR_10x41nm_808nm_2W,2484.0,37.5187,11.1184,0
PEG-GNR_10x41nm_808nm_2W,2485.0,37.4898,11.0895,0
PEG-GNR_10x41nm_808nm_2W,2486.0,37.4609,11.0607,0
PEG-GNR_10x41nm_808nm_2W,2487.0,37.4322,11.032,0
PEG-GNR_10x41nm_808nm_2W,2488.0,37.4035,11.0033,0
PEG-GNR_10x41nm_808nm_2W,2489.0,37.3749,10.9747,0
PEG-GNR_10x41nm_808nm_2W,2490.0,37.3464,10.9461,0
PEG-GNR_10x41nm_808nm_2W,2491.0,37.3179,10.9177,0
PEG-GNR_10x41nm_808nm_2W,2492.0,37.2895,10.8893,0
PEG-GNR_10x41nm_808nm_2W,2493.0,37.2612,10.861,0
PEG-GNR_10x41nm_808nm_2W,2494.0,37.233,10.8328,0
PEG-GNR_10x41nm_808nm_2W,2495.0,37.2048,10.8046,0
PEG-GNR_10x41nm_808nm_2W,2496.0,37.1767,10.7765,0
PEG-GNR_10x41nm_808nm_2W,2497.0,37.1487,10.7485,0
PEG-GNR_10x41nm_808nm_2W,2498.0,37.1208,10.7205,0
PEG-GNR_10x41nm_808nm_2W,2499.0,37.0929,10.6927,0
PEG-GNR_10x41nm_808nm_2W,2500.0,37.0651,10.6649,0
PEG-GNR_10x41nm_808nm_2W,2501.0,37.0374,10.6371,0
PEG-GNR_10x41nm_808nm_2W,2502.0,37.0097,10.6095,0
PEG-GNR_10x41nm_808nm_2W,2503.0,36.9821,10.5819,0
PEG-GNR_10x41nm_808nm_2W,2504.0,36.9546,10.5544,0
PEG-GNR_10x41nm_808nm_2W,2505.0,36.9272,10.527,0
PEG-GNR_10x41nm_808nm_2W,2506.0,36.8998,10.4996,0
PEG-GNR_10x41nm_808nm_2W,2507.0,36.8725,10.4723,0
PEG-GNR_10x41nm_808nm_2W,2508.0,36.8453,10.4451,0
PEG-GNR_10x41nm_808nm_2W,2509.0,36.8182,10.4179,0
PEG-GNR_10x41nm_808nm_2W,2510.0,36.7911,10.3908,0
PEG-GNR_10x41nm_808nm_2W,2511.0,36.7641,10.3638,0
PEG-GNR_10x41nm_808nm_2W,2512.0,36.7371,10.3369,0
PEG-GNR_10x41nm_808nm_2W,2513.0,36.7102,10.31,0
PEG-GNR_10x41nm_808nm_2W,2514.0,36.6834,10.2832,0
PEG-GNR_10x41nm_808nm_2W,2515.0,36.6567,10.2565,0
PEG-GNR_10x41nm_808nm_2W,2516.0,36.63,10.2298,0
PEG-GNR_10x41nm_808nm_2W,2517.0,36.6034,10.2032,0
PEG-GNR_10x41nm_808nm_2W,2518.0,36.5769,10.1767,0
PEG-GNR_10x41nm_808nm_2W,2519.0,36.5505,10.1502,0
PEG-GNR_10x41nm_808nm_2W,2520.0,36.5241,10.1238,0
PEG-GNR_10x41nm_808nm_2W,2521.0,36.4978,10.0975,0
PEG-GNR_10x41nm_808nm_2W,2522.0,36.4715,10.0713,0
PEG-GNR_10x41nm_808nm_2W,2523.0,36.4453,10.0451,0
PEG-GNR_10x41nm_808nm_2W,2524.0,36.4192,10.019,0
PEG-GNR_10x41nm_808nm_2W,2525.0,36.3932,9.9929,0
PEG-GNR_10x41nm_808nm_2W,2526.0,36.3672,9.967,0
PEG-GNR_10x41nm_808nm_2W,2527.0,36.3413,9.941,0
PEG-GNR_10x41nm_808nm_2W,2528.0,36.3154,9.9152,0
PEG-GNR_10x41nm_808nm_2W,2529.0,36.2896,9.8894,0
PEG-GNR_10x41nm_808nm_2W,2530.0,36.2639,9.8637,0
PEG-GNR_10x41nm_808nm_2W,2531.0,36.2383,9.8381,0
PEG-GNR_10x41nm_808nm_2W,2532.0,36.2127,9.8125,0
PEG-GNR_10x41nm_808nm_2W,2533.0,36.1872,9.787,0
PEG-GNR_10x41nm_808nm_2W,2534.0,36.1618,9.7615,0
PEG-GNR_10x41nm_808nm_2W,2535.0,36.1364,9.7362,0
PEG-GNR_10x41nm_808nm_2W,2536.0,36.1111,9.7109,0
PEG-GNR_10x41nm_808nm_2W,2537.0,36.0858,9.6856,0
PEG-GNR_10x41nm_808nm_2W,2538.0,36.0607,9.6604,0
PEG-GNR_10x41nm_808nm_2W,2539.0,36.0355,9.6353,0
PEG-GNR_10x41nm_808nm_2W,2540.0,36.0105,9.6103,0
PEG-GNR_10x41nm_808nm_2W,2541.0,35.9855,9.5853,0
PEG-GNR_10x41nm_808nm_2W,2542.0,35.9606,9.5604,0
PEG-GNR_10x41nm_808nm_2W,2543.0,35.9357,9.5355,0
PEG-GNR_10x41nm_808nm_2W,2544.0,35.9109,9.5107,0
PEG-GNR_10x41nm_808nm_2W,2545.0,35.8862,9.486,0
PEG-GNR_10x41nm_808nm_2W,2546.0,35.8616,9.4613,0
PEG-GNR_10x41nm_808nm_2W,2547.0,35.837,9.4367,0
PEG-GNR_10x41nm_808nm_2W,2548.0,35.8124,9.4122,0
PEG-GNR_10x41nm_808nm_2W,2549.0,35.788,9.3877,0
PEG-GNR_10x41nm_808nm_2W,2550.0,35.7636,9.3633,0
PEG-GNR_10x41nm_808nm_2W,2551.0,35.7392,9.339,0
PEG-GNR_10x41nm_808nm_2W,2552.0,35.7149,9.3147,0
PEG-GNR_10x41nm_808nm_2W,2553.0,35.6907,9.2905,0
PEG-GNR_10x41nm_808nm_2W,2554.0,35.6666,9.2663,0
PEG-GNR_10x41nm_808nm_2W,2555.0,35.6425,9.2422,0
PEG-GNR_10x41nm_808nm_2W,2556.0,35.6184,9.2182,0
PEG-GNR_10x41nm_808nm_2W,2557.0,35.5945,9.1943,0
PEG-GNR_10x41nm_808nm_2W,2558.0,35.5706,9.1704,0
PEG-GNR_10x41nm_808nm_2W,2559.0,35.5467,9.1465,0
PEG-GNR_10x41nm_808nm_2W,2560.0,35.523,9.1227,0
PEG-GNR_10x41nm_808nm_2W,2561.0,35.4992,9.099,0
PEG-GNR_10x41nm_808nm_2W,2562.0,35.4756,9.0754,0
PEG-GNR_10x41nm_808nm_2W,2563.0,35.452,9.0518,0
PEG-GNR_10x41nm_808nm_2W,2564.0,35.4285,9.0282,0
PEG-GNR_10x41nm_808nm_2W,2565.0,35.405,9.0048,0
PEG-GNR_10x41nm_808nm_2W,2566.0,35.3816,8.9814,0
PEG-GNR_10x41nm_808nm_2W,2567.0,35.3582,8.958,0
PEG-GNR_10x41nm_808nm_2W,2568.0,35.3349,8.9347,0
PEG-GNR_10x41nm_808nm_2W,2569.0,35.3117,8.9115,0
PEG-GNR_10x41nm_808nm_2W,2570.0,35.2886,8.8883,0
PEG-GNR_10x41nm_808nm_2W,2571.0,35.2654,8.8652,0
PEG-GNR_10x41nm_808nm_2W,2572.0,35.2424,8.8422,0
PEG-GNR_10x41nm_808nm_2W,2573.0,35.2194,8.8192,0
PEG-GNR_10x41nm_808nm_2W,2574.0,35.1965,8.7963,0
PEG-GNR_10x41nm_808nm_2W,2575.0,35.1736,8.7734,0
PEG-GNR_10x41nm_808nm_2W,2576.0,35.1508,8.7506,0
PEG-GNR_10x41nm_808nm_2W,2577.0,35.1281,8.7278,0
PEG-GNR_10x41nm_808nm_2W,2578.0,35.1054,8.7051,0
PEG-GNR_10x41nm_808nm_2W,2579.0,35.0827,8.6825,0
PEG-GNR_10x41nm_808nm_2W,2580.0,35.0602,8.6599,0
PEG-GNR_10x41nm_808nm_2W,2581.0,35.0377,8.6374,0
PEG-GNR_10x41nm_808nm_2W,2582.0,35.0152,8.615,0
PEG-GNR_10x41nm_808nm_2W,2583.0,34.9928,8.5926,0
PEG-GNR_10x41nm_808nm_2W,2584.0,34.9705,8.5702,0
PEG-GNR_10x41nm_808nm_2W,2585.0,34.9482,8.548,0
PEG-GNR_10x41nm_808nm_2W,2586.0,34.926,8.5257,0
PEG-GNR_10x41nm_808nm_2W,2587.0,34.9038,8.5036,0
PEG-GNR_10x41nm_808nm_2W,2588.0,34.8817,8.4815,0
PEG-GNR_10x41nm_808nm_2W,2589.0,34.8596,8.4594,0
PEG-GNR_10x41nm_808nm_2W,2590.0,34.8376,8.4374,0
PEG-GNR_10x41nm_808nm_2W,2591.0,34.8157,8.4155,0
PEG-GNR_10x41nm_808nm_2W,2592.0,34.7938,8.3936,0
PEG-GNR_10x41nm_808nm_2W,2593.0,34.772,8.3718,0
PEG-GNR_10x41nm_808nm_2W,2594.0,34.7503,8.35,0
PEG-GNR_10x41nm_808nm_2W,2595.0,34.7285,8.3283,0
PEG-GNR_10x41nm_808nm_2W,2596.0,34.7069,8.3067,0
PEG-GNR_10x41nm_808nm_2W,2597.0,34.6853,8.2851,0
PEG-GNR_10x41nm_808nm_2W,2598.0,34.6638,8.2635,0
PEG-GNR_10x41nm_808nm_2W,2599.0,34.6423,8.242,0
PEG-GNR_10x41nm_808nm_2W,2600.0,34.6208,8.2206,0
PEG-GNR_10x41nm_808nm_2W,2601.0,34.5995,8.1992,0
PEG-GNR_10x41nm_808nm_2W,2602.0,34.5782,8.1779,0
PEG-GNR_10x41nm_808nm_2W,2603.0,34.5569,8.1567,0
PEG-GNR_10x41nm_808nm_2W,2604.0,34.5357,8.1355,0
PEG-GNR_10x41nm_808nm_2W,2605.0,34.5145,8.1143,0
PEG-GNR_10x41nm_808nm_2W,2606.0,34.4935,8.0932,0
PEG-GNR_10x41nm_808nm_2W,2607.0,34.4724,8.0722,0
PEG-GNR_10x41nm_808nm_2W,2608.0,34.4514,8.0512,0
PEG-GNR_10x41nm_808nm_2W,2609.0,34.4305,8.0303,0
PEG-GNR_10x41nm_808nm_2W,2610.0,34.4096,8.0094,0
PEG-GNR_10x41nm_808nm_2W,2611.0,34.3888,7.9886,0
PEG-GNR_10x41nm_808nm_2W,2612.0,34.368,7.9678,0
PEG-GNR_10x41nm_808nm_2W,2613.0,34.3473,7.9471,0
PEG-GNR_10x41nm_808nm_2W,2614.0,34.3267,7.9264,0
PEG-GNR_10x41nm_808nm_2W,2615.0,34.306,7.9058,0
PEG-GNR_10x41nm_808nm_2W,2616.0,34.2855,7.8853,0
PEG-GNR_10x41nm_808nm_2W,2617.0,34.265,7.8648,0
PEG-GNR_10x41nm_808nm_2W,2618.0,34.2446,7.8443,0
PEG-GNR_10x41nm_808nm_2W,2619.0,34.2242,7.8239,0
PEG-GNR_10x41nm_808nm_2W,2620.0,34.2038,7.8036,0
PEG-GNR_10x41nm_808nm_2W,2621.0,34.1835,7.7833,0
PEG-GNR_10x41nm_808nm_2W,2622.0,34.1633,7.7631,0
PEG-GNR_10x41nm_808nm_2W,2623.0,34.1431,7.7429,0
PEG-GNR_10x41nm_808nm_2W,2624.0,34.123,7.7228,0
PEG-GNR_10x41nm_808nm_2W,2625.0,34.1029,7.7027,0
PEG-GNR_10x41nm_808nm_2W,2626.0,34.0829,7.6827,0
PEG-GNR_10x41nm_808nm_2W,2627.0,34.0629,7.6627,0
PEG-GNR_10x41nm_808nm_2W,2628.0,34.043,7.6428,0
PEG-GNR_10x41nm_808nm_2W,2629.0,34.0231,7.6229,0
PEG-GNR_10x41nm_808nm_2W,2630.0,34.0033,7.6031,0
PEG-GNR_10x41nm_808nm_2W,2631.0,33.9835,7.5833,0
PEG-GNR_10x41nm_808nm_2W,2632.0,33.9638,7.5636,0
PEG-GNR_10x41nm_808nm_2W,2633.0,33.9442,7.5439,0
PEG-GNR_10x41nm_808nm_2W,2634.0,33.9245,7.5243,0
PEG-GNR_10x41nm_808nm_2W,2635.0,33.905,7.5048,0
PEG-GNR_10x41nm_808nm_2W,2636.0,33.8855,7.4852,0
PEG-GNR_10x41nm_808nm_2W,2637.0,33.866,7.4658,0
PEG-GNR_10x41nm_808nm_2W,2638.0,33.8466,7.4464,0
PEG-GNR_10x41nm_808nm_2W,2639.0,33.8273,7.427,0
PEG-GNR_10x41nm_808nm_2W,2640.0,33.8079,7.4077,0
PEG-GNR_10x41nm_808nm_2W,2641.0,33.7887,7.3885,0
PEG-GNR_10x41nm_808nm_2W,2642.0,33.7695,7.3692,0
PEG-GNR_10x41nm_808nm_2W,2643.0,33.7503,7.3501,0
PEG-GNR_10x41nm_808nm_2W,2644.0,33.7312,7.331,0
PEG-GNR_10x41nm_808nm_2W,2645.0,33.7122,7.3119,0
PEG-GNR_10x41nm_808nm_2W,2646.0,33.6931,7.2929,0
PEG-GNR_10x41nm_808nm_2W,2647.0,33.6742,7.274,0
PEG-GNR_10x41nm_808nm_2W,2648.0,33.6553,7.255,0
PEG-GNR_10x41nm_808nm_2W,2649.0,33.6364,7.2362,0
PEG-GNR_10x41nm_808nm_2W,2650.0,33.6176,7.2174,0
PEG-GNR_10x41nm_808nm_2W,2651.0,33.5988,7.1986,0
PEG-GNR_10x41nm_808nm_2W,2652.0,33.5801,7.1799,0
PEG-GNR_10x41nm_808nm_2W,2653.0,33.5615,7.1612,0
PEG-GNR_10x41nm_808nm_2W,2654.0,33.5428,7.1426,0
PEG-GNR_10x41nm_808nm_2W,2655.0,33.5243,7.124,0
PEG-GNR_10x41nm_808nm_2W,2656.0,33.5058,7.1055,0
PEG-GNR_10x41nm_808nm_2W,2657.0,33.4873,7.087,0
PEG-GNR_10x41nm_808nm_2W,2658.0,33.4689,7.0686,0
PEG-GNR_10x41nm_808nm_2W,2659.0,33.4505,7.0502,0
PEG-GNR_10x41nm_808nm_2W,2660.0,33.4321,7.0319,0
PEG-GNR_10x41nm_808nm_2W,2661.0,33.4139,7.0136,0
PEG-GNR_10x41nm_808nm_2W,2662.0,33.3956,6.9954,0
PEG-GNR_10x41nm_808nm_2W,2663.0,33.3774,6.9772,0
PEG-GNR_10x41nm_808nm_2W,2664.0,33.3593,6.9591,0
PEG-GNR_10x41nm_808nm_2W,2665.0,33.3412,6.941,0
PEG-GNR_10x41nm_808nm_2W,2666.0,33.3232,6.9229,0
PEG-GNR_10x41nm_808nm_2W,2667.0,33.3052,6.9049,0
PEG-GNR_10x41nm_808nm_2W,2668.0,33.2872,6.887,0
PEG-GNR_10x41nm_808nm_2W,2669.0,33.2693,6.8691,0
PEG-GNR_10x41nm_808nm_2W,2670.0,33.2515,6.8512,0
PEG-GNR_10x41nm_808nm_2W,2671.0,33.2337,6.8334,0
PEG-GNR_10x41nm_808nm_2W,2672.0,33.2159,6.8157,0
PEG-GNR_10x41nm_808nm_2W,2673.0,33.1982,6.7979,0
PEG-GNR_10x41nm_808nm_2W,2674.0,33.1805,6.7803,0
PEG-GNR_10x41nm_808nm_2W,2675.0,33.1629,6.7626,0
PEG-GNR_10x41nm_808nm_2W,2676.0,33.1453,6.7451,0
PEG-GNR_10x41nm_808nm_2W,2677.0,33.1278,6.7275,0
PEG-GNR_10x41nm_808nm_2W,2678.0,33.1103,6.71,0
PEG-GNR_10x41nm_808nm_2W,2679.0,33.0928,6.6926,0
PEG-GNR_10x41nm_808nm_2W,2680.0,33.0754,6.6752,0
PEG-GNR_10x41nm_808nm_2W,2681.0,33.0581,6.6578,0
PEG-GNR_10x41nm_808nm_2W,2682.0,33.0408,6.6405,0
PEG-GNR_10x41nm_808nm_2W,2683.0,33.0235,6.6233,0
PEG-GNR_10x41nm_808nm_2W,2684.0,33.0063,6.606,0
PEG-GNR_10x41nm_808nm_2W,2685.0,32.9891,6.5889,0
PEG-GNR_10x41nm_808nm_2W,2686.0,32.972,6.5717,0
PEG-GNR_10x41nm_808nm_2W,2687.0,32.9549,6.5547,0
PEG-GNR_10x41nm_808nm_2W,2688.0,32.9378,6.5376,0
PEG-GNR_10x41nm_808nm_2W,2689.0,32.9209,6.5206,0
PEG-GNR_10x41nm_808nm_2W,2690.0,32.9039,6.5037,0
PEG-GNR_10x41nm_808nm_2W,2691.0,32.887,6.4868,0
PEG-GNR_10x41nm_808nm_2W,2692.0,32.8701,6.4699,0
PEG-GNR_10x41nm_808nm_2W,2693.0,32.8533,6.4531,0
PEG-GNR_10x41nm_808nm_2W,2694.0,32.8365,6.4363,0
PEG-GNR_10x41nm_808nm_2W,2695.0,32.8198,6.4196,0
PEG-GNR_10x41nm_808nm_2W,2696.0,32.8031,6.4029,0
PEG-GNR_10x41nm_808nm_2W,2697.0,32.7865,6.3862,0
PEG-GNR_10x41nm_808nm_2W,2698.0,32.7699,6.3696,0
PEG-GNR_10x41nm_808nm_2W,2699.0,32.7533,6.3531,0
PEG-GNR_10x41nm_808nm_2W,2700.0,32.7368,6.3366,0
PEG-GNR_10x41nm_808nm_2W,2701.0,32.7203,6.3201,0
PEG-GNR_10x41nm_808nm_2W,2702.0,32.7039,6.3037,0
PEG-GNR_10x41nm_808nm_2W,2703.0,32.6875,6.2873,0
PEG-GNR_10x41nm_808nm_2W,2704.0,32.6712,6.2709,0
PEG-GNR_10x41nm_808nm_2W,2705.0,32.6548,6.2546,0
PEG-GNR_10x41nm_808nm_2W,2706.0,32.6386,6.2384,0
PEG-GNR_10x41nm_808nm_2W,2707.0,32.6224,6.2221,0
PEG-GNR_10x41nm_808nm_2W,2708.0,32.6062,6.206,0
PEG-GNR_10x41nm_808nm_2W,2709.0,32.5901,6.1898,0
PEG-GNR_10x41nm_808nm_2W,2710.0,32.574,6.1737,0
PEG-GNR_10x41nm_808nm_2W,2711.0,32.5579,6.1577,0
PEG-GNR_10x41nm_808nm_2W,2712.0,32.5419,6.1417,0
PEG-GNR_10x41nm_808nm_2W,2713.0,32.5259,6.1257,0
PEG-GNR_10x41nm_808nm_2W,2714.0,32.51,6.1098,0
PEG-GNR_10x41nm_808nm_2W,2715.0,32.4941,6.0939,0
PEG-GNR_10x41nm_808nm_2W,2716.0,32.4783,6.0781,0
PEG-GNR_10x41nm_808nm_2W,2717.0,32.4625,6.0623,0
PEG-GNR_10x41nm_808nm_2W,2718.0,32.4467,6.0465,0
PEG-GNR_10x41nm_808nm_2W,2719.0,32.431,6.0308,0
PEG-GNR_10x41nm_808nm_2W,2720.0,32.4153,6.0151,0
PEG-GNR_10x41nm_808nm_2W,2721.0,32.3997,5.9995,0
PEG-GNR_10x41nm_808nm_2W,2722.0,32.3841,5.9839,0
PEG-GNR_10x41nm_808nm_2W,2723.0,32.3685,5.9683,0
PEG-GNR_10x41nm_808nm_2W,2724.0,32.353,5.9528,0
PEG-GNR_10x41nm_808nm_2W,2725.0,32.3376,5.9373,0
PEG-GNR_10x41nm_808nm_2W,2726.0,32.3221,5.9219,0
PEG-GNR_10x41nm_808nm_2W,2727.0,32.3067,5.9065,0
PEG-GNR_10x41nm_808nm_2W,2728.0,32.2914,5.8911,0
PEG-GNR_10x41nm_808nm_2W,2729.0,32.2761,5.8758,0
PEG-GNR_10x41nm_808nm_2W,2730.0,32.2608,5.8605,0
PEG-GNR_10x41nm_808nm_2W,2731.0,32.2455,5.8453,0
PEG-GNR_10x41nm_808nm_2W,2732.0,32.2303,5.8301,0
PEG-GNR_10x41nm_808nm_2W,2733.0,32.2152,5.815,0
PEG-GNR_10x41nm_808nm_2W,2734.0,32.2001,5.7998,0
PEG-GNR_10x41nm_808nm_2W,2735.0,32.185,5.7848,0
PEG-GNR_10x41nm_808nm_2W,2736.0,32.17,5.7697,0
PEG-GNR_10x41nm_808nm_2W,2737.0,32.155,5.7547,0
PEG-GNR_10x41nm_808nm_2W,2738.0,32.14,5.7398,0
PEG-GNR_10x41nm_808nm_2W,2739.0,32.1251,5.7248,0
PEG-GNR_10x41nm_808nm_2W,2740.0,32.1102,5.71,0
PEG-GNR_10x41nm_808nm_2W,2741.0,32.0953,5.6951,0
PEG-GNR_10x41nm_808nm_2W,2742.0,32.0805,5.6803,0
PEG-GNR_10x41nm_808nm_2W,2743.0,32.0658,5.6655,0
PEG-GNR_10x41nm_808nm_2W,2744.0,32.051,5.6508,0
PEG-GNR_10x41nm_808nm_2W,2745.0,32.0364,5.6361,0
PEG-GNR_10x41nm_808nm_2W,2746.0,32.0217,5.6215,0
PEG-GNR_10x41nm_808nm_2W,2747.0,32.0071,5.6069,0
PEG-GNR_10x41nm_808nm_2W,2748.0,31.9925,5.5923,0
PEG-GNR_10x41nm_808nm_2W,2749.0,31.978,5.5777,0
PEG-GNR_10x41nm_808nm_2W,2750.0,31.9635,5.5632,0
PEG-GNR_10x41nm_808nm_2W,2751.0,31.949,5.5488,0
PEG-GNR_10x41nm_808nm_2W,2752.0,31.9346,5.5344,0
PEG-GNR_10x41nm_808nm_2W,2753.0,31.9202,5.52,0
PEG-GNR_10x41nm_808nm_2W,2754.0,31.9058,5.5056,0
PEG-GNR_10x41nm_808nm_2W,2755.0,31.8915,5.4913,0
PEG-GNR_10x41nm_808nm_2W,2756.0,31.8773,5.477,0
PEG-GNR_10x41nm_808nm_2W,2757.0,31.863,5.4628,0
PEG-GNR_10x41nm_808nm_2W,2758.0,31.8488,5.4486,0
PEG-GNR_10x41nm_808nm_2W,2759.0,31.8347,5.4344,0
PEG-GNR_10x41nm_808nm_2W,2760.0,31.8205,5.4203,0
PEG-GNR_10x41nm_808nm_2W,2761.0,31.8064,5.4062,0
PEG-GNR_10x41nm_808nm_2W,2762.0,31.7924,5.3921,0
PEG-GNR_10x41nm_808nm_2W,2763.0,31.7784,5.3781,0
PEG-GNR_10x41nm_808nm_2W,2764.0,31.7644,5.3641,0
PEG-GNR_10x41nm_808nm_2W,2765.0,31.7504,5.3502,0
PEG-GNR_10x41nm_808nm_2W,2766.0,31.7365,5.3363,0
PEG-GNR_10x41nm_808nm_2W,2767.0,31.7227,5.3224,0
PEG-GNR_10x41nm_808nm_2W,2768.0,31.7088,5.3086,0
PEG-GNR_10x41nm_808nm_2W,2769.0,31.695,5.2948,0
PEG-GNR_10x41nm_808nm_2W,2770.0,31.6812,5.281,0
PEG-GNR_10x41nm_808nm_2W,2771.0,31.6675,5.2673,0
PEG-GNR_10x41nm_808nm_2W,2772.0,31.6538,5.2536,0
PEG-GNR_10x41nm_808nm_2W,2773.0,31.6402,5.2399,0
PEG-GNR_10x41nm_808nm_2W,2774.0,31.6265,5.2263,0
PEG-GNR_10x41nm_808nm_2W,2775.0,31.613,5.2127,0
PEG-GNR_10x41nm_808nm_2W,2776.0,31.5994,5.1992,0
PEG-GNR_10x41nm_808nm_2W,2777.0,31.5859,5.1857,0
PEG-GNR_10x41nm_808nm_2W,2778.0,31.5724,5.1722,0
PEG-GNR_10x41nm_808nm_2W,2779.0,31.559,5.1587,0
PEG-GNR_10x41nm_808nm_2W,2780.0,31.5456,5.1453,0
PEG-GNR_10x41nm_808nm_2W,2781.0,31.5322,5.1319,0
PEG-GNR_10x41nm_808nm_2W,2782.0,31.5188,5.1186,0
PEG-GNR_10x41nm_808nm_2W,2783.0,31.5055,5.1053,0
PEG-GNR_10x41nm_808nm_2W,2784.0,31.4923,5.092,0
PEG-GNR_10x41nm_808nm_2W,2785.0,31.479,5.0788,0
PEG-GNR_10x41nm_808nm_2W,2786.0,31.4658,5.0656,0
PEG-GNR_10x41nm_808nm_2W,2787.0,31.4526,5.0524,0
PEG-GNR_10x41nm_808nm_2W,2788.0,31.4395,5.0393,0
PEG-GNR_10x41nm_808nm_2W,2789.0,31.4264,5.0262,0
PEG-GNR_10x41nm_808nm_2W,2790.0,31.4133,5.0131,0
PEG-GNR_10x41nm_808nm_2W,2791.0,31.4003,5.0001,0
PEG-GNR_10x41nm_808nm_2W,2792.0,31.3873,4.9871,0
PEG-GNR_10x41nm_808nm_2W,2793.0,31.3743,4.9741,0
PEG-GNR_10x41nm_808nm_2W,2794.0,31.3614,4.9612,0
PEG-GNR_10x41nm_808nm_2W,2795.0,31.3485,4.9483,0
PEG-GNR_10x41nm_808nm_2W,2796.0,31.3357,4.9354,0
PEG-GNR_10x41nm_808nm_2W,2797.0,31.3228,4.9226,0
PEG-GNR_10x41nm_808nm_2W,2798.0,31.31,4.9098,0
PEG-GNR_10x41nm_808nm_2W,2799.0,31.2973,4.897,0
PEG-GNR_10x41nm_808nm_2W,2800.0,31.2845,4.8843,0
PEG-GNR_10x41nm_808nm_2W,2801.0,31.2718,4.8716,0
PEG-GNR_10x41nm_808nm_2W,2802.0,31.2592,4.8589,0
PEG-GNR_10x41nm_808nm_2W,2803.0,31.2465,4.8463,0
PEG-GNR_10x41nm_808nm_2W,2804.0,31.2339,4.8337,0
PEG-GNR_10x41nm_808nm_2W,2805.0,31.2214,4.8211,0
PEG-GNR_10x41nm_808nm_2W,2806.0,31.2088,4.8086,0
PEG-GNR_10x41nm_808nm_2W,2807.0,31.1963,4.7961,0
PEG-GNR_10x41nm_808nm_2W,2808.0,31.1839,4.7836,0
PEG-GNR_10x41nm_808nm_2W,2809.0,31.1714,4.7712,0
PEG-GNR_10x41nm_808nm_2W,2810.0,31.159,4.7588,0
PEG-GNR_10x41nm_808nm_2W,2811.0,31.1467,4.7464,0
PEG-GNR_10x41nm_808nm_2W,2812.0,31.1343,4.7341,0
PEG-GNR_10x41nm_808nm_2W,2813.0,31.122,4.7218,0
PEG-GNR_10x41nm_808nm_2W,2814.0,31.1097,4.7095,0
PEG-GNR_10x41nm_808nm_2W,2815.0,31.0975,4.6973,0
PEG-GNR_10x41nm_808nm_2W,2816.0,31.0853,4.6851,0
PEG-GNR_10x41nm_808nm_2W,2817.0,31.0731,4.6729,0
PEG-GNR_10x41nm_808nm_2W,2818.0,31.061,4.6607,0
PEG-GNR_10x41nm_808nm_2W,2819.0,31.0488,4.6486,0
PEG-GNR_10x41nm_808nm_2W,2820.0,31.0367,4.6365,0
PEG-GNR_10x41nm_808nm_2W,2821.0,31.0247,4.6245,0
PEG-GNR_10x41nm_808nm_2W,2822.0,31.0127,4.6124,0
PEG-GNR_10x41nm_808nm_2W,2823.0,31.0007,4.6005,0
PEG-GNR_10x41nm_808nm_2W,2824.0,30.9887,4.5885,0
PEG-GNR_10x41nm_808nm_2W,2825.0,30.9768,4.5766,0
PEG-GNR_10x41nm_808nm_2W,2826.0,30.9649,4.5647,0
PEG-GNR_10x41nm_808nm_2W,2827.0,30.953,4.5528,0
PEG-GNR_10x41nm_808nm_2W,2828.0,30.9412,4.541,0
PEG-GNR_10x41nm_808nm_2W,2829.0,30.9294,4.5292,0
PEG-GNR_10x41nm_808nm_2W,2830.0,30.9176,4.5174,0
PEG-GNR_10x41nm_808nm_2W,2831.0,30.9059,4.5056,0
PEG-GNR_10x41nm_808nm_2W,2832.0,30.8942,4.4939,0
PEG-GNR_10x41nm_808nm_2W,2833.0,30.8825,4.4822,0
PEG-GNR_10x41nm_808nm_2W,2834.0,30.8708,4.4706,0
PEG-GNR_10x41nm_808nm_2W,2835.0,30.8592,4.459,0
PEG-GNR_10x41nm_808nm_2W,2836.0,30.8476,4.4474,0
PEG-GNR_10x41nm_808nm_2W,2837.0,30.836,4.4358,0
PEG-GNR_10x41nm_808nm_2W,2838.0,30.8245,4.4243,0
PEG-GNR_10x41nm_808nm_2W,2839.0,30.813,4.4128,0
PEG-GNR_10x41nm_808nm_2W,2840.0,30.8015,4.4013,0
PEG-GNR_10x41nm_808nm_2W,2841.0,30.7901,4.3899,0
PEG-GNR_10x41nm_808nm_2W,2842.0,30.7787,4.3785,0
PEG-GNR_10x41nm_808nm_2W,2843.0,30.7673,4.3671,0
PEG-GNR_10x41nm_808nm_2W,2844.0,30.7559,4.3557,0
PEG-GNR_10x41nm_808nm_2W,2845.0,30.7446,4.3444,0
PEG-GNR_10x41nm_808nm_2W,2846.0,30.7333,4.3331,0
PEG-GNR_10x41nm_808nm_2W,2847.0,30.7221,4.3218,0
PEG-GNR_10x41nm_808nm_2W,2848.0,30.7108,4.3106,0
PEG-GNR_10x41nm_808nm_2W,2849.0,30.6996,4.2994,0
PEG-GNR_10x41nm_808nm_2W,2850.0,30.6884,4.2882,0
PEG-GNR_10x41nm_808nm_2W,2851.0,30.6773,4.2771,0
PEG-GNR_10x41nm_808nm_2W,2852.0,30.6662,4.266,0
PEG-GNR_10x41nm_808nm_2W,2853.0,30.6551,4.2549,0
PEG-GNR_10x41nm_808nm_2W,2854.0,30.644,4.2438,0
PEG-GNR_10x41nm_808nm_2W,2855.0,30.633,4.2328,0
PEG-GNR_10x41nm_808nm_2W,2856.0,30.622,4.2218,0
PEG-GNR_10x41nm_808nm_2W,2857.0,30.611,4.2108,0
PEG-GNR_10x41nm_808nm_2W,2858.0,30.6001,4.1998,0
PEG-GNR_10x41nm_808nm_2W,2859.0,30.5892,4.1889,0
PEG-GNR_10x41nm_808nm_2W,2860.0,30.5783,4.178,0
PEG-GNR_10x41nm_808nm_2W,2861.0,30.5674,4.1672,0
PEG-GNR_10x41nm_808nm_2W,2862.0,30.5566,4.1563,0
PEG-GNR_10x41nm_808nm_2W,2863.0,30.5458,4.1455,0
PEG-GNR_10x41nm_808nm_2W,2864.0,30.535,4.1348,0
PEG-GNR_10x41nm_808nm_2W,2865.0,30.5242,4.124,0
PEG-GNR_10x41nm_808nm_2W,2866.0,30.5135,4.1133,0
PEG-GNR_10x41nm_808nm_2W,2867.0,30.5028,4.1026,0
PEG-GNR_10x41nm_808nm_2W,2868.0,30.4922,4.0919,0
PEG-GNR_10x41nm_808nm_2W,2869.0,30.4815,4.0813,0
PEG-GNR_10x41nm_808nm_2W,2870.0,30.4709,4.0707,0
PEG-GNR_10x41nm_808nm_2W,2871.0,30.4603,4.0601,0
PEG-GNR_10x41nm_808nm_2W,2872.0,30.4498,4.0495,0
PEG-GNR_10x41nm_808nm_2W,2873.0,30.4392,4.039,0
PEG-GNR_10x41nm_808nm_2W,2874.0,30.4287,4.0285,0
PEG-GNR_10x41nm_808nm_2W,2875.0,30.4183,4.018,0
PEG-GNR_10x41nm_808nm_2W,2876.0,30.4078,4.0076,0
PEG-GNR_10x41nm_808nm_2W,2877.0,30.3974,3.9972,0
PEG-GNR_10x41nm_808nm_2W,2878.0,30.387,3.9868,0
PEG-GNR_10x41nm_808nm_2W,2879.0,30.3766,3.9764,0
PEG-GNR_10x41nm_808nm_2W,2880.0,30.3663,3.9661,0
PEG-GNR_10x41nm_808nm_2W,2881.0,30.356,3.9558,0
PEG-GNR_10x41nm_808nm_2W,2882.0,30.3457,3.9455,0
PEG-GNR_10x41nm_808nm_2W,2883.0,30.3355,3.9352,0
PEG-GNR_10x41nm_808nm_2W,2884.0,30.3252,3.925,0
PEG-GNR_10x41nm_808nm_2W,2885.0,30.315,3.9148,0
PEG-GNR_10x41nm_808nm_2W,2886.0,30.3048,3.9046,0
PEG-GNR_10x41nm_808nm_2W,2887.0,30.2947,3.8945,0
PEG-GNR_10x41nm_808nm_2W,2888.0,30.2846,3.8843,0
PEG-GNR_10x41nm_808nm_2W,2889.0,30.2745,3.8742,0
PEG-GNR_10x41nm_808nm_2W,2890.0,30.2644,3.8642,0
PEG-GNR_10x41nm_808nm_2W,2891.0,30.2544,3.8541,0
PEG-GNR_10x41nm_808nm_2W,2892.0,30.2443,3.8441,0
PEG-GNR_10x41nm_808nm_2W,2893.0,30.2343,3.8341,0
PEG-GNR_10x41nm_808nm_2W,2894.0,30.2244,3.8241,0
PEG-GNR_10x41nm_808nm_2W,2895.0,30.2144,3.8142,0
PEG-GNR_10x41nm_808nm_2W,2896.0,30.2045,3.8043,0
PEG-GNR_10x41nm_808nm_2W,2897.0,30.1946,3.7944,0
PEG-GNR_10x41nm_808nm_2W,2898.0,30.1848,3.7845,0
PEG-GNR_10x41nm_808nm_2W,2899.0,30.1749,3.7747,0
PEG-GNR_10x41nm_808nm_2W,2900.0,30.1651,3.7649,0
PEG-GNR_10x41nm_808nm_2W,2901.0,30.1553,3.7551,0
PEG-GNR_10x41nm_808nm_2W,2902.0,30.1456,3.7453,0
PEG-GNR_10x41nm_808nm_2W,2903.0,30.1358,3.7356,0
PEG-GNR_10x41nm_808nm_2W,2904.0,30.1261,3.7259,0
PEG-GNR_10x41nm_808nm_2W,2905.0,30.1164,3.7162,0
PEG-GNR_10x41nm_808nm_2W,2906.0,30.1068,3.7065,0
PEG-GNR_10x41nm_808nm_2W,2907.0,30.0971,3.6969,0
PEG-GNR_10x41nm_808nm_2W,2908.0,30.0875,3.6873,0
PEG-GNR_10x41nm_808nm_2W,2909.0,30.0779,3.6777,0
PEG-GNR_10x41nm_808nm_2W,2910.0,30.0684,3.6681,0
PEG-GNR_10x41nm_808nm_2W,2911.0,30.0588,3.6586,0
PEG-GNR_10x41nm_808nm_2W,2912.0,30.0493,3.6491,0
PEG-GNR_10x41nm_808nm_2W,2913.0,30.0398,3.6396,0
PEG-GNR_10x41nm_808nm_2W,2914.0,30.0304,3.6301,0
PEG-GNR_10x41nm_808nm_2W,2915.0,30.0209,3.6207,0
PEG-GNR_10x41nm_808nm_2W,2916.0,30.0115,3.6113,0
PEG-GNR_10x41nm_808nm_2W,2917.0,30.0021,3.6019,0
PEG-GNR_10x41nm_808nm_2W,2918.0,29.9928,3.5925,0
PEG-GNR_10x41nm_808nm_2W,2919.0,29.9834,3.5832,0
PEG-GNR_10x41nm_808nm_2W,2920.0,29.9741,3.5739,0
PEG-GNR_10x41nm_808nm_2W,2921.0,29.9648,3.5646,0
PEG-GNR_10x41nm_808nm_2W,2922.0,29.9556,3.5553,0
PEG-GNR_10x41nm_808nm_2W,2923.0,29.9463,3.5461,0
PEG-GNR_10x41nm_808nm_2W,2924.0,29.9371,3.5369,0
PEG-GNR_10x41nm_808nm_2W,2925.0,29.9279,3.5277,0
PEG-GNR_10x41nm_808nm_2W,2926.0,29.9187,3.5185,0
PEG-GNR_10x41nm_808nm_2W,2927.0,29.9096,3.5094,0
PEG-GNR_10x41nm_808nm_2W,2928.0,29.9005,3.5002,0
PEG-GNR_10x41nm_808nm_2W,2929.0,29.8914,3.4911,0
PEG-GNR_10x41nm_808nm_2W,2930.0,29.8823,3.4821,0
PEG-GNR_10x41nm_808nm_2W,2931.0,29.8732,3.473,0
PEG-GNR_10x41nm_808nm_2W,2932.0,29.8642,3.464,0
PEG-GNR_10x41nm_808nm_2W,2933.0,29.8552,3.455,0
PEG-GNR_10x41nm_808nm_2W,2934.0,29.8462,3.446,0
PEG-GNR_10x41nm_808nm_2W,2935.0,29.8373,3.437,0
PEG-GNR_10x41nm_808nm_2W,2936.0,29.8283,3.4281,0
PEG-GNR_10x41nm_808nm_2W,2937.0,29.8194,3.4192,0
PEG-GNR_10x41nm_808nm_2W,2938.0,29.8105,3.4103,0
PEG-GNR_10x41nm_808nm_2W,2939.0,29.8017,3.4014,0
PEG-GNR_10x41nm_808nm_2W,2940.0,29.7928,3.3926,0
PEG-GNR_10x41nm_808nm_2W,2941.0,29.784,3.3838,0
PEG-GNR_10x41nm_808nm_2W,2942.0,29.7752,3.375,0
PEG-GNR_10x41nm_808nm_2W,2943.0,29.7664,3.3662,0
PEG-GNR_10x41nm_808nm_2W,2944.0,29.7577,3.3574,0
PEG-GNR_10x41nm_808nm_2W,2945.0,29.7489,3.3487,0
PEG-GNR_10x41nm_808nm_2W,2946.0,29.7402,3.34,0
PEG-GNR_10x41nm_808nm_2W,2947.0,29.7316,3.3313,0
PEG-GNR_10x41nm_808nm_2W,2948.0,29.7229,3.3227,0
PEG-GNR_10x41nm_808nm_2W,2949.0,29.7143,3.314,0
PEG-GNR_10x41nm_808nm_2W,2950.0,29.7056,3.3054,0
PEG-GNR_10x41nm_808nm_2W,2951.0,29.697,3.2968,0
PEG-GNR_10x41nm_808nm_2W,2952.0,29.6885,3.2882,0
PEG-GNR_10x41nm_808nm_2W,2953.0,29.6799,3.2797,0
PEG-GNR_10x41nm_808nm_2W,2954.0,29.6714,3.2712,0
PEG-GNR_10x41nm_808nm_2W,2955.0,29.6629,3.2627,0
PEG-GNR_10x41nm_808nm_2W,2956.0,29.6544,3.2542,0
PEG-GNR_10x41nm_808nm_2W,2957.0,29.646,3.2457,0
PEG-GNR_10x41nm_808nm_2W,2958.0,29.6375,3.2373,0
PEG-GNR_10x41nm_808nm_2W,2959.0,29.6291,3.2289,0
PEG-GNR_10x41nm_808nm_2W,2960.0,29.6207,3.2205,0
PEG-GNR_10x41nm_808nm_2W,2961.0,29.6123,3.2121,0
PEG-GNR_10x41nm_808nm_2W,2962.0,29.604,3.2038,0
PEG-GNR_10x41nm_808nm_2W,2963.0,29.5957,3.1954,0
PEG-GNR_10x41nm_808nm_2W,2964.0,29.5874,3.1871,0
PEG-GNR_10x41nm_808nm_2W,2965.0,29.5791,3.1788,0
PEG-GNR_10x41nm_808nm_2W,2966.0,29.5708,3.1706,0
PEG-GNR_10x41nm_808nm_2W,2967.0,29.5626,3.1623,0
PEG-GNR_10x41nm_808nm_2W,2968.0,29.5543,3.1541,0
PEG-GNR_10x41nm_808nm_2W,2969.0,29.5461,3.1459,0
PEG-GNR_10x41nm_808nm_2W,2970.0,29.538,3.1377,0
PEG-GNR_10x41nm_808nm_2W,2971.0,29.5298,3.1296,0
PEG-GNR_10x41nm_808nm_2W,2972.0,29.5217,3.1214,0
PEG-GNR_10x41nm_808nm_2W,2973.0,29.5136,3.1133,0
PEG-GNR_10x41nm_808nm_2W,2974.0,29.5055,3.1052,0
PEG-GNR_10x41nm_808nm_2W,2975.0,29.4974,3.0972,0
PEG-GNR_10x41nm_808nm_2W,2976.0,29.4893,3.0891,0
PEG-GNR_10x41nm_808nm_2W,2977.0,29.4813,3.0811,0
PEG-GNR_10x41nm_808nm_2W,2978.0,29.4733,3.0731,0
PEG-GNR_10x41nm_808nm_2W,2979.0,29.4653,3.0651,0
PEG-GNR_10x41nm_808nm_2W,2980.0,29.4573,3.0571,0
PEG-GNR_10x41nm_808nm_2W,2981.0,29.4494,3.0492,0
PEG-GNR_10x41nm_808nm_2W,2982.0,29.4415,3.0412,0
PEG-GNR_10x41nm_808nm_2W,2983.0,29.4336,3.0333,0
PEG-GNR_10x41nm_808nm_2W,2984.0,29.4257,3.0254,0
PEG-GNR_10x41nm_808nm_2W,2985.0,29.4178,3.0176,0
PEG-GNR_10x41nm_808nm_2W,2986.0,29.41,3.0097,0
PEG-GNR_10x41nm_808nm_2W,2987.0,29.4021,3.0019,0
PEG-GNR_10x41nm_808nm_2W,2988.0,29.3943,2.9941,0
PEG-GNR_10x41nm_808nm_2W,2989.0,29.3865,2.9863,0
PEG-GNR_10x41nm_808nm_2W,2990.0,29.3788,2.9786,0
PEG-GNR_10x41nm_808nm_2W,2991.0,29.371,2.9708,0
PEG-GNR_10x41nm_808nm_2W,2992.0,29.3633,2.9631,0
PEG-GNR_10x41nm_808nm_2W,2993.0,29.3556,2.9554,0
PEG-GNR_10x41nm_808nm_2W,2994.0,29.3479,2.9477,0
PEG-GNR_10x41nm_808nm_2W,2995.0,29.3403,2.94,0
PEG-GNR_10x41nm_808nm_2W,2996.0,29.3326,2.9324,0
PEG-GNR_10x41nm_808nm_2W,2997.0,29.325,2.9248,0
PEG-GNR_10x41nm_808nm_2W,2998.0,29.3174,2.9172,0
PEG-GNR_10x41nm_808nm_2W,2999.0,29.3098,2.9096,0
PEG-GNR_10x41nm_808nm_2W,3000.0,29.3022,2.902,0
PEG-GNR_10x41nm_808nm_2W,3001.0,29.2947,2.8945,0
PEG-GNR_10x41nm_808nm_2W,3002.0,29.2872,2.8869,0
PEG-GNR_10x41nm_808nm_2W,3003.0,29.2797,2.8794,0
PEG-GNR_10x41nm_808nm_2W,3004.0,29.2722,2.872,0
PEG-GNR_10x41nm_808nm_2W,3005.0,29.2647,2.8645,0
PEG-GNR_10x41nm_808nm_2W,3006.0,29.2573,2.857,0
PEG-GNR_10x41nm_808nm_2W,3007.0,29.2498,2.8496,0
PEG-GNR_10x41nm_808nm_2W,3008.0,29.2424,2.8422,0
PEG-GNR_10x41nm_808nm_2W,3009.0,29.235,2.8348,0
PEG-GNR_10x41nm_808nm_2W,3010.0,29.2277,2.8275,0
PEG-GNR_10x41nm_808nm_2W,3011.0,29.2203,2.8201,0
PEG-GNR_10x41nm_808nm_2W,3012.0,29.213,2.8128,0
PEG-GNR_10x41nm_808nm_2W,3013.0,29.2057,2.8055,0
PEG-GNR_10x41nm_808nm_2W,3014.0,29.1984,2.7982,0
PEG-GNR_10x41nm_808nm_2W,3015.0,29.1911,2.7909,0
PEG-GNR_10x41nm_808nm_2W,3016.0,29.1839,2.7836,0
PEG-GNR_10x41nm_808nm_2W,3017.0,29.1766,2.7764,0
PEG-GNR_10x41nm_808nm_2W,3018.0,29.1694,2.7692,0
PEG-GNR_10x41nm_808nm_2W,3019.0,29.1622,2.762,0
PEG-GNR_10x41nm_808nm_2W,3020.0,29.155,2.7548,0
PEG-GNR_10x41nm_808nm_2W,3021.0,29.1479,2.7476,0
PEG-GNR_10x41nm_808nm_2W,3022.0,29.1407,2.7405,0
PEG-GNR_10x41nm_808nm_2W,3023.0,29.1336,2.7334,0
PEG-GNR_10x41nm_808nm_2W,3024.0,29.1265,2.7263,0
PEG-GNR_10x41nm_808nm_2W,3025.0,29.1194,2.7192,0
PEG-GNR_10x41nm_808nm_2W,3026.0,29.1123,2.7121,0
PEG-GNR_10x41nm_808nm_2W,3027.0,29.1053,2.7051,0
PEG-GNR_10x41nm_808nm_2W,3028.0,29.0983,2.698,0
PEG-GNR_10x41nm_808nm_2W,3029.0,29.0912,2.691,0
PEG-GNR_10x41nm_808nm_2W,3030.0,29.0842,2.684,0
PEG-GNR_10x41nm_808nm_2W,3031.0,29.0773,2.677,0
PEG-GNR_10x41nm_808nm_2W,3032.0,29.0703,2.6701,0
PEG-GNR_10x41nm_808nm_2W,3033.0,29.0634,2.6631,0
PEG-GNR_10x41nm_808nm_2W,3034.0,29.0564,2.6562,0
PEG-GNR_10x41nm_808nm_2W,3035.0,29.0495,2.6493,0
PEG-GNR_10x41nm_808nm_2W,3036.0,29.0426,2.6424,0
PEG-GNR_10x41nm_808nm_2W,3037.0,29.0358,2.6356,0
PEG-GNR_10x41nm_808nm_2W,3038.0,29.0289,2.6287,0
PEG-GNR_10x41nm_808nm_2W,3039.0,29.0221,2.6219,0
PEG-GNR_10x41nm_808nm_2W,3040.0,29.0153,2.615,0
PEG-GNR_10x41nm_808nm_2W,3041.0,29.0085,2.6083,0
PEG-GNR_10x41nm_808nm_2W,3042.0,29.0017,2.6015,0
PEG-GNR_10x41nm_808nm_2W,3043.0,28.9949,2.5947,0
PEG-GNR_10x41nm_808nm_2W,3044.0,28.9882,2.588,0
PEG-GNR_10x41nm_808nm_2W,3045.0,28.9815,2.5812,0
PEG-GNR_10x41nm_808nm_2W,3046.0,28.9748,2.5745,0
PEG-GNR_10x41nm_808nm_2W,3047.0,28.9681,2.5678,0
PEG-GNR_10x41nm_808nm_2W,3048.0,28.9614,2.5612,0
PEG-GNR_10x41nm_808nm_2W,3049.0,28.9547,2.5545,0
PEG-GNR_10x41nm_808nm_2W,3050.0,28.9481,2.5479,0
PEG-GNR_10x41nm_808nm_2W,3051.0,28.9415,2.5412,0
PEG-GNR_10x41nm_808nm_2W,3052.0,28.9349,2.5346,0
PEG-GNR_10x41nm_808nm_2W,3053.0,28.9283,2.528,0
PEG-GNR_10x41nm_808nm_2W,3054.0,28.9217,2.5215,0
PEG-GNR_10x41nm_808nm_2W,3055.0,28.9151,2.5149,0
PEG-GNR_10x41nm_808nm_2W,3056.0,28.9086,2.5084,0
PEG-GNR_10x41nm_808nm_2W,3057.0,28.9021,2.5018,0
PEG-GNR_10x41nm_808nm_2W,3058.0,28.8956,2.4953,0
PEG-GNR_10x41nm_808nm_2W,3059.0,28.8891,2.4889,0
PEG-GNR_10x41nm_808nm_2W,3060.0,28.8826,2.4824,0
PEG-GNR_10x41nm_808nm_2W,3061.0,28.8762,2.4759,0
PEG-GNR_10x41nm_808nm_2W,3062.0,28.8697,2.4695,0
PEG-GNR_10x41nm_808nm_2W,3063.0,28.8633,2.4631,0
PEG-GNR_10x41nm_808nm_2W,3064.0,28.8569,2.4567,0
PEG-GNR_10x41nm_808nm_2W,3065.0,28.8505,2.4503,0
PEG-GNR_10x41nm_808nm_2W,3066.0,28.8441,2.4439,0
PEG-GNR_10x41nm_808nm_2W,3067.0,28.8378,2.4376,0
PEG-GNR_10x41nm_808nm_2W,3068.0,28.8315,2.4312,0
PEG-GNR_10x41nm_808nm_2W,3069.0,28.8251,2.4249,0
PEG-GNR_10x41nm_808nm_2W,3070.0,28.8188,2.4186,0
PEG-GNR_10x41nm_808nm_2W,3071.0,28.8125,2.4123,0
PEG-GNR_10x41nm_808nm_2W,3072.0,28.8063,2.406,0
PEG-GNR_10x41nm_808nm_2W,3073.0,28.8,2.3998,0
PEG-GNR_10x41nm_808nm_2W,3074.0,28.7938,2.3935,0
PEG-GNR_10x41nm_808nm_2W,3075.0,28.7876,2.3873,0
PEG-GNR_10x41nm_808nm_2W,3076.0,28.7813,2.3811,0
PEG-GNR_10x41nm_808nm_2W,3077.0,28.7752,2.3749,0
PEG-GNR_10x41nm_808nm_2W,3078.0,28.769,2.3688,0
PEG-GNR_10x41nm_808nm_2W,3079.0,28.7628,2.3626,0
PEG-GNR_10x41nm_808nm_2W,3080.0,28.7567,2.3565,0
PEG-GNR_10x41nm_808nm_2W,3081.0,28.7506,2.3503,0
PEG-GNR_10x41nm_808nm_2W,3082.0,28.7444,2.3442,0
PEG-GNR_10x41nm_808nm_2W,3083.0,28.7384,2.3381,0
PEG-GNR_10x41nm_808nm_2W,3084.0,28.7323,2.332,0
PEG-GNR_10x41nm_808nm_2W,3085.0,28.7262,2.326,0
PEG-GNR_10x41nm_808nm_2W,3086.0,28.7202,2.3199,0
PEG-GNR_10x41nm_808nm_2W,3087.0,28.7141,2.3139,0
PEG-GNR_10x41nm_808nm_2W,3088.0,28.7081,2.3079,0
PEG-GNR_10x41nm_808nm_2W,3089.0,28.7021,2.3019,0
PEG-GNR_10x41nm_808nm_2W,3090.0,28.6961,2.2959,0
PEG-GNR_10x41nm_808nm_2W,3091.0,28.6902,2.2899,0
PEG-GNR_10x41nm_808nm_2W,3092.0,28.6842,2.284,0
PEG-GNR_10x41nm_808nm_2W,3093.0,28.6783,2.278,0
PEG-GNR_10x41nm_808nm_2W,3094.0,28.6724,2.2721,0
PEG-GNR_10x41nm_808nm_2W,3095.0,28.6664,2.2662,0
PEG-GNR_10x41nm_808nm_2W,3096.0,28.6606,2.2603,0
PEG-GNR_10x41nm_808nm_2W,3097.0,28.6547,2.2545,0
PEG-GNR_10x41nm_808nm_2W,3098.0,28.6488,2.2486,0
PEG-GNR_10x41nm_808nm_2W,3099.0,28.643,2.2427,0
PEG-GNR_10x41nm_808nm_2W,3100.0,28.6371,2.2369,0
PEG-GNR_10x41nm_808nm_2W,3101.0,28.6313,2.2311,0
PEG-GNR_10x41nm_808nm_2W,3102.0,28.6255,2.2253,0
PEG-GNR_10x41nm_808nm_2W,3103.0,28.6197,2.2195,0
PEG-GNR_10x41nm_808nm_2W,3104.0,28.614,2.2137,0
PEG-GNR_10x41nm_808nm_2W,3105.0,28.6082,2.208,0
PEG-GNR_10x41nm_808nm_2W,3106.0,28.6025,2.2022,0
PEG-GNR_10x41nm_808nm_2W,3107.0,28.5968,2.1965,0
PEG-GNR_10x41nm_808nm_2W,3108.0,28.591,2.1908,0
PEG-GNR_10x41nm_808nm_2W,3109.0,28.5853,2.1851,0
PEG-GNR_10x41nm_808nm_2W,3110.0,28.5797,2.1794,0
PEG-GNR_10x41nm_808nm_2W,3111.0,28.574,2.1738,0
PEG-GNR_10x41nm_808nm_2W,3112.0,28.5683,2.1681,0
PEG-GNR_10x41nm_808nm_2W,3113.0,28.5627,2.1625,0
PEG-GNR_10x41nm_808nm_2W,3114.0,28.5571,2.1569,0
PEG-GNR_10x41nm_808nm_2W,3115.0,28.5515,2.1513,0
PEG-GNR_10x41nm_808nm_2W,3116.0,28.5459,2.1457,0
PEG-GNR_10x41nm_808nm_2W,3117.0,28.5403,2.1401,0
PEG-GNR_10x41nm_808nm_2W,3118.0,28.5347,2.1345,0
PEG-GNR_10x41nm_808nm_2W,3119.0,28.5292,2.129,0
PEG-GNR_10x41nm_808nm_2W,3120.0,28.5237,2.1234,0
PEG-GNR_10x41nm_808nm_2W,3121.0,28.5181,2.1179,0
PEG-GNR_10x41nm_808nm_2W,3122.0,28.5126,2.1124,0
PEG-GNR_10x41nm_808nm_2W,3123.0,28.5071,2.1069,0
PEG-GNR_10x41nm_808nm_2W,3124.0,28.5017,2.1014,0
PEG-GNR_10x41nm_808nm_2W,3125.0,28.4962,2.096,0
PEG-GNR_10x41nm_808nm_2W,3126.0,28.4908,2.0905,0
PEG-GNR_10x41nm_808nm_2W,3127.0,28.4853,2.0851,0
PEG-GNR_10x41nm_808nm_2W,3128.0,28.4799,2.0797,0
PEG-GNR_10x41nm_808nm_2W,3129.0,28.4745,2.0743,0
PEG-GNR_10x41nm_808nm_2W,3130.0,28.4691,2.0689,0
PEG-GNR_10x41nm_808nm_2W,3131.0,28.4637,2.0635,0
PEG-GNR_10x41nm_808nm_2W,3132.0,28.4584,2.0581,0
PEG-GNR_10x41nm_808nm_2W,3133.0,28.453,2.0528,0
PEG-GNR_10x41nm_808nm_2W,3134.0,28.4477,2.0474,0
PEG-GNR_10x41nm_808nm_2W,3135.0,28.4423,2.0421,0
PEG-GNR_10x41nm_808nm_2W,3136.0,28.437,2.0368,0
PEG-GNR_10x41nm_808nm_2W,3137.0,28.4317,2.0315,0
PEG-GNR_10x41nm_808nm_2W,3138.0,28.4265,2.0262,0
PEG-GNR_10x41nm_808nm_2W,3139.0,28.4212,2.021,0
PEG-GNR_10x41nm_808nm_2W,3140.0,28.4159,2.0157,0
PEG-GNR_10x41nm_808nm_2W,3141.0,28.4107,2.0105,0
PEG-GNR_10x41nm_808nm_2W,3142.0,28.4055,2.0052,0
PEG-GNR_10x41nm_808nm_2W,3143.0,28.4003,2.0,0
PEG-GNR_10x41nm_808nm_2W,3144.0,28.3951,1.9948,0
PEG-GNR_10x41nm_808nm_2W,3145.0,28.3899,1.9896,0
PEG-GNR_10x41nm_808nm_2W,3146.0,28.3847,1.9845,0
PEG-GNR_10x41nm_808nm_2W,3147.0,28.3795,1.9793,0
PEG-GNR_10x41nm_808nm_2W,3148.0,28.3744,1.9742,0
PEG-GNR_10x41nm_808nm_2W,3149.0,28.3693,1.969,0
PEG-GNR_10x41nm_808nm_2W,3150.0,28.3641,1.9639,0
PEG-GNR_10x41nm_808nm_2W,3151.0,28.359,1.9588,0
PEG-GNR_10x41nm_808nm_2W,3152.0,28.3539,1.9537,0
PEG-GNR_10x41nm_808nm_2W,3153.0,28.3489,1.9486,0
PEG-GNR_10x41nm_808nm_2W,3154.0,28.3438,1.9436,0
PEG-GNR_10x41nm_808nm_2W,3155.0,28.3388,1.9385,0
PEG-GNR_10x41nm_808nm_2W,3156.0,28.3337,1.9335,0
PEG-GNR_10x41nm_808nm_2W,3157.0,28.3287,1.9285,0
PEG-GNR_10x41nm_808nm_2W,3158.0,28.3237,1.9234,0
PEG-GNR_10x41nm_808nm_2W,3159.0,28.3187,1.9184,0
PEG-GNR_10x41nm_808nm_2W,3160.0,28.3137,1.9135,0
PEG-GNR_10x41nm_808nm_2W,3161.0,28.3087,1.9085,0
PEG-GNR_10x41nm_808nm_2W,3162.0,28.3037,1.9035,0
PEG-GNR_10x41nm_808nm_2W,3163.0,28.2988,1.8986,0
PEG-GNR_10x41nm_808nm_2W,3164.0,28.2939,1.8936,0
PEG-GNR_10x41nm_808nm_2W,3165.0,28.2889,1.8887,0
PEG-GNR_10x41nm_808nm_2W,3166.0,28.284,1.8838,0
PEG-GNR_10x41nm_808nm_2W,3167.0,28.2791,1.8789,0
PEG-GNR_10x41nm_808nm_2W,3168.0,28.2742,1.874,0
PEG-GNR_10x41nm_808nm_2W,3169.0,28.2694,1.8691,0
PEG-GNR_10x41nm_808nm_2W,3170.0,28.2645,1.8643,0
PEG-GNR_10x41nm_808nm_2W,3171.0,28.2597,1.8594,0
PEG-GNR_10x41nm_808nm_2W,3172.0,28.2548,1.8546,0
PEG-GNR_10x41nm_808nm_2W,3173.0,28.25,1.8498,0
PEG-GNR_10x41nm_808nm_2W,3174.0,28.2452,1.845,0
PEG-GNR_10x41nm_808nm_2W,3175.0,28.2404,1.8402,0
PEG-GNR_10x41nm_808nm_2W,3176.0,28.2356,1.8354,0
PEG-GNR_10x41nm_808nm_2W,3177.0,28.2309,1.8306,0
PEG-GNR_10x41nm_808nm_2W,3178.0,28.2261,1.8259,0
PEG-GNR_10x41nm_808nm_2W,3179.0,28.2213,1.8211,0
PEG-GNR_10x41nm_808nm_2W,3180.0,28.2166,1.8164,0
PEG-GNR_10x41nm_808nm_2W,3181.0,28.2119,1.8117,0
PEG-GNR_10x41nm_808nm_2W,3182.0,28.2072,1.807,0
PEG-GNR_10x41nm_808nm_2W,3183.0,28.2025,1.8023,0
PEG-GNR_10x41nm_808nm_2W,3184.0,28.1978,1.7976,0
PEG-GNR_10x41nm_808nm_2W,3185.0,28.1931,1.7929,0
PEG-GNR_10x41nm_808nm_2W,3186.0,28.1885,1.7882,0
PEG-GNR_10x41nm_808nm_2W,3187.0,28.1838,1.7836,0
PEG-GNR_10x41nm_808nm_2W,3188.0,28.1792,1.779,0
PEG-GNR_10x41nm_808nm_2W,3189.0,28.1746,1.7743,0
PEG-GNR_10x41nm_808nm_2W,3190.0,28.1699,1.7697,0
PEG-GNR_10x41nm_808nm_2W,3191.0,28.1653,1.7651,0
PEG-GNR_10x41nm_808nm_2W,3192.0,28.1608,1.7605,0
PEG-GNR_10x41nm_808nm_2W,3193.0,28.1562,1.7559,0
PEG-GNR_10x41nm_808nm_2W,3194.0,28.1516,1.7514,0
PEG-GNR_10x41nm_808nm_2W,3195.0,28.1471,1.7468,0
PEG-GNR_10x41nm_808nm_2W,3196.0,28.1425,1.7423,0
PEG-GNR_10x41nm_808nm_2W,3197.0,28.138,1.7378,0
PEG-GNR_10x41nm_808nm_2W,3198.0,28.1335,1.7332,0
PEG-GNR_10x41nm_808nm_2W,3199.0,28.129,1.7287,0
PEG-GNR_10x41nm_808nm_2W,3200.0,28.1245,1.7242,0
PEG-GNR_10x41nm_808nm_2W,3201.0,28.12,1.7198,0
PEG-GNR_10x41nm_808nm_2W,3202.0,28.1155,1.7153,0
PEG-GNR_10x41nm_808nm_2W,3203.0,28.1111,1.7108,0
PEG-GNR_10x41nm_808nm_2W,3204.0,28.1066,1.7064,0
PEG-GNR_10x41nm_808nm_2W,3205.0,28.1022,1.7019,0
PEG-GNR_10x41nm_808nm_2W,3206.0,28.0977,1.6975,0
PEG-GNR_10x41nm_808nm_2W,3207.0,28.0933,1.6931,0
PEG-GNR_10x41nm_808nm_2W,3208.0,28.0889,1.6887,0
PEG-GNR_10x41nm_808nm_2W,3209.0,28.0845,1.6843,0
PEG-GNR_10x41nm_808nm_2W,3210.0,28.0802,1.6799,0
PEG-GNR_10x41nm_808nm_2W,3211.0,28.0758,1.6756,0
PEG-GNR_10x41nm_808nm_2W,3212.0,28.0714,1.6712,0
PEG-GNR_10x41nm_808nm_2W,3213.0,28.0671,1.6669,0
PEG-GNR_10x41nm_808nm_2W,3214.0,28.0628,1.6625,0
PEG-GNR_10x41nm_808nm_2W,3215.0,28.0584,1.6582,0
PEG-GNR_10x41nm_808nm_2W,3216.0,28.0541,1.6539,0
PEG-GNR_10x41nm_808nm_2W,3217.0,28.0498,1.6496,0
PEG-GNR_10x41nm_808nm_2W,3218.0,28.0455,1.6453,0
PEG-GNR_10x41nm_808nm_2W,3219.0,28.0413,1.641,0
PEG-GNR_10x41nm_808nm_2W,3220.0,28.037,1.6368,0
PEG-GNR_10x41nm_808nm_2W,3221.0,28.0327,1.6325,0
PEG-GNR_10x41nm_808nm_2W,3222.0,28.0285,1.6283,0
PEG-GNR_10x41nm_808nm_2W,3223.0,28.0243,1.624,0
PEG-GNR_10x41nm_808nm_2W,3224.0,28.02,1.6198,0
PEG-GNR_10x41nm_808nm_2W,3225.0,28.0158,1.6156,0
PEG-GNR_10x41nm_808nm_2W,3226.0,28.0116,1.6114,0
PEG-GNR_10x41nm_808nm_2W,3227.0,28.0074,1.6072,0
PEG-GNR_10x41nm_808nm_2W,3228.0,28.0033,1.603,0
PEG-GNR_10x41nm_808nm_2W,3229.0,27.9991,1.5989,0
PEG-GNR_10x41nm_808nm_2W,3230.0,27.9949,1.5947,0
PEG-GNR_10x41nm_808nm_2W,3231.0,27.9908,1.5906,0
PEG-GNR_10x41nm_808nm_2W,3232.0,27.9867,1.5864,0
PEG-GNR_10x41nm_808nm_2W,3233.0,27.9825,1.5823,0
PEG-GNR_10x41nm_808nm_2W,3234.0,27.9784,1.5782,0
PEG-GNR_10x41nm_808nm_2W,3235.0,27.9743,1.5741,0
PEG-GNR_10x41nm_808nm_2W,3236.0,27.9702,1.57,0
PEG-GNR_10x41nm_808nm_2W,3237.0,27.9661,1.5659,0
PEG-GNR_10x41nm_808nm_2W,3238.0,27.9621,1.5618,0
PEG-GNR_10x41nm_808nm_2W,3239.0,27.958,1.5578,0
PEG-GNR_10x41nm_808nm_2W,3240.0,27.954,1.5537,0
PEG-GNR_10x41nm_808nm_2W,3241.0,27.9499,1.5497,0
PEG-GNR_10x41nm_808nm_2W,3242.0,27.9459,1.5457,0
PEG-GNR_10x41nm_808nm_2W,3243.0,27.9419,1.5417,0
PEG-GNR_10x41nm_808nm_2W,3244.0,27.9379,1.5376,0
PEG-GNR_10x41nm_808nm_2W,3245.0,27.9339,1.5336,0
PEG-GNR_10x41nm_808nm_2W,3246.0,27.9299,1.5297,0
PEG-GNR_10x41nm_808nm_2W,3247.0,27.9259,1.5257,0
PEG-GNR_10x41nm_808nm_2W,3248.0,27.9219,1.5217,0
PEG-GNR_10x41nm_808nm_2W,3249.0,27.918,1.5178,0
PEG-GNR_10x41nm_808nm_2W,3250.0,27.914,1.5138,0
PEG-GNR_10x41nm_808nm_2W,3251.0,27.9101,1.5099,0
PEG-GNR_10x41nm_808nm_2W,3252.0,27.9062,1.506,0
PEG-GNR_10x41nm_808nm_2W,3253.0,27.9023,1.502,0
PEG-GNR_10x41nm_808nm_2W,3254.0,27.8984,1.4981,0
PEG-GNR_10x41nm_808nm_2W,3255.0,27.8945,1.4942,0
PEG-GNR_10x41nm_808nm_2W,3256.0,27.8906,1.4904,0
PEG-GNR_10x41nm_808nm_2W,3257.0,27.8867,1.4865,0
PEG-GNR_10x41nm_808nm_2W,3258.0,27.8828,1.4826,0
PEG-GNR_10x41nm_808nm_2W,3259.0,27.879,1.4788,0
PEG-GNR_10x41nm_808nm_2W,3260.0,27.8751,1.4749,0
PEG-GNR_10x41nm_808nm_2W,3261.0,27.8713,1.4711,0
PEG-GNR_10x41nm_808nm_2W,3262.0,27.8675,1.4673,0
PEG-GNR_10x41nm_808nm_2W,3263.0,27.8637,1.4634,0
PEG-GNR_10x41nm_808nm_2W,3264.0,27.8599,1.4596,0
PEG-GNR_10x41nm_808nm_2W,3265.0,27.8561,1.4558,0
PEG-GNR_10x41nm_808nm_2W,3266.0,27.8523,1.4521,0
PEG-GNR_10x41nm_808nm_2W,3267.0,27.8485,1.4483,0
PEG-GNR_10x41nm_808nm_2W,3268.0,27.8447,1.4445,0
PEG-GNR_10x41nm_808nm_2W,3269.0,27.841,1.4408,0
PEG-GNR_10x41nm_808nm_2W,3270.0,27.8372,1.437,0
PEG-GNR_10x41nm_808nm_2W,3271.0,27.8335,1.4333,0
PEG-GNR_10x41nm_808nm_2W,3272.0,27.8298,1.4296,0
PEG-GNR_10x41nm_808nm_2W,3273.0,27.8261,1.4258,0
PEG-GNR_10x41nm_808nm_2W,3274.0,27.8224,1.4221,0
PEG-GNR_10x41nm_808nm_2W,3275.0,27.8187,1.4184,0
PEG-GNR_10x41nm_808nm_2W,3276.0,27.815,1.4147,0
PEG-GNR_10x41nm_808nm_2W,3277.0,27.8113,1.4111,0
PEG-GNR_10x41nm_808nm_2W,3278.0,27.8076,1.4074,0
PEG-GNR_10x41nm_808nm_2W,3279.0,27.804,1.4037,0
PEG-GNR_10x41nm_808nm_2W,3280.0,27.8003,1.4001,0
PEG-GNR_10x41nm_808nm_2W,3281.0,27.7967,1.3965,0
PEG-GNR_10x41nm_808nm_2W,3282.0,27.7931,1.3928,0
PEG-GNR_10x41nm_808nm_2W,3283.0,27.7894,1.3892,0
PEG-GNR_10x41nm_808nm_2W,3284.0,27.7858,1.3856,0
PEG-GNR_10x41nm_808nm_2W,3285.0,27.7822,1.382,0
PEG-GNR_10x41nm_808nm_2W,3286.0,27.7786,1.3784,0
PEG-GNR_10x41nm_808nm_2W,3287.0,27.775,1.3748,0
PEG-GNR_10x41nm_808nm_2W,3288.0,27.7715,1.3712,0
PEG-GNR_10x41nm_808nm_2W,3289.0,27.7679,1.3677,0
PEG-GNR_10x41nm_808nm_2W,3290.0,27.7643,1.3641,0
PEG-GNR_10x41nm_808nm_2W,3291.0,27.7608,1.3606,0
PEG-GNR_10x41nm_808nm_2W,3292.0,27.7573,1.357,0
PEG-GNR_10x41nm_808nm_2W,3293.0,27.7537,1.3535,0
PEG-GNR_10x41nm_808nm_2W,3294.0,27.7502,1.35,0
PEG-GNR_10x41nm_808nm_2W,3295.0,27.7467,1.3465,0
PEG-GNR_10x41nm_808nm_2W,3296.0,27.7432,1.343,0
PEG-GNR_10x41nm_808nm_2W,3297.0,27.7397,1.3395,0
PEG-GNR_10x41nm_808nm_2W,3298.0,27.7362,1.336,0
PEG-GNR_10x41nm_808nm_2W,3299.0,27.7328,1.3325,0
PEG-GNR_10x41nm_808nm_2W,3300.0,27.7293,1.3291,0
PEG-GNR_10x41nm_808nm_2W,3301.0,27.7258,1.3256,0
PEG-GNR_10x41nm_808nm_2W,3302.0,27.7224,1.3222,0
PEG-GNR_10x41nm_808nm_2W,3303.0,27.719,1.3187,0
PEG-GNR_10x41nm_808nm_2W,3304.0,27.7155,1.3153,0
PEG-GNR_10x41nm_808nm_2W,3305.0,27.7121,1.3119,0
PEG-GNR_10x41nm_808nm_2W,3306.0,27.7087,1.3085,0
PEG-GNR_10x41nm_808nm_2W,3307.0,27.7053,1.3051,0
PEG-GNR_10x41nm_808nm_2W,3308.0,27.7019,1.3017,0
PEG-GNR_10x41nm_808nm_2W,3309.0,27.6985,1.2983,0
PEG-GNR_10x41nm_808nm_2W,3310.0,27.6951,1.2949,0
PEG-GNR_10x41nm_808nm_2W,3311.0,27.6918,1.2916,0
PEG-GNR_10x41nm_808nm_2W,3312.0,27.6884,1.2882,0
PEG-GNR_10x41nm_808nm_2W,3313.0,27.6851,1.2848,0
PEG-GNR_10x41nm_808nm_2W,3314.0,27.6817,1.2815,0
PEG-GNR_10x41nm_808nm_2W,3315.0,27.6784,1.2782,0
PEG-GNR_10x41nm_808nm_2W,3316.0,27.6751,1.2748,0
PEG-GNR_10x41nm_808nm_2W,3317.0,27.6718,1.2715,0
PEG-GNR_10x41nm_808nm_2W,3318.0,27.6685,1.2682,0
PEG-GNR_10x41nm_808nm_2W,3319.0,27.6652,1.2649,0
PEG-GNR_10x41nm_808nm_2W,3320.0,27.6619,1.2616,0
PEG-GNR_10x41nm_808nm_2W,3321.0,27.6586,1.2584,0
PEG-GNR_10x41nm_808nm_2W,3322.0,27.6553,1.2551,0
PEG-GNR_10x41nm_808nm_2W,3323.0,27.6521,1.2518,0
PEG-GNR_10x41nm_808nm_2W,3324.0,27.6488,1.2486,0
PEG-GNR_10x41nm_808nm_2W,3325.0,27.6456,1.2453,0
PEG-GNR_10x41nm_808nm_2W,3326.0,27.6423,1.2421,0
PEG-GNR_10x41nm_808nm_2W,3327.0,27.6391,1.2389,0
PEG-GNR_10x41nm_808nm_2W,3328.0,27.6359,1.2356,0
PEG-GNR_10x41nm_808nm_2W,3329.0,27.6327,1.2324,0
PEG-GNR_10x41nm_808nm_2W,3330.0,27.6295,1.2292,0
PEG-GNR_10x41nm_808nm_2W,3331.0,27.6263,1.226,0
PEG-GNR_10x41nm_808nm_2W,3332.0,27.6231,1.2228,0
PEG-GNR_10x41nm_808nm_2W,3333.0,27.6199,1.2197,0
PEG-GNR_10x41nm_808nm_2W,3334.0,27.6167,1.2165,0
PEG-GNR_10x41nm_808nm_2W,3335.0,27.6136,1.2133,0
PEG-GNR_10x41nm_808nm_2W,3336.0,27.6104,1.2102,0
PEG-GNR_10x41nm_808nm_2W,3337.0,27.6073,1.207,0
PEG-GNR_10x41nm_808nm_2W,3338.0,27.6041,1.2039,0
PEG-GNR_10x41nm_808nm_2W,3339.0,27.601,1.2008,0
PEG-GNR_10x41nm_808nm_2W,3340.0,27.5979,1.1976,0
PEG-GNR_10x41nm_808nm_2W,3341.0,27.5948,1.1945,0
PEG-GNR_10x41nm_808nm_2W,3342.0,27.5917,1.1914,0
PEG-GNR_10x41nm_808nm_2W,3343.0,27.5886,1.1883,0
PEG-GNR_10x41nm_808nm_2W,3344.0,27.5855,1.1852,0
PEG-GNR_10x41nm_808nm_2W,3345.0,27.5824,1.1822,0
PEG-GNR_10x41nm_808nm_2W,3346.0,27.5793,1.1791,0
PEG-GNR_10x41nm_808nm_2W,3347.0,27.5762,1.176,0
PEG-GNR_10x41nm_808nm_2W,3348.0,27.5732,1.173,0
PEG-GNR_10x41nm_808nm_2W,3349.0,27.5701,1.1699,0
PEG-GNR_10x41nm_808nm_2W,3350.0,27.5671,1.1669,0
PEG-GNR_10x41nm_808nm_2W,3351.0,27.5641,1.1638,0
PEG-GNR_10x41nm_808nm_2W,3352.0,27.561,1.1608,0
PEG-GNR_10x41nm_808nm_2W,3353.0,27.558,1.1578,0
PEG-GNR_10x41nm_808nm_2W,3354.0,27.555,1.1548,0
PEG-GNR_10x41nm_808nm_2W,3355.0,27.552,1.1518,0
PEG-GNR_10x41nm_808nm_2W,3356.0,27.549,1.1488,0
PEG-GNR_10x41nm_808nm_2W,3357.0,27.546,1.1458,0
PEG-GNR_10x41nm_808nm_2W,3358.0,27.543,1.1428,0
PEG-GNR_10x41nm_808nm_2W,3359.0,27.5401,1.1398,0
PEG-GNR_10x41nm_808nm_2W,3360.0,27.5371,1.1369,0
PEG-GNR_10x41nm_808nm_2W,3361.0,27.5342,1.1339,0
PEG-GNR_10x41nm_808nm_2W,3362.0,27.5312,1.131,0
PEG-GNR_10x41nm_808nm_2W,3363.0,27.5283,1.128,0
PEG-GNR_10x41nm_808nm_2W,3364.0,27.5253,1.1251,0
PEG-GNR_10x41nm_808nm_2W,3365.0,27.5224,1.1222,0
PEG-GNR_10x41nm_808nm_2W,3366.0,27.5195,1.1193,0
PEG-GNR_10x41nm_808nm_2W,3367.0,27.5166,1.1164,0
PEG-GNR_10x41nm_808nm_2W,3368.0,27.5137,1.1135,0
PEG-GNR_10x41nm_808nm_2W,3369.0,27.5108,1.1106,0
PEG-GNR_10x41nm_808nm_2W,3370.0,27.5079,1.1077,0
PEG-GNR_10x41nm_808nm_2W,3371.0,27.505,1.1048,0
PEG-GNR_10x41nm_808nm_2W,3372.0,27.5021,1.1019,0
PEG-GNR_10x41nm_808nm_2W,3373.0,27.4993,1.0991,0
PEG-GNR_10x41nm_808nm_2W,3374.0,27.4964,1.0962,0
PEG-GNR_10x41nm_808nm_2W,3375.0,27.4936,1.0933,0
PEG-GNR_10x41nm_808nm_2W,3376.0,27.4907,1.0905,0
PEG-GNR_10x41nm_808nm_2W,3377.0,27.4879,1.0877,0
PEG-GNR_10x41nm_808nm_2W,3378.0,27.4851,1.0848,0
PEG-GNR_10x41nm_808nm_2W,3379.0,27.4823,1.082,0
PEG-GNR_10x41nm_808nm_2W,3380.0,27.4794,1.0792,0
PEG-GNR_10x41nm_808nm_2W,3381.0,27.4766,1.0764,0
PEG-GNR_10x41nm_808nm_2W,3382.0,27.4738,1.0736,0
PEG-GNR_10x41nm_808nm_2W,3383.0,27.471,1.0708,0
PEG-GNR_10x41nm_808nm_2W,3384.0,27.4683,1.068,0
PEG-GNR_10x41nm_808nm_2W,3385.0,27.4655,1.0653,0
PEG-GNR_10x41nm_808nm_2W,3386.0,27.4627,1.0625,0
PEG-GNR_10x41nm_808nm_2W,3387.0,27.46,1.0597,0
PEG-GNR_10x41nm_808nm_2W,3388.0,27.4572,1.057,0
PEG-GNR_10x41nm_808nm_2W,3389.0,27.4544,1.0542,0
PEG-GNR_10x41nm_808nm_2W,3390.0,27.4517,1.0515,0
PEG-GNR_10x41nm_808nm_2W,3391.0,27.449,1.0487,0
PEG-GNR_10x41nm_808nm_2W,3392.0,27.4462,1.046,0
PEG-GNR_10x41nm_808nm_2W,3393.0,27.4435,1.0433,0
PEG-GNR_10x41nm_808nm_2W,3394.0,27.4408,1.0406,0
PEG-GNR_10x41nm_808nm_2W,3395.0,27.4381,1.0379,0
PEG-GNR_10x41nm_808nm_2W,3396.0,27.4354,1.0352,0
PEG-GNR_10x41nm_808nm_2W,3397.0,27.4327,1.0325,0
PEG-GNR_10x41nm_808nm_2W,3398.0,27.43,1.0298,0
PEG-GNR_10x41nm_808nm_2W,3399.0,27.4274,1.0271,0
PEG-GNR_10x41nm_808nm_2W,3400.0,27.4247,1.0245,0
PEG-GNR_10x41nm_808nm_2W,3401.0,27.422,1.0218,0
PEG-GNR_10x41nm_808nm_2W,3402.0,27.4194,1.0191,0
PEG-GNR_10x41nm_808nm_2W,3403.0,27.4167,1.0165,0
PEG-GNR_10x41nm_808nm_2W,3404.0,27.4141,1.0139,0
PEG-GNR_10x41nm_808nm_2W,3405.0,27.4114,1.0112,0
PEG-GNR_10x41nm_808nm_2W,3406.0,27.4088,1.0086,0
PEG-GNR_10x41nm_808nm_2W,3407.0,27.4062,1.006,0
PEG-GNR_10x41nm_808nm_2W,3408.0,27.4036,1.0033,0
PEG-GNR_10x41nm_808nm_2W,3409.0,27.401,1.0007,0
PEG-GNR_10x41nm_808nm_2W,3410.0,27.3984,0.9981,0
PEG-GNR_10x41nm_808nm_2W,3411.0,27.3958,0.9955,0
PEG-GNR_10x41nm_808nm_2W,3412.0,27.3932,0.993,0
PEG-GNR_10x41nm_808nm_2W,3413.0,27.3906,0.9904,0
PEG-GNR_10x41nm_808nm_2W,3414.0,27.388,0.9878,0
PEG-GNR_10x41nm_808nm_2W,3415.0,27.3855,0.9852,0
PEG-GNR_10x41nm_808nm_2W,3416.0,27.3829,0.9827,0
PEG-GNR_10x41nm_808nm_2W,3417.0,27.3803,0.9801,0
PEG-GNR_10x41nm_808nm_2W,3418.0,27.3778,0.9776,0
PEG-GNR_10x41nm_808nm_2W,3419.0,27.3753,0.975,0
PEG-GNR_10x41nm_808nm_2W,3420.0,27.3727,0.9725,0
PEG-GNR_10x41nm_808nm_2W,3421.0,27.3702,0.97,0
PEG-GNR_10x41nm_808nm_2W,3422.0,27.3677,0.9674,0
PEG-GNR_10x41nm_808nm_2W,3423.0,27.3652,0.9649,0
PEG-GNR_10x41nm_808nm_2W,3424.0,27.3626,0.9624,0
PEG-GNR_10x41nm_808nm_2W,3425.0,27.3601,0.9599,0
PEG-GNR_10x41nm_808nm_2W,3426.0,27.3576,0.9574,0
PEG-GNR_10x41nm_808nm_2W,3427.0,27.3552,0.9549,0
PEG-GNR_10x41nm_808nm_2W,3428.0,27.3527,0.9524,0
PEG-GNR_10x41nm_808nm_2W,3429.0,27.3502,0.95,0
PEG-GNR_10x41nm_808nm_2W,3430.0,27.3477,0.9475,0
PEG-GNR_10x41nm_808nm_2W,3431.0,27.3453,0.945,0
PEG-GNR_10x41nm_808nm_2W,3432.0,27.3428,0.9426,0
PEG-GNR_10x41nm_808nm_2W,3433.0,27.3404,0.9401,0
PEG-GNR_10x41nm_808nm_2W,3434.0,27.3379,0.9377,0
PEG-GNR_10x41nm_808nm_2W,3435.0,27.3355,0.9353,0
PEG-GNR_10x41nm_808nm_2W,3436.0,27.333,0.9328,0
PEG-GNR_10x41nm_808nm_2W,3437.0,27.3306,0.9304,0
PEG-GNR_10x41nm_808nm_2W,3438.0,27.3282,0.928,0
PEG-GNR_10x41nm_808nm_2W,3439.0,27.3258,0.9256,0
PEG-GNR_10x41nm_808nm_2W,3440.0,27.3234,0.9232,0
PEG-GNR_10x41nm_808nm_2W,3441.0,27.321,0.9208,0
PEG-GNR_10x41nm_808nm_2W,3442.0,27.3186,0.9184,0
PEG-GNR_10x41nm_808nm_2W,3443.0,27.3162,0.916,0
PEG-GNR_10x41nm_808nm_2W,3444.0,27.3138,0.9136,0
PEG-GNR_10x41nm_808nm_2W,3445.0,27.3114,0.9112,0
PEG-GNR_10x41nm_808nm_2W,3446.0,27.3091,0.9089,0
PEG-GNR_10x41nm_808nm_2W,3447.0,27.3067,0.9065,0
PEG-GNR_10x41nm_808nm_2W,3448.0,27.3044,0.9041,0
PEG-GNR_10x41nm_808nm_2W,3449.0,27.302,0.9018,0
PEG-GNR_10x41nm_808nm_2W,3450.0,27.2997,0.8994,0
PEG-GNR_10x41nm_808nm_2W,3451.0,27.2973,0.8971,0
PEG-GNR_10x41nm_808nm_2W,3452.0,27.295,0.8948,0
PEG-GNR_10x41nm_808nm_2W,3453.0,27.2927,0.8924,0
PEG-GNR_10x41nm_808nm_2W,3454.0,27.2903,0.8901,0
PEG-GNR_10x41nm_808nm_2W,3455.0,27.288,0.8878,0
PEG-GNR_10x41nm_808nm_2W,3456.0,27.2857,0.8855,0
PEG-GNR_10x41nm_808nm_2W,3457.0,27.2834,0.8832,0
PEG-GNR_10x41nm_808nm_2W,3458.0,27.2811,0.8809,0
PEG-GNR_10x41nm_808nm_2W,3459.0,27.2788,0.8786,0
PEG-GNR_10x41nm_808nm_2W,3460.0,27.2766,0.8763,0
PEG-GNR_10x41nm_808nm_2W,3461.0,27.2743,0.874,0
PEG-GNR_10x41nm_808nm_2W,3462.0,27.272,0.8718,0
PEG-GNR_10x41nm_808nm_2W,3463.0,27.2697,0.8695,0
PEG-GNR_10x41nm_808nm_2W,3464.0,27.2675,0.8672,0
PEG-GNR_10x41nm_808nm_2W,3465.0,27.2652,0.865,0
PEG-GNR_10x41nm_808nm_2W,3466.0,27.263,0.8627,0
PEG-GNR_10x41nm_808nm_2W,3467.0,27.2607,0.8605,0
PEG-GNR_10x41nm_808nm_2W,3468.0,27.2585,0.8583,0
PEG-GNR_10x41nm_808nm_2W,3469.0,27.2563,0.856,0
PEG-GNR_10x41nm_808nm_2W,3470.0,27.254,0.8538,0
PEG-GNR_10x41nm_808nm_2W,3471.0,27.2518,0.8516,0
PEG-GNR_10x41nm_808nm_2W,3472.0,27.2496,0.8494,0
PEG-GNR_10x41nm_808nm_2W,3473.0,27.2474,0.8472,0
PEG-GNR_10x41nm_808nm_2W,3474.0,27.2452,0.845,0
PEG-GNR_10x41nm_808nm_2W,3475.0,27.243,0.8428,0
PEG-GNR_10x41nm_808nm_2W,3476.0,27.2408,0.8406,0
PEG-GNR_10x41nm_808nm_2W,3477.0,27.2386,0.8384,0
PEG-GNR_10x41nm_808nm_2W,3478.0,27.2364,0.8362,0
PEG-GNR_10x41nm_808nm_2W,3479.0,27.2343,0.834,0
PEG-GNR_10x41nm_808nm_2W,3480.0,27.2321,0.8319,0
PEG-GNR_10x41nm_808nm_2W,3481.0,27.2299,0.8297,0
PEG-GNR_10x41nm_808nm_2W,3482.0,27.2278,0.8275,0
PEG-GNR_10x41nm_808nm_2W,3483.0,27.2256,0.8254,0
PEG-GNR_10x41nm_808nm_2W,3484.0,27.2235,0.8233,0
PEG-GNR_10x41nm_808nm_2W,3485.0,27.2213,0.8211,0
PEG-GNR_10x41nm_808nm_2W,3486.0,27.2192,0.819,0
PEG-GNR_10x41nm_808nm_2W,3487.0,27.2171,0.8168,0
PEG-GNR_10x41nm_808nm_2W,3488.0,27.215,0.8147,0
PEG-GNR_10x41nm_808nm_2W,3489.0,27.2128,0.8126,0
PEG-GNR_10x41nm_808nm_2W,3490.0,27.2107,0.8105,0
PEG-GNR_10x41nm_808nm_2W,3491.0,27.2086,0.8084,0
PEG-GNR_10x41nm_808nm_2W,3492.0,27.2065,0.8063,0
PEG-GNR_10x41nm_808nm_2W,3493.0,27.2044,0.8042,0
PEG-GNR_10x41nm_808nm_2W,3494.0,27.2023,0.8021,0
PEG-GNR_10x41nm_808nm_2W,3495.0,27.2002,0.8,0
PEG-GNR_10x41nm_808nm_2W,3496.0,27.1982,0.7979,0
PEG-GNR_10x41nm_808nm_2W,3497.0,27.1961,0.7959,0
PEG-GNR_10x41nm_808nm_2W,3498.0,27.194,0.7938,0
PEG-GNR_10x41nm_808nm_2W,3499.0,27.192,0.7917,0
PEG-GNR_10x41nm_808nm_2W,3500.0,27.1899,0.7897,0
B-GNR_10x41nm_808nm_2W,0.0,26.7257,0.0,1
B-GNR_10x41nm_808nm_2W,1.0,26.7797,0.054,1
B-GNR_10x41nm_808nm_2W,2.0,26.8335,0.1078,1
B-GNR_10x41nm_808nm_2W,3.0,26.8872,0.1615,1
B-GNR_10x41nm_808nm_2W,4.0,26.9407,0.2151,1
B-GNR_10x41nm_808nm_2W,5.0,26.9941,0.2685,1
B-GNR_10x41nm_808nm_2W,6.0,27.0474,0.3217,1
B-GNR_10x41nm_808nm_2W,7.0,27.1005,0.3748,1
B-GNR_10x41nm_808nm_2W,8.0,27.1535,0.4278,1
B-GNR_10x41nm_808nm_2W,9.0,27.2063,0.4806,1
B-GNR_10x41nm_808nm_2W,10.0,27.2589,0.5333,1
B-GNR_10x41nm_808nm_2W,11.0,27.3115,0.5858,1
B-GNR_10x41nm_808nm_2W,12.0,27.3639,0.6382,1
B-GNR_10x41nm_808nm_2W,13.0,27.4161,0.6904,1
B-GNR_10x41nm_808nm_2W,14.0,27.4682,0.7425,1
B-GNR_10x41nm_808nm_2W,15.0,27.5202,0.7945,1
B-GNR_10x41nm_808nm_2W,16.0,27.572,0.8463,1
B-GNR_10x41nm_808nm_2W,17.0,27.6237,0.898,1
B-GNR_10x41nm_808nm_2W,18.0,27.6752,0.9495,1
B-GNR_10x41nm_808nm_2W,19.0,27.7266,1.0009,1
B-GNR_10x41nm_808nm_2W,20.0,27.7778,1.0522,1
B-GNR_10x41nm_808nm_2W,21.0,27.829,1.1033,1
B-GNR_10x41nm_808nm_2W,22.0,27.8799,1.1543,1
B-GNR_10x41nm_808nm_2W,23.0,27.9308,1.2051,1
B-GNR_10x41nm_808nm_2W,24.0,27.9815,1.2558,1
B-GNR_10x41nm_808nm_2W,25.0,28.032,1.3063,1
B-GNR_10x41nm_808nm_2W,26.0,28.0824,1.3568,1
B-GNR_10x41nm_808nm_2W,27.0,28.1327,1.407,1
B-GNR_10x41nm_808nm_2W,28.0,28.1829,1.4572,1
B-GNR_10x41nm_808nm_2W,29.0,28.2329,1.5072,1
B-GNR_10x41nm_808nm_2W,30.0,28.2827,1.5571,1
B-GNR_10x41nm_808nm_2W,31.0,28.3325,1.6068,1
B-GNR_10x41nm_808nm_2W,32.0,28.3821,1.6564,1
B-GNR_10x41nm_808nm_2W,33.0,28.4315,1.7059,1
B-GNR_10x41nm_808nm_2W,34.0,28.4808,1.7552,1
B-GNR_10x41nm_808nm_2W,35.0,28.53,1.8044,1
B-GNR_10x41nm_808nm_2W,36.0,28.5791,1.8534,1
B-GNR_10x41nm_808nm_2W,37.0,28.628,1.9024,1
B-GNR_10x41nm_808nm_2W,38.0,28.6768,1.9511,1
B-GNR_10x41nm_808nm_2W,39.0,28.7255,1.9998,1
B-GNR_10x41nm_808nm_2W,40.0,28.774,2.0483,1
B-GNR_10x41nm_808nm_2W,41.0,28.8224,2.0967,1
B-GNR_10x41nm_808nm_2W,42.0,28.8706,2.145,1
B-GNR_10x41nm_808nm_2W,43.0,28.9188,2.1931,1
B-GNR_10x41nm_808nm_2W,44.0,28.9668,2.2411,1
B-GNR_10x41nm_808nm_2W,45.0,29.0146,2.289,1
B-GNR_10x41nm_808nm_2W,46.0,29.0624,2.3367,1
B-GNR_10x41nm_808nm_2W,47.0,29.11,2.3843,1
B-GNR_10x41nm_808nm_2W,48.0,29.1574,2.4318,1
B-GNR_10x41nm_808nm_2W,49.0,29.2048,2.4791,1
B-GNR_10x41nm_808nm_2W,50.0,29.252,2.5263,1
B-GNR_10x41nm_808nm_2W,51.0,29.2991,2.5734,1
B-GNR_10x41nm_808nm_2W,52.0,29.346,2.6204,1
B-GNR_10x41nm_808nm_2W,53.0,29.3929,2.6672,1
B-GNR_10x41nm_808nm_2W,54.0,29.4395,2.7139,1
B-GNR_10x41nm_808nm_2W,55.0,29.4861,2.7605,1
B-GNR_10x41nm_808nm_2W,56.0,29.5326,2.8069,1
B-GNR_10x41nm_808nm_2W,57.0,29.5789,2.8532,1
B-GNR_10x41nm_808nm_2W,58.0,29.6251,2.8994,1
B-GNR_10x41nm_808nm_2W,59.0,29.6711,2.9455,1
B-GNR_10x41nm_808nm_2W,60.0,29.7171,2.9914,1
B-GNR_10x41nm_808nm_2W,61.0,29.7629,3.0372,1
B-GNR_10x41nm_808nm_2W,62.0,29.8086,3.0829,1
B-GNR_10x41nm_808nm_2W,63.0,29.8541,3.1285,1
B-GNR_10x41nm_808nm_2W,64.0,29.8996,3.1739,1
B-GNR_10x41nm_808nm_2W,65.0,29.9449,3.2192,1
B-GNR_10x41nm_808nm_2W,66.0,29.9901,3.2644,1
B-GNR_10x41nm_808nm_2W,67.0,30.0352,3.3095,1
B-GNR_10x41nm_808nm_2W,68.0,30.0801,3.3544,1
B-GNR_10x41nm_808nm_2W,69.0,30.1249,3.3993,1
B-GNR_10x41nm_808nm_2W,70.0,30.1696,3.444,1
B-GNR_10x41nm_808nm_2W,71.0,30.2142,3.4885,1
B-GNR_10x41nm_808nm_2W,72.0,30.2587,3.533,1
B-GNR_10x41nm_808nm_2W,73.0,30.303,3.5773,1
B-GNR_10x41nm_808nm_2W,74.0,30.3472,3.6215,1
B-GNR_10x41nm_808nm_2W,75.0,30.3913,3.6656,1
B-GNR_10x41nm_808nm_2W,76.0,30.4353,3.7096,1
B-GNR_10x41nm_808nm_2W,77.0,30.4791,3.7535,1
B-GNR_10x41nm_808nm_2W,78.0,30.5228,3.7972,1
B-GNR_10x41nm_808nm_2W,79.0,30.5665,3.8408,1
B-GNR_10x41nm_808nm_2W,80.0,30.61,3.8843,1
B-GNR_10x41nm_808nm_2W,81.0,30.6533,3.9277,1
B-GNR_10x41nm_808nm_2W,82.0,30.6966,3.9709,1
B-GNR_10x41nm_808nm_2W,83.0,30.7397,4.0141,1
B-GNR_10x41nm_808nm_2W,84.0,30.7827,4.0571,1
B-GNR_10x41nm_808nm_2W,85.0,30.8256,4.1,1
B-GNR_10x41nm_808nm_2W,86.0,30.8684,4.1428,1
B-GNR_10x41nm_808nm_2W,87.0,30.9111,4.1854,1
B-GNR_10x41nm_808nm_2W,88.0,30.9536,4.228,1
B-GNR_10x41nm_808nm_2W,89.0,30.9961,4.2704,1
B-GNR_10x41nm_808nm_2W,90.0,31.0384,4.3127,1
B-GNR_10x41nm_808nm_2W,91.0,31.0806,4.3549,1
B-GNR_10x41nm_808nm_2W,92.0,31.1227,4.397,1
B-GNR_10x41nm_808nm_2W,93.0,31.1647,4.439,1
B-GNR_10x41nm_808nm_2W,94.0,31.2065,4.4809,1
B-GNR_10x41nm_808nm_2W,95.0,31.2483,4.5226,1
B-GNR_10x41nm_808nm_2W,96.0,31.2899,4.5642,1
B-GNR_10x41nm_808nm_2W,97.0,31.3314,4.6057,1
B-GNR_10x41nm_808nm_2W,98.0,31.3728,4.6471,1
B-GNR_10x41nm_808nm_2W,99.0,31.4141,4.6884,1
B-GNR_10x41nm_808nm_2W,100.0,31.4553,4.7296,1
B-GNR_10x41nm_808nm_2W,101.0,31.4963,4.7707,1
B-GNR_10x41nm_808nm_2W,102.0,31.5373,4.8116,1
B-GNR_10x41nm_808nm_2W,103.0,31.5781,4.8525,1
B-GNR_10x41nm_808nm_2W,104.0,31.6189,4.8932,1
B-GNR_10x41nm_808nm_2W,105.0,31.6595,4.9338,1
B-GNR_10x41nm_808nm_2W,106.0,31.7,4.9743,1
B-GNR_10x41nm_808nm_2W,107.0,31.7404,5.0147,1
B-GNR_10x41nm_808nm_2W,108.0,31.7807,5.055,1
B-GNR_10x41nm_808nm_2W,109.0,31.8208,5.0952,1
B-GNR_10x41nm_808nm_2W,110.0,31.8609,5.1352,1
B-GNR_10x41nm_808nm_2W,111.0,31.9009,5.1752,1
B-GNR_10x41nm_808nm_2W,112.0,31.9407,5.215,1
B-GNR_10x41nm_808nm_2W,113.0,31.9804,5.2548,1
B-GNR_10x41nm_808nm_2W,114.0,32.0201,5.2944,1
B-GNR_10x41nm_808nm_2W,115.0,32.0596,5.3339,1
B-GNR_10x41nm_808nm_2W,116.0,32.099,5.3733,1
B-GNR_10x41nm_808nm_2W,117.0,32.1383,5.4126,1
B-GNR_10x41nm_808nm_2W,118.0,32.1775,5.4518,1
B-GNR_10x41nm_808nm_2W,119.0,32.2166,5.4909,1
B-GNR_10x41nm_808nm_2W,120.0,32.2556,5.5299,1
B-GNR_10x41nm_808nm_2W,121.0,32.2945,5.5688,1
B-GNR_10x41nm_808nm_2W,122.0,32.3332,5.6076,1
B-GNR_10x41nm_808nm_2W,123.0,32.3719,5.6462,1
B-GNR_10x41nm_808nm_2W,124.0,32.4105,5.6848,1
B-GNR_10x41nm_808nm_2W,125.0,32.4489,5.7232,1
B-GNR_10x41nm_808nm_2W,126.0,32.4873,5.7616,1
B-GNR_10x41nm_808nm_2W,127.0,32.5255,5.7998,1
B-GNR_10x41nm_808nm_2W,128.0,32.5636,5.838,1
B-GNR_10x41nm_808nm_2W,129.0,32.6017,5.876,1
B-GNR_10x41nm_808nm_2W,130.0,32.6396,5.9139,1
B-GNR_10x41nm_808nm_2W,131.0,32.6774,5.9518,1
B-GNR_10x41nm_808nm_2W,132.0,32.7152,5.9895,1
B-GNR_10x41nm_808nm_2W,133.0,32.7528,6.0271,1
B-GNR_10x41nm_808nm_2W,134.0,32.7903,6.0646,1
B-GNR_10x41nm_808nm_2W,135.0,32.8277,6.102,1
B-GNR_10x41nm_808nm_2W,136.0,32.865,6.1394,1
B-GNR_10x41nm_808nm_2W,137.0,32.9022,6.1766,1
B-GNR_10x41nm_808nm_2W,138.0,32.9393,6.2137,1
B-GNR_10x41nm_808nm_2W,139.0,32.9764,6.2507,1
B-GNR_10x41nm_808nm_2W,140.0,33.0133,6.2876,1
B-GNR_10x41nm_808nm_2W,141.0,33.0501,6.3244,1
B-GNR_10x41nm_808nm_2W,142.0,33.0868,6.3611,1
B-GNR_10x41nm_808nm_2W,143.0,33.1234,6.3977,1
B-GNR_10x41nm_808nm_2W,144.0,33.1599,6.4342,1
B-GNR_10x41nm_808nm_2W,145.0,33.1963,6.4706,1
B-GNR_10x41nm_808nm_2W,146.0,33.2326,6.5069,1
B-GNR_10x41nm_808nm_2W,147.0,33.2688,6.5431,1
B-GNR_10x41nm_808nm_2W,148.0,33.3049,6.5793,1
B-GNR_10x41nm_808nm_2W,149.0,33.3409,6.6153,1
B-GNR_10x41nm_808nm_2W,150.0,33.3768,6.6512,1
B-GNR_10x41nm_808nm_2W,151.0,33.4127,6.687,1
B-GNR_10x41nm_808nm_2W,152.0,33.4484,6.7227,1
B-GNR_10x41nm_808nm_2W,153.0,33.484,6.7583,1
B-GNR_10x41nm_808nm_2W,154.0,33.5195,6.7938,1
B-GNR_10x41nm_808nm_2W,155.0,33.5549,6.8293,1
B-GNR_10x41nm_808nm_2W,156.0,33.5903,6.8646,1
B-GNR_10x41nm_808nm_2W,157.0,33.6255,6.8998,1
B-GNR_10x41nm_808nm_2W,158.0,33.6606,6.935,1
B-GNR_10x41nm_808nm_2W,159.0,33.6957,6.97,1
B-GNR_10x41nm_808nm_2W,160.0,33.7306,7.0049,1
B-GNR_10x41nm_808nm_2W,161.0,33.7654,7.0398,1
B-GNR_10x41nm_808nm_2W,162.0,33.8002,7.0745,1
B-GNR_10x41nm_808nm_2W,163.0,33.8349,7.1092,1
B-GNR_10x41nm_808nm_2W,164.0,33.8694,7.1438,1
B-GNR_10x41nm_808nm_2W,165.0,33.9039,7.1782,1
B-GNR_10x41nm_808nm_2W,166.0,33.9383,7.2126,1
B-GNR_10x41nm_808nm_2W,167.0,33.9725,7.2469,1
B-GNR_10x41nm_808nm_2W,168.0,34.0067,7.2811,1
B-GNR_10x41nm_808nm_2W,169.0,34.0408,7.3152,1
B-GNR_10x41nm_808nm_2W,170.0,34.0748,7.3492,1
B-GNR_10x41nm_808nm_2W,171.0,34.1087,7.3831,1
B-GNR_10x41nm_808nm_2W,172.0,34.1425,7.4169,1
B-GNR_10x41nm_808nm_2W,173.0,34.1763,7.4506,1
B-GNR_10x41nm_808nm_2W,174.0,34.2099,7.4842,1
B-GNR_10x41nm_808nm_2W,175.0,34.2434,7.5178,1
B-GNR_10x41nm_808nm_2W,176.0,34.2769,7.5512,1
B-GNR_10x41nm_808nm_2W,177.0,34.3102,7.5846,1
B-GNR_10x41nm_808nm_2W,178.0,34.3435,7.6178,1
B-GNR_10x41nm_808nm_2W,179.0,34.3767,7.651,1
B-GNR_10x41nm_808nm_2W,180.0,34.4097,7.6841,1
B-GNR_10x41nm_808nm_2W,181.0,34.4427,7.7171,1
B-GNR_10x41nm_808nm_2W,182.0,34.4756,7.75,1
B-GNR_10x41nm_808nm_2W,183.0,34.5084,7.7828,1
B-GNR_10x41nm_808nm_2W,184.0,34.5412,7.8155,1
B-GNR_10x41nm_808nm_2W,185.0,34.5738,7.8481,1
B-GNR_10x41nm_808nm_2W,186.0,34.6063,7.8807,1
B-GNR_10x41nm_808nm_2W,187.0,34.6388,7.9131,1
B-GNR_10x41nm_808nm_2W,188.0,34.6712,7.9455,1
B-GNR_10x41nm_808nm_2W,189.0,34.7034,7.9778,1
B-GNR_10x41nm_808nm_2W,190.0,34.7356,8.01,1
B-GNR_10x41nm_808nm_2W,191.0,34.7677,8.0421,1
B-GNR_10x41nm_808nm_2W,192.0,34.7997,8.0741,1
B-GNR_10x41nm_808nm_2W,193.0,34.8317,8.106,1
B-GNR_10x41nm_808nm_2W,194.0,34.8635,8.1378,1
B-GNR_10x41nm_808nm_2W,195.0,34.8952,8.1696,1
B-GNR_10x41nm_808nm_2W,196.0,34.9269,8.2012,1
B-GNR_10x41nm_808nm_2W,197.0,34.9585,8.2328,1
B-GNR_10x41nm_808nm_2W,198.0,34.99,8.2643,1
B-GNR_10x41nm_808nm_2W,199.0,35.0214,8.2957,1
B-GNR_10x41nm_808nm_2W,200.0,35.0527,8.327,1
B-GNR_10x41nm_808nm_2W,201.0,35.0839,8.3583,1
B-GNR_10x41nm_808nm_2W,202.0,35.1151,8.3894,1
B-GNR_10x41nm_808nm_2W,203.0,35.1462,8.4205,1
B-GNR_10x41nm_808nm_2W,204.0,35.1771,8.4515,1
B-GNR_10x41nm_808nm_2W,205.0,35.208,8.4824,1
B-GNR_10x41nm_808nm_2W,206.0,35.2388,8.5132,1
B-GNR_10x41nm_808nm_2W,207.0,35.2696,8.5439,1
B-GNR_10x41nm_808nm_2W,208.0,35.3002,8.5745,1
B-GNR_10x41nm_808nm_2W,209.0,35.3308,8.6051,1
B-GNR_10x41nm_808nm_2W,210.0,35.3612,8.6356,1
B-GNR_10x41nm_808nm_2W,211.0,35.3916,8.666,1
B-GNR_10x41nm_808nm_2W,212.0,35.4219,8.6963,1
B-GNR_10x41nm_808nm_2W,213.0,35.4522,8.7265,1
B-GNR_10x41nm_808nm_2W,214.0,35.4823,8.7566,1
B-GNR_10x41nm_808nm_2W,215.0,35.5124,8.7867,1
B-GNR_10x41nm_808nm_2W,216.0,35.5423,8.8167,1
B-GNR_10x41nm_808nm_2W,217.0,35.5722,8.8466,1
B-GNR_10x41nm_808nm_2W,218.0,35.602,8.8764,1
B-GNR_10x41nm_808nm_2W,219.0,35.6318,8.9061,1
B-GNR_10x41nm_808nm_2W,220.0,35.6614,8.9358,1
B-GNR_10x41nm_808nm_2W,221.0,35.691,8.9653,1
B-GNR_10x41nm_808nm_2W,222.0,35.7205,8.9948,1
B-GNR_10x41nm_808nm_2W,223.0,35.7499,9.0242,1
B-GNR_10x41nm_808nm_2W,224.0,35.7792,9.0536,1
B-GNR_10x41nm_808nm_2W,225.0,35.8085,9.0828,1
B-GNR_10x41nm_808nm_2W,226.0,35.8377,9.112,1
B-GNR_10x41nm_808nm_2W,227.0,35.8667,9.1411,1
B-GNR_10x41nm_808nm_2W,228.0,35.8958,9.1701,1
B-GNR_10x41nm_808nm_2W,229.0,35.9247,9.199,1
B-GNR_10x41nm_808nm_2W,230.0,35.9535,9.2279,1
B-GNR_10x41nm_808nm_2W,231.0,35.9823,9.2566,1
B-GNR_10x41nm_808nm_2W,232.0,36.011,9.2853,1
B-GNR_10x41nm_808nm_2W,233.0,36.0396,9.314,1
B-GNR_10x41nm_808nm_2W,234.0,36.0682,9.3425,1
B-GNR_10x41nm_808nm_2W,235.0,36.0966,9.3709,1
B-GNR_10x41nm_808nm_2W,236.0,36.125,9.3993,1
B-GNR_10x41nm_808nm_2W,237.0,36.1533,9.4276,1
B-GNR_10x41nm_808nm_2W,238.0,36.1815,9.4559,1
B-GNR_10x41nm_808nm_2W,239.0,36.2097,9.484,1
B-GNR_10x41nm_808nm_2W,240.0,36.2377,9.5121,1
B-GNR_10x41nm_808nm_2W,241.0,36.2657,9.5401,1
B-GNR_10x41nm_808nm_2W,242.0,36.2937,9.568,1
B-GNR_10x41nm_808nm_2W,243.0,36.3215,9.5958,1
B-GNR_10x41nm_808nm_2W,244.0,36.3493,9.6236,1
B-GNR_10x41nm_808nm_2W,245.0,36.377,9.6513,1
B-GNR_10x41nm_808nm_2W,246.0,36.4046,9.6789,1
B-GNR_10x41nm_808nm_2W,247.0,36.4321,9.7065,1
B-GNR_10x41nm_808nm_2W,248.0,36.4596,9.7339,1
B-GNR_10x41nm_808nm_2W,249.0,36.487,9.7613,1
B-GNR_10x41nm_808nm_2W,250.0,36.5143,9.7886,1
B-GNR_10x41nm_808nm_2W,251.0,36.5415,9.8159,1
B-GNR_10x41nm_808nm_2W,252.0,36.5687,9.843,1
B-GNR_10x41nm_808nm_2W,253.0,36.5958,9.8701,1
B-GNR_10x41nm_808nm_2W,254.0,36.6228,9.8971,1
B-GNR_10x41nm_808nm_2W,255.0,36.6497,9.9241,1
B-GNR_10x41nm_808nm_2W,256.0,36.6766,9.951,1
B-GNR_10x41nm_808nm_2W,257.0,36.7034,9.9778,1
B-GNR_10x41nm_808nm_2W,258.0,36.7301,10.0045,1
B-GNR_10x41nm_808nm_2W,259.0,36.7568,10.0311,1
B-GNR_10x41nm_808nm_2W,260.0,36.7834,10.0577,1
B-GNR_10x41nm_808nm_2W,261.0,36.8099,10.0842,1
B-GNR_10x41nm_808nm_2W,262.0,36.8363,10.1106,1
B-GNR_10x41nm_808nm_2W,263.0,36.8627,10.137,1
B-GNR_10x41nm_808nm_2W,264.0,36.889,10.1633,1
B-GNR_10x41nm_808nm_2W,265.0,36.9152,10.1895,1
B-GNR_10x41nm_808nm_2W,266.0,36.9413,10.2156,1
B-GNR_10x41nm_808nm_2W,267.0,36.9674,10.2417,1
B-GNR_10x41nm_808nm_2W,268.0,36.9934,10.2677,1
B-GNR_10x41nm_808nm_2W,269.0,37.0193,10.2937,1
B-GNR_10x41nm_808nm_2W,270.0,37.0452,10.3195,1
B-GNR_10x41nm_808nm_2W,271.0,37.071,10.3453,1
B-GNR_10x41nm_808nm_2W,272.0,37.0967,10.371,1
B-GNR_10x41nm_808nm_2W,273.0,37.1223,10.3967,1
B-GNR_10x41nm_808nm_2W,274.0,37.1479,10.4223,1
B-GNR_10x41nm_808nm_2W,275.0,37.1734,10.4478,1
B-GNR_10x41nm_808nm_2W,276.0,37.1989,10.4732,1
B-GNR_10x41nm_808nm_2W,277.0,37.2242,10.4986,1
B-GNR_10x41nm_808nm_2W,278.0,37.2495,10.5239,1
B-GNR_10x41nm_808nm_2W,279.0,37.2748,10.5491,1
B-GNR_10x41nm_808nm_2W,280.0,37.2999,10.5743,1
B-GNR_10x41nm_808nm_2W,281.0,37.325,10.5994,1
B-GNR_10x41nm_808nm_2W,282.0,37.35,10.6244,1
B-GNR_10x41nm_808nm_2W,283.0,37.375,10.6493,1
B-GNR_10x41nm_808nm_2W,284.0,37.3999,10.6742,1
B-GNR_10x41nm_808nm_2W,285.0,37.4247,10.699,1
B-GNR_10x41nm_808nm_2W,286.0,37.4495,10.7238,1
B-GNR_10x41nm_808nm_2W,287.0,37.4742,10.7485,1
B-GNR_10x41nm_808nm_2W,288.0,37.4988,10.7731,1
B-GNR_10x41nm_808nm_2W,289.0,37.5233,10.7977,1
B-GNR_10x41nm_808nm_2W,290.0,37.5478,10.8221,1
B-GNR_10x41nm_808nm_2W,291.0,37.5722,10.8466,1
B-GNR_10x41nm_808nm_2W,292.0,37.5966,10.8709,1
B-GNR_10x41nm_808nm_2W,293.0,37.6209,10.8952,1
B-GNR_10x41nm_808nm_2W,294.0,37.6451,10.9194,1
B-GNR_10x41nm_808nm_2W,295.0,37.6692,10.9436,1
B-GNR_10x41nm_808nm_2W,296.0,37.6933,10.9676,1
B-GNR_10x41nm_808nm_2W,297.0,37.7173,10.9917,1
B-GNR_10x41nm_808nm_2W,298.0,37.7413,11.0156,1
B-GNR_10x41nm_808nm_2W,299.0,37.7652,11.0395,1
B-GNR_10x41nm_808nm_2W,300.0,37.789,11.0633,1
B-GNR_10x41nm_808nm_2W,301.0,37.8127,11.0871,1
B-GNR_10x41nm_808nm_2W,302.0,37.8364,11.1108,1
B-GNR_10x41nm_808nm_2W,303.0,37.8601,11.1344,1
B-GNR_10x41nm_808nm_2W,304.0,37.8836,11.158,1
B-GNR_10x41nm_808nm_2W,305.0,37.9071,11.1815,1
B-GNR_10x41nm_808nm_2W,306.0,37.9306,11.2049,1
B-GNR_10x41nm_808nm_2W,307.0,37.9539,11.2283,1
B-GNR_10x41nm_808nm_2W,308.0,37.9772,11.2516,1
B-GNR_10x41nm_808nm_2W,309.0,38.0005,11.2748,1
B-GNR_10x41nm_808nm_2W,310.0,38.0237,11.298,1
B-GNR_10x41nm_808nm_2W,311.0,38.0468,11.3211,1
B-GNR_10x41nm_808nm_2W,312.0,38.0698,11.3442,1
B-GNR_10x41nm_808nm_2W,313.0,38.0928,11.3672,1
B-GNR_10x41nm_808nm_2W,314.0,38.1157,11.3901,1
B-GNR_10x41nm_808nm_2W,315.0,38.1386,11.4129,1
B-GNR_10x41nm_808nm_2W,316.0,38.1614,11.4357,1
B-GNR_10x41nm_808nm_2W,317.0,38.1841,11.4585,1
B-GNR_10x41nm_808nm_2W,318.0,38.2068,11.4812,1
B-GNR_10x41nm_808nm_2W,319.0,38.2294,11.5038,1
B-GNR_10x41nm_808nm_2W,320.0,38.252,11.5263,1
B-GNR_10x41nm_808nm_2W,321.0,38.2745,11.5488,1
B-GNR_10x41nm_808nm_2W,322.0,38.2969,11.5713,1
B-GNR_10x41nm_808nm_2W,323.0,38.3193,11.5936,1
B-GNR_10x41nm_808nm_2W,324.0,38.3416,11.6159,1
B-GNR_10x41nm_808nm_2W,325.0,38.3638,11.6382,1
B-GNR_10x41nm_808nm_2W,326.0,38.386,11.6604,1
B-GNR_10x41nm_808nm_2W,327.0,38.4082,11.6825,1
B-GNR_10x41nm_808nm_2W,328.0,38.4302,11.7046,1
B-GNR_10x41nm_808nm_2W,329.0,38.4522,11.7266,1
B-GNR_10x41nm_808nm_2W,330.0,38.4742,11.7485,1
B-GNR_10x41nm_808nm_2W,331.0,38.4961,11.7704,1
B-GNR_10x41nm_808nm_2W,332.0,38.5179,11.7922,1
B-GNR_10x41nm_808nm_2W,333.0,38.5396,11.814,1
B-GNR_10x41nm_808nm_2W,334.0,38.5614,11.8357,1
B-GNR_10x41nm_808nm_2W,335.0,38.583,11.8573,1
B-GNR_10x41nm_808nm_2W,336.0,38.6046,11.8789,1
B-GNR_10x41nm_808nm_2W,337.0,38.6261,11.9005,1
B-GNR_10x41nm_808nm_2W,338.0,38.6476,11.9219,1
B-GNR_10x41nm_808nm_2W,339.0,38.669,11.9433,1
B-GNR_10x41nm_808nm_2W,340.0,38.6903,11.9647,1
B-GNR_10x41nm_808nm_2W,341.0,38.7116,11.986,1
B-GNR_10x41nm_808nm_2W,342.0,38.7329,12.0072,1
B-GNR_10x41nm_808nm_2W,343.0,38.7541,12.0284,1
B-GNR_10x41nm_808nm_2W,344.0,38.7752,12.0495,1
B-GNR_10x41nm_808nm_2W,345.0,38.7962,12.0706,1
B-GNR_10x41nm_808nm_2W,346.0,38.8172,12.0916,1
B-GNR_10x41nm_808nm_2W,347.0,38.8382,12.1125,1
B-GNR_10x41nm_808nm_2W,348.0,38.8591,12.1334,1
B-GNR_10x41nm_808nm_2W,349.0,38.8799,12.1543,1
B-GNR_10x41nm_808nm_2W,350.0,38.9007,12.175,1
B-GNR_10x41nm_808nm_2W,351.0,38.9214,12.1957,1
B-GNR_10x41nm_808nm_2W,352.0,38.9421,12.2164,1
B-GNR_10x41nm_808nm_2W,353.0,38.9627,12.237,1
B-GNR_10x41nm_808nm_2W,354.0,38.9832,12.2576,1
B-GNR_10x41nm_808nm_2W,355.0,39.0037,12.2781,1
B-GNR_10x41nm_808nm_2W,356.0,39.0242,12.2985,1
B-GNR_10x41nm_808nm_2W,357.0,39.0445,12.3189,1
B-GNR_10x41nm_808nm_2W,358.0,39.0649,12.3392,1
B-GNR_10x41nm_808nm_2W,359.0,39.0851,12.3595,1
B-GNR_10x41nm_808nm_2W,360.0,39.1054,12.3797,1
B-GNR_10x41nm_808nm_2W,361.0,39.1255,12.3999,1
B-GNR_10x41nm_808nm_2W,362.0,39.1456,12.42,1
B-GNR_10x41nm_808nm_2W,363.0,39.1657,12.44,1
B-GNR_10x41nm_808nm_2W,364.0,39.1857,12.46,1
B-GNR_10x41nm_808nm_2W,365.0,39.2056,12.4799,1
B-GNR_10x41nm_808nm_2W,366.0,39.2255,12.4998,1
B-GNR_10x41nm_808nm_2W,367.0,39.2453,12.5197,1
B-GNR_10x41nm_808nm_2W,368.0,39.2651,12.5394,1
B-GNR_10x41nm_808nm_2W,369.0,39.2848,12.5592,1
B-GNR_10x41nm_808nm_2W,370.0,39.3045,12.5788,1
B-GNR_10x41nm_808nm_2W,371.0,39.3241,12.5985,1
B-GNR_10x41nm_808nm_2W,372.0,39.3437,12.618,1
B-GNR_10x41nm_808nm_2W,373.0,39.3632,12.6375,1
B-GNR_10x41nm_808nm_2W,374.0,39.3826,12.657,1
B-GNR_10x41nm_808nm_2W,375.0,39.402,12.6764,1
B-GNR_10x41nm_808nm_2W,376.0,39.4214,12.6957,1
B-GNR_10x41nm_808nm_2W,377.0,39.4407,12.715,1
B-GNR_10x41nm_808nm_2W,378.0,39.4599,12.7343,1
B-GNR_10x41nm_808nm_2W,379.0,39.4791,12.7535,1
B-GNR_10x41nm_808nm_2W,380.0,39.4983,12.7726,1
B-GNR_10x41nm_808nm_2W,381.0,39.5174,12.7917,1
B-GNR_10x41nm_808nm_2W,382.0,39.5364,12.8107,1
B-GNR_10x41nm_808nm_2W,383.0,39.5554,12.8297,1
B-GNR_10x41nm_808nm_2W,384.0,39.5743,12.8486,1
B-GNR_10x41nm_808nm_2W,385.0,39.5932,12.8675,1
B-GNR_10x41nm_808nm_2W,386.0,39.612,12.8863,1
B-GNR_10x41nm_808nm_2W,387.0,39.6308,12.9051,1
B-GNR_10x41nm_808nm_2W,388.0,39.6495,12.9238,1
B-GNR_10x41nm_808nm_2W,389.0,39.6682,12.9425,1
B-GNR_10x41nm_808nm_2W,390.0,39.6868,12.9611,1
B-GNR_10x41nm_808nm_2W,391.0,39.7054,12.9797,1
B-GNR_10x41nm_808nm_2W,392.0,39.7239,12.9982,1
B-GNR_10x41nm_808nm_2W,393.0,39.7424,13.0167,1
B-GNR_10x41nm_808nm_2W,394.0,39.7608,13.0351,1
B-GNR_10x41nm_808nm_2W,395.0,39.7792,13.0535,1
B-GNR_10x41nm_808nm_2W,396.0,39.7975,13.0718,1
B-GNR_10x41nm_808nm_2W,397.0,39.8157,13.0901,1
B-GNR_10x41nm_808nm_2W,398.0,39.834,13.1083,1
B-GNR_10x41nm_808nm_2W,399.0,39.8521,13.1265,1
B-GNR_10x41nm_808nm_2W,400.0,39.8702,13.1446,1
B-GNR_10x41nm_808nm_2W,401.0,39.8883,13.1627,1
B-GNR_10x41nm_808nm_2W,402.0,39.9063,13.1807,1
B-GNR_10x41nm_808nm_2W,403.0,39.9243,13.1986,1
B-GNR_10x41nm_808nm_2W,404.0,39.9422,13.2166,1
B-GNR_10x41nm_808nm_2W,405.0,39.9601,13.2344,1
B-GNR_10x41nm_808nm_2W,406.0,39.9779,13.2523,1
B-GNR_10x41nm_808nm_2W,407.0,39.9957,13.27,1
B-GNR_10x41nm_808nm_2W,408.0,40.0134,13.2878,1
B-GNR_10x41nm_808nm_2W,409.0,40.0311,13.3055,1
B-GNR_10x41nm_808nm_2W,410.0,40.0487,13.3231,1
B-GNR_10x41nm_808nm_2W,411.0,40.0663,13.3407,1
B-GNR_10x41nm_808nm_2W,412.0,40.0839,13.3582,1
B-GNR_10x41nm_808nm_2W,413.0,40.1013,13.3757,1
B-GNR_10x41nm_808nm_2W,414.0,40.1188,13.3931,1
B-GNR_10x41nm_808nm_2W,415.0,40.1362,13.4105,1
B-GNR_10x41nm_808nm_2W,416.0,40.1535,13.4279,1
B-GNR_10x41nm_808nm_2W,417.0,40.1708,13.4452,1
B-GNR_10x41nm_808nm_2W,418.0,40.1881,13.4624,1
B-GNR_10x41nm_808nm_2W,419.0,40.2053,13.4796,1
B-GNR_10x41nm_808nm_2W,420.0,40.2224,13.4968,1
B-GNR_10x41nm_808nm_2W,421.0,40.2395,13.5139,1
B-GNR_10x41nm_808nm_2W,422.0,40.2566,13.5309,1
B-GNR_10x41nm_808nm_2W,423.0,40.2736,13.5479,1
B-GNR_10x41nm_808nm_2W,424.0,40.2906,13.5649,1
B-GNR_10x41nm_808nm_2W,425.0,40.3075,13.5818,1
B-GNR_10x41nm_808nm_2W,426.0,40.3244,13.5987,1
B-GNR_10x41nm_808nm_2W,427.0,40.3412,13.6155,1
B-GNR_10x41nm_808nm_2W,428.0,40.358,13.6323,1
B-GNR_10x41nm_808nm_2W,429.0,40.3747,13.6491,1
B-GNR_10x41nm_808nm_2W,430.0,40.3914,13.6658,1
B-GNR_10x41nm_808nm_2W,431.0,40.4081,13.6824,1
B-GNR_10x41nm_808nm_2W,432.0,40.4247,13.699,1
B-GNR_10x41nm_808nm_2W,433.0,40.4412,13.7156,1
B-GNR_10x41nm_808nm_2W,434.0,40.4577,13.7321,1
B-GNR_10x41nm_808nm_2W,435.0,40.4742,13.7485,1
B-GNR_10x41nm_808nm_2W,436.0,40.4906,13.7649,1
B-GNR_10x41nm_808nm_2W,437.0,40.507,13.7813,1
B-GNR_10x41nm_808nm_2W,438.0,40.5233,13.7977,1
B-GNR_10x41nm_808nm_2W,439.0,40.5396,13.8139,1
B-GNR_10x41nm_808nm_2W,440.0,40.5558,13.8302,1
B-GNR_10x41nm_808nm_2W,441.0,40.572,13.8464,1
B-GNR_10x41nm_808nm_2W,442.0,40.5882,13.8625,1
B-GNR_10x41nm_808nm_2W,443.0,40.6043,13.8786,1
B-GNR_10x41nm_808nm_2W,444.0,40.6204,13.8947,1
B-GNR_10x41nm_808nm_2W,445.0,40.6364,13.9107,1
B-GNR_10x41nm_808nm_2W,446.0,40.6524,13.9267,1
B-GNR_10x41nm_808nm_2W,447.0,40.6683,13.9426,1
B-GNR_10x41nm_808nm_2W,448.0,40.6842,13.9585,1
B-GNR_10x41nm_808nm_2W,449.0,40.7,13.9744,1
B-GNR_10x41nm_808nm_2W,450.0,40.7158,13.9902,1
B-GNR_10x41nm_808nm_2W,451.0,40.7316,14.0059,1
B-GNR_10x41nm_808nm_2W,452.0,40.7473,14.0216,1
B-GNR_10x41nm_808nm_2W,453.0,40.763,14.0373,1
B-GNR_10x41nm_808nm_2W,454.0,40.7786,14.053,1
B-GNR_10x41nm_808nm_2W,455.0,40.7942,14.0685,1
B-GNR_10x41nm_808nm_2W,456.0,40.8097,14.0841,1
B-GNR_10x41nm_808nm_2W,457.0,40.8253,14.0996,1
B-GNR_10x41nm_808nm_2W,458.0,40.8407,14.115,1
B-GNR_10x41nm_808nm_2W,459.0,40.8561,14.1305,1
B-GNR_10x41nm_808nm_2W,460.0,40.8715,14.1458,1
B-GNR_10x41nm_808nm_2W,461.0,40.8868,14.1612,1
B-GNR_10x41nm_808nm_2W,462.0,40.9021,14.1765,1
B-GNR_10x41nm_808nm_2W,463.0,40.9174,14.1917,1
B-GNR_10x41nm_808nm_2W,464.0,40.9326,14.2069,1
B-GNR_10x41nm_808nm_2W,465.0,40.9478,14.2221,1
B-GNR_10x41nm_808nm_2W,466.0,40.9629,14.2372,1
B-GNR_10x41nm_808nm_2W,467.0,40.978,14.2523,1
B-GNR_10x41nm_808nm_2W,468.0,40.993,14.2674,1
B-GNR_10x41nm_808nm_2W,469.0,41.008,14.2824,1
B-GNR_10x41nm_808nm_2W,470.0,41.023,14.2973,1
B-GNR_10x41nm_808nm_2W,471.0,41.0379,14.3122,1
B-GNR_10x41nm_808nm_2W,472.0,41.0528,14.3271,1
B-GNR_10x41nm_808nm_2W,473.0,41.0676,14.342,1
B-GNR_10x41nm_808nm_2W,474.0,41.0824,14.3568,1
B-GNR_10x41nm_808nm_2W,475.0,41.0972,14.3715,1
B-GNR_10x41nm_808nm_2W,476.0,41.1119,14.3862,1
B-GNR_10x41nm_808nm_2W,477.0,41.1266,14.4009,1
B-GNR_10x41nm_808nm_2W,478.0,41.1412,14.4155,1
B-GNR_10x41nm_808nm_2W,479.0,41.1558,14.4301,1
B-GNR_10x41nm_808nm_2W,480.0,41.1704,14.4447,1
B-GNR_10x41nm_808nm_2W,481.0,41.1849,14.4592,1
B-GNR_10x41nm_808nm_2W,482.0,41.1994,14.4737,1
B-GNR_10x41nm_808nm_2W,483.0,41.2138,14.4881,1
B-GNR_10x41nm_808nm_2W,484.0,41.2282,14.5025,1
B-GNR_10x41nm_808nm_2W,485.0,41.2426,14.5169,1
B-GNR_10x41nm_808nm_2W,486.0,41.2569,14.5312,1
B-GNR_10x41nm_808nm_2W,487.0,41.2712,14.5455,1
B-GNR_10x41nm_808nm_2W,488.0,41.2854,14.5597,1
B-GNR_10x41nm_808nm_2W,489.0,41.2996,14.5739,1
B-GNR_10x41nm_808nm_2W,490.0,41.3138,14.5881,1
B-GNR_10x41nm_808nm_2W,491.0,41.3279,14.6022,1
B-GNR_10x41nm_808nm_2W,492.0,41.342,14.6163,1
B-GNR_10x41nm_808nm_2W,493.0,41.356,14.6304,1
B-GNR_10x41nm_808nm_2W,494.0,41.37,14.6444,1
B-GNR_10x41nm_808nm_2W,495.0,41.384,14.6583,1
B-GNR_10x41nm_808nm_2W,496.0,41.3979,14.6723,1
B-GNR_10x41nm_808nm_2W,497.0,41.4118,14.6862,1
B-GNR_10x41nm_808nm_2W,498.0,41.4257,14.7,1
B-GNR_10x41nm_808nm_2W,499.0,41.4395,14.7139,1
B-GNR_10x41nm_808nm_2W,500.0,41.4533,14.7276,1
B-GNR_10x41nm_808nm_2W,501.0,41.467,14.7414,1
B-GNR_10x41nm_808nm_2W,502.0,41.4808,14.7551,1
B-GNR_10x41nm_808nm_2W,503.0,41.4944,14.7688,1
B-GNR_10x41nm_808nm_2W,504.0,41.5081,14.7824,1
B-GNR_10x41nm_808nm_2W,505.0,41.5216,14.796,1
B-GNR_10x41nm_808nm_2W,506.0,41.5352,14.8095,1
B-GNR_10x41nm_808nm_2W,507.0,41.5487,14.8231,1
B-GNR_10x41nm_808nm_2W,508.0,41.5622,14.8365,1
B-GNR_10x41nm_808nm_2W,509.0,41.5757,14.85,1
B-GNR_10x41nm_808nm_2W,510.0,41.5891,14.8634,1
B-GNR_10x41nm_808nm_2W,511.0,41.6024,14.8768,1
B-GNR_10x41nm_808nm_2W,512.0,41.6158,14.8901,1
B-GNR_10x41nm_808nm_2W,513.0,41.6291,14.9034,1
B-GNR_10x41nm_808nm_2W,514.0,41.6423,14.9167,1
B-GNR_10x41nm_808nm_2W,515.0,41.6556,14.9299,1
B-GNR_10x41nm_808nm_2W,516.0,41.6688,14.9431,1
B-GNR_10x41nm_808nm_2W,517.0,41.6819,14.9563,1
B-GNR_10x41nm_808nm_2W,518.0,41.695,14.9694,1
B-GNR_10x41nm_808nm_2W,519.0,41.7081,14.9825,1
B-GNR_10x41nm_808nm_2W,520.0,41.7212,14.9955,1
B-GNR_10x41nm_808nm_2W,521.0,41.7342,15.0085,1
B-GNR_10x41nm_808nm_2W,522.0,41.7472,15.0215,1
B-GNR_10x41nm_808nm_2W,523.0,41.7601,15.0344,1
B-GNR_10x41nm_808nm_2W,524.0,41.773,15.0473,1
B-GNR_10x41nm_808nm_2W,525.0,41.7859,15.0602,1
B-GNR_10x41nm_808nm_2W,526.0,41.7987,15.0731,1
B-GNR_10x41nm_808nm_2W,527.0,41.8115,15.0859,1
B-GNR_10x41nm_808nm_2W,528.0,41.8243,15.0986,1
B-GNR_10x41nm_808nm_2W,529.0,41.837,15.1113,1
B-GNR_10x41nm_808nm_2W,530.0,41.8497,15.124,1
B-GNR_10x41nm_808nm_2W,531.0,41.8624,15.1367,1
B-GNR_10x41nm_808nm_2W,532.0,41.875,15.1493,1
B-GNR_10x41nm_808nm_2W,533.0,41.8876,15.1619,1
B-GNR_10x41nm_808nm_2W,534.0,41.9001,15.1745,1
B-GNR_10x41nm_808nm_2W,535.0,41.9127,15.187,1
B-GNR_10x41nm_808nm_2W,536.0,41.9252,15.1995,1
B-GNR_10x41nm_808nm_2W,537.0,41.9376,15.212,1
B-GNR_10x41nm_808nm_2W,538.0,41.95,15.2244,1
B-GNR_10x41nm_808nm_2W,539.0,41.9624,15.2368,1
B-GNR_10x41nm_808nm_2W,540.0,41.9748,15.2491,1
B-GNR_10x41nm_808nm_2W,541.0,41.9871,15.2614,1
B-GNR_10x41nm_808nm_2W,542.0,41.9994,15.2737,1
B-GNR_10x41nm_808nm_2W,543.0,42.0116,15.286,1
B-GNR_10x41nm_808nm_2W,544.0,42.0239,15.2982,1
B-GNR_10x41nm_808nm_2W,545.0,42.036,15.3104,1
B-GNR_10x41nm_808nm_2W,546.0,42.0482,15.3225,1
B-GNR_10x41nm_808nm_2W,547.0,42.0603,15.3346,1
B-GNR_10x41nm_808nm_2W,548.0,42.0724,15.3467,1
B-GNR_10x41nm_808nm_2W,549.0,42.0844,15.3588,1
B-GNR_10x41nm_808nm_2W,550.0,42.0965,15.3708,1
B-GNR_10x41nm_808nm_2W,551.0,42.1085,15.3828,1
B-GNR_10x41nm_808nm_2W,552.0,42.1204,15.3947,1
B-GNR_10x41nm_808nm_2W,553.0,42.1323,15.4067,1
B-GNR_10x41nm_808nm_2W,554.0,42.1442,15.4186,1
B-GNR_10x41nm_808nm_2W,555.0,42.1561,15.4304,1
B-GNR_10x41nm_808nm_2W,556.0,42.1679,15.4422,1
B-GNR_10x41nm_808nm_2W,557.0,42.1797,15.454,1
B-GNR_10x41nm_808nm_2W,558.0,42.1915,15.4658,1
B-GNR_10x41nm_808nm_2W,559.0,42.2032,15.4775,1
B-GNR_10x41nm_808nm_2W,560.0,42.2149,15.4892,1
B-GNR_10x41nm_808nm_2W,561.0,42.2265,15.5009,1
B-GNR_10x41nm_808nm_2W,562.0,42.2382,15.5125,1
B-GNR_10x41nm_808nm_2W,563.0,42.2498,15.5241,1
B-GNR_10x41nm_808nm_2W,564.0,42.2613,15.5357,1
B-GNR_10x41nm_808nm_2W,565.0,42.2729,15.5472,1
B-GNR_10x41nm_808nm_2W,566.0,42.2844,15.5587,1
B-GNR_10x41nm_808nm_2W,567.0,42.2959,15.5702,1
B-GNR_10x41nm_808nm_2W,568.0,42.3073,15.5816,1
B-GNR_10x41nm_808nm_2W,569.0,42.3187,15.593,1
B-GNR_10x41nm_808nm_2W,570.0,42.3301,15.6044,1
B-GNR_10x41nm_808nm_2W,571.0,42.3414,15.6158,1
B-GNR_10x41nm_808nm_2W,572.0,42.3528,15.6271,1
B-GNR_10x41nm_808nm_2W,573.0,42.364,15.6384,1
B-GNR_10x41nm_808nm_2W,574.0,42.3753,15.6496,1
B-GNR_10x41nm_808nm_2W,575.0,42.3865,15.6609,1
B-GNR_10x41nm_808nm_2W,576.0,42.3977,15.6721,1
B-GNR_10x41nm_808nm_2W,577.0,42.4089,15.6832,1
B-GNR_10x41nm_808nm_2W,578.0,42.42,15.6944,1
B-GNR_10x41nm_808nm_2W,579.0,42.4311,15.7055,1
B-GNR_10x41nm_808nm_2W,580.0,42.4422,15.7165,1
B-GNR_10x41nm_808nm_2W,581.0,42.4532,15.7276,1
B-GNR_10x41nm_808nm_2W,582.0,42.4642,15.7386,1
B-GNR_10x41nm_808nm_2W,583.0,42.4752,15.7496,1
B-GNR_10x41nm_808nm_2W,584.0,42.4862,15.7605,1
B-GNR_10x41nm_808nm_2W,585.0,42.4971,15.7714,1
B-GNR_10x41nm_808nm_2W,586.0,42.508,15.7823,1
B-GNR_10x41nm_808nm_2W,587.0,42.5189,15.7932,1
B-GNR_10x41nm_808nm_2W,588.0,42.5297,15.804,1
B-GNR_10x41nm_808nm_2W,589.0,42.5405,15.8148,1
B-GNR_10x41nm_808nm_2W,590.0,42.5513,15.8256,1
B-GNR_10x41nm_808nm_2W,591.0,42.562,15.8363,1
B-GNR_10x41nm_808nm_2W,592.0,42.5727,15.8471,1
B-GNR_10x41nm_808nm_2W,593.0,42.5834,15.8577,1
B-GNR_10x41nm_808nm_2W,594.0,42.5941,15.8684,1
B-GNR_10x41nm_808nm_2W,595.0,42.6047,15.879,1
B-GNR_10x41nm_808nm_2W,596.0,42.6153,15.8896,1
B-GNR_10x41nm_808nm_2W,597.0,42.6259,15.9002,1
B-GNR_10x41nm_808nm_2W,598.0,42.6364,15.9107,1
B-GNR_10x41nm_808nm_2W,599.0,42.6469,15.9213,1
B-GNR_10x41nm_808nm_2W,600.0,42.6574,15.9317,1
B-GNR_10x41nm_808nm_2W,601.0,42.6679,15.9422,1
B-GNR_10x41nm_808nm_2W,602.0,42.6783,15.9526,1
B-GNR_10x41nm_808nm_2W,603.0,42.6887,15.963,1
B-GNR_10x41nm_808nm_2W,604.0,42.699,15.9734,1
B-GNR_10x41nm_808nm_2W,605.0,42.7094,15.9837,1
B-GNR_10x41nm_808nm_2W,606.0,42.7197,15.994,1
B-GNR_10x41nm_808nm_2W,607.0,42.73,16.0043,1
B-GNR_10x41nm_808nm_2W,608.0,42.7402,16.0146,1
B-GNR_10x41nm_808nm_2W,609.0,42.7505,16.0248,1
B-GNR_10x41nm_808nm_2W,610.0,42.7607,16.035,1
B-GNR_10x41nm_808nm_2W,611.0,42.7708,16.0452,1
B-GNR_10x41nm_808nm_2W,612.0,42.781,16.0553,1
B-GNR_10x41nm_808nm_2W,613.0,42.7911,16.0654,1
B-GNR_10x41nm_808nm_2W,614.0,42.8012,16.0755,1
B-GNR_10x41nm_808nm_2W,615.0,42.8113,16.0856,1
B-GNR_10x41nm_808nm_2W,616.0,42.8213,16.0956,1
B-GNR_10x41nm_808nm_2W,617.0,42.8313,16.1056,1
B-GNR_10x41nm_808nm_2W,618.0,42.8413,16.1156,1
B-GNR_10x41nm_808nm_2W,619.0,42.8512,16.1256,1
B-GNR_10x41nm_808nm_2W,620.0,42.8611,16.1355,1
B-GNR_10x41nm_808nm_2W,621.0,42.871,16.1454,1
B-GNR_10x41nm_808nm_2W,622.0,42.8809,16.1553,1
B-GNR_10x41nm_808nm_2W,623.0,42.8908,16.1651,1
B-GNR_10x41nm_808nm_2W,624.0,42.9006,16.1749,1
B-GNR_10x41nm_808nm_2W,625.0,42.9104,16.1847,1
B-GNR_10x41nm_808nm_2W,626.0,42.9201,16.1945,1
B-GNR_10x41nm_808nm_2W,627.0,42.9299,16.2042,1
B-GNR_10x41nm_808nm_2W,628.0,42.9396,16.2139,1
B-GNR_10x41nm_808nm_2W,629.0,42.9493,16.2236,1
B-GNR_10x41nm_808nm_2W,630.0,42.9589,16.2333,1
B-GNR_10x41nm_808nm_2W,631.0,42.9685,16.2429,1
B-GNR_10x41nm_808nm_2W,632.0,42.9782,16.2525,1
B-GNR_10x41nm_808nm_2W,633.0,42.9877,16.2621,1
B-GNR_10x41nm_808nm_2W,634.0,42.9973,16.2716,1
B-GNR_10x41nm_808nm_2W,635.0,43.0068,16.2811,1
B-GNR_10x41nm_808nm_2W,636.0,43.0163,16.2906,1
B-GNR_10x41nm_808nm_2W,637.0,43.0258,16.3001,1
B-GNR_10x41nm_808nm_2W,638.0,43.0352,16.3096,1
B-GNR_10x41nm_808nm_2W,639.0,43.0446,16.319,1
B-GNR_10x41nm_808nm_2W,640.0,43.054,16.3284,1
B-GNR_10x41nm_808nm_2W,641.0,43.0634,16.3378,1
B-GNR_10x41nm_808nm_2W,642.0,43.0728,16.3471,1
B-GNR_10x41nm_808nm_2W,643.0,43.0821,16.3564,1
B-GNR_10x41nm_808nm_2W,644.0,43.0914,16.3657,1
B-GNR_10x41nm_808nm_2W,645.0,43.1006,16.375,1
B-GNR_10x41nm_808nm_2W,646.0,43.1099,16.3842,1
B-GNR_10x41nm_808nm_2W,647.0,43.1191,16.3934,1
B-GNR_10x41nm_808nm_2W,648.0,43.1283,16.4026,1
B-GNR_10x41nm_808nm_2W,649.0,43.1375,16.4118,1
B-GNR_10x41nm_808nm_2W,650.0,43.1466,16.4209,1
B-GNR_10x41nm_808nm_2W,651.0,43.1557,16.4301,1
B-GNR_10x41nm_808nm_2W,652.0,43.1648,16.4392,1
B-GNR_10x41nm_808nm_2W,653.0,43.1739,16.4482,1
B-GNR_10x41nm_808nm_2W,654.0,43.1829,16.4573,1
B-GNR_10x41nm_808nm_2W,655.0,43.1919,16.4663,1
B-GNR_10x41nm_808nm_2W,656.0,43.2009,16.4753,1
B-GNR_10x41nm_808nm_2W,657.0,43.2099,16.4842,1
B-GNR_10x41nm_808nm_2W,658.0,43.2189,16.4932,1
B-GNR_10x41nm_808nm_2W,659.0,43.2278,16.5021,1
B-GNR_10x41nm_808nm_2W,660.0,43.2367,16.511,1
B-GNR_10x41nm_808nm_2W,661.0,43.2455,16.5199,1
B-GNR_10x41nm_808nm_2W,662.0,43.2544,16.5287,1
B-GNR_10x41nm_808nm_2W,663.0,43.2632,16.5375,1
B-GNR_10x41nm_808nm_2W,664.0,43.272,16.5463,1
B-GNR_10x41nm_808nm_2W,665.0,43.2808,16.5551,1
B-GNR_10x41nm_808nm_2W,666.0,43.2895,16.5639,1
B-GNR_10x41nm_808nm_2W,667.0,43.2983,16.5726,1
B-GNR_10x41nm_808nm_2W,668.0,43.307,16.5813,1
B-GNR_10x41nm_808nm_2W,669.0,43.3156,16.59,1
B-GNR_10x41nm_808nm_2W,670.0,43.3243,16.5986,1
B-GNR_10x41nm_808nm_2W,671.0,43.3329,16.6073,1
B-GNR_10x41nm_808nm_2W,672.0,43.3415,16.6159,1
B-GNR_10x41nm_808nm_2W,673.0,43.3501,16.6245,1
B-GNR_10x41nm_808nm_2W,674.0,43.3587,16.633,1
B-GNR_10x41nm_808nm_2W,675.0,43.3672,16.6416,1
B-GNR_10x41nm_808nm_2W,676.0,43.3757,16.6501,1
B-GNR_10x41nm_808nm_2W,677.0,43.3842,16.6586,1
B-GNR_10x41nm_808nm_2W,678.0,43.3927,16.667,1
B-GNR_10x41nm_808nm_2W,679.0,43.4011,16.6755,1
B-GNR_10x41nm_808nm_2W,680.0,43.4096,16.6839,1
B-GNR_10x41nm_808nm_2W,681.0,43.418,16.6923,1
B-GNR_10x41nm_808nm_2W,682.0,43.4263,16.7007,1
B-GNR_10x41nm_808nm_2W,683.0,43.4347,16.709,1
B-GNR_10x41nm_808nm_2W,684.0,43.443,16.7174,1
B-GNR_10x41nm_808nm_2W,685.0,43.4513,16.7257,1
B-GNR_10x41nm_808nm_2W,686.0,43.4596,16.734,1
B-GNR_10x41nm_808nm_2W,687.0,43.4679,16.7422,1
B-GNR_10x41nm_808nm_2W,688.0,43.4761,16.7505,1
B-GNR_10x41nm_808nm_2W,689.0,43.4843,16.7587,1
B-GNR_10x41nm_808nm_2W,690.0,43.4925,16.7669,1
B-GNR_10x41nm_808nm_2W,691.0,43.5007,16.775,1
B-GNR_10x41nm_808nm_2W,692.0,43.5089,16.7832,1
B-GNR_10x41nm_808nm_2W,693.0,43.517,16.7913,1
B-GNR_10x41nm_808nm_2W,694.0,43.5251,16.7994,1
B-GNR_10x41nm_808nm_2W,695.0,43.5332,16.8075,1
B-GNR_10x41nm_808nm_2W,696.0,43.5412,16.8156,1
B-GNR_10x41nm_808nm_2W,697.0,43.5493,16.8236,1
B-GNR_10x41nm_808nm_2W,698.0,43.5573,16.8316,1
B-GNR_10x41nm_808nm_2W,699.0,43.5653,16.8396,1
B-GNR_10x41nm_808nm_2W,700.0,43.5733,16.8476,1
B-GNR_10x41nm_808nm_2W,701.0,43.5812,16.8555,1
B-GNR_10x41nm_808nm_2W,702.0,43.5891,16.8635,1
B-GNR_10x41nm_808nm_2W,703.0,43.5971,16.8714,1
B-GNR_10x41nm_808nm_2W,704.0,43.6049,16.8793,1
B-GNR_10x41nm_808nm_2W,705.0,43.6128,16.8871,1
B-GNR_10x41nm_808nm_2W,706.0,43.6206,16.895,1
B-GNR_10x41nm_808nm_2W,707.0,43.6285,16.9028,1
B-GNR_10x41nm_808nm_2W,708.0,43.6363,16.9106,1
B-GNR_10x41nm_808nm_2W,709.0,43.6441,16.9184,1
B-GNR_10x41nm_808nm_2W,710.0,43.6518,16.9261,1
B-GNR_10x41nm_808nm_2W,711.0,43.6595,16.9339,1
B-GNR_10x41nm_808nm_2W,712.0,43.6673,16.9416,1
B-GNR_10x41nm_808nm_2W,713.0,43.675,16.9493,1
B-GNR_10x41nm_808nm_2W,714.0,43.6826,16.957,1
B-GNR_10x41nm_808nm_2W,715.0,43.6903,16.9646,1
B-GNR_10x41nm_808nm_2W,716.0,43.6979,16.9723,1
B-GNR_10x41nm_808nm_2W,717.0,43.7055,16.9799,1
B-GNR_10x41nm_808nm_2W,718.0,43.7131,16.9875,1
B-GNR_10x41nm_808nm_2W,719.0,43.7207,16.995,1
B-GNR_10x41nm_808nm_2W,720.0,43.7282,17.0026,1
B-GNR_10x41nm_808nm_2W,721.0,43.7358,17.0101,1
B-GNR_10x41nm_808nm_2W,722.0,43.7433,17.0176,1
B-GNR_10x41nm_808nm_2W,723.0,43.7508,17.0251,1
B-GNR_10x41nm_808nm_2W,724.0,43.7582,17.0326,1
B-GNR_10x41nm_808nm_2W,725.0,43.7657,17.04,1
B-GNR_10x41nm_808nm_2W,726.0,43.7731,17.0474,1
B-GNR_10x41nm_808nm_2W,727.0,43.7805,17.0548,1
B-GNR_10x41nm_808nm_2W,728.0,43.7879,17.0622,1
B-GNR_10x41nm_808nm_2W,729.0,43.7953,17.0696,1
B-GNR_10x41nm_808nm_2W,730.0,43.8026,17.0769,1
B-GNR_10x41nm_808nm_2W,731.0,43.8099,17.0843,1
B-GNR_10x41nm_808nm_2W,732.0,43.8172,17.0916,1
B-GNR_10x41nm_808nm_2W,733.0,43.8245,17.0989,1
B-GNR_10x41nm_808nm_2W,734.0,43.8318,17.1061,1
B-GNR_10x41nm_808nm_2W,735.0,43.839,17.1134,1
B-GNR_10x41nm_808nm_2W,736.0,43.8463,17.1206,1
B-GNR_10x41nm_808nm_2W,737.0,43.8535,17.1278,1
B-GNR_10x41nm_808nm_2W,738.0,43.8606,17.135,1
B-GNR_10x41nm_808nm_2W,739.0,43.8678,17.1421,1
B-GNR_10x41nm_808nm_2W,740.0,43.875,17.1493,1
B-GNR_10x41nm_808nm_2W,741.0,43.8821,17.1564,1
B-GNR_10x41nm_808nm_2W,742.0,43.8892,17.1635,1
B-GNR_10x41nm_808nm_2W,743.0,43.8963,17.1706,1
B-GNR_10x41nm_808nm_2W,744.0,43.9034,17.1777,1
B-GNR_10x41nm_808nm_2W,745.0,43.9104,17.1847,1
B-GNR_10x41nm_808nm_2W,746.0,43.9174,17.1918,1
B-GNR_10x41nm_808nm_2W,747.0,43.9244,17.1988,1
B-GNR_10x41nm_808nm_2W,748.0,43.9314,17.2058,1
B-GNR_10x41nm_808nm_2W,749.0,43.9384,17.2127,1
B-GNR_10x41nm_808nm_2W,750.0,43.9454,17.2197,1
B-GNR_10x41nm_808nm_2W,751.0,43.9523,17.2266,1
B-GNR_10x41nm_808nm_2W,752.0,43.9592,17.2335,1
B-GNR_10x41nm_808nm_2W,753.0,43.9661,17.2404,1
B-GNR_10x41nm_808nm_2W,754.0,43.973,17.2473,1
B-GNR_10x41nm_808nm_2W,755.0,43.9798,17.2542,1
B-GNR_10x41nm_808nm_2W,756.0,43.9867,17.261,1
B-GNR_10x41nm_808nm_2W,757.0,43.9935,17.2678,1
B-GNR_10x41nm_808nm_2W,758.0,44.0003,17.2747,1
B-GNR_10x41nm_808nm_2W,759.0,44.0071,17.2814,1
B-GNR_10x41nm_808nm_2W,760.0,44.0139,17.2882,1
B-GNR_10x41nm_808nm_2W,761.0,44.0206,17.2949,1
B-GNR_10x41nm_808nm_2W,762.0,44.0273,17.3017,1
B-GNR_10x41nm_808nm_2W,763.0,44.0341,17.3084,1
B-GNR_10x41nm_808nm_2W,764.0,44.0407,17.3151,1
B-GNR_10x41nm_808nm_2W,765.0,44.0474,17.3218,1
B-GNR_10x41nm_808nm_2W,766.0,44.0541,17.3284,1
B-GNR_10x41nm_808nm_2W,767.0,44.0607,17.3351,1
B-GNR_10x41nm_808nm_2W,768.0,44.0673,17.3417,1
B-GNR_10x41nm_808nm_2W,769.0,44.0739,17.3483,1
B-GNR_10x41nm_808nm_2W,770.0,44.0805,17.3549,1
B-GNR_10x41nm_808nm_2W,771.0,44.0871,17.3614,1
B-GNR_10x41nm_808nm_2W,772.0,44.0936,17.368,1
B-GNR_10x41nm_808nm_2W,773.0,44.1002,17.3745,1
B-GNR_10x41nm_808nm_2W,774.0,44.1067,17.381,1
B-GNR_10x41nm_808nm_2W,775.0,44.1132,17.3875,1
B-GNR_10x41nm_808nm_2W,776.0,44.1196,17.394,1
B-GNR_10x41nm_808nm_2W,777.0,44.1261,17.4004,1
B-GNR_10x41nm_808nm_2W,778.0,44.1325,17.4069,1
B-GNR_10x41nm_808nm_2W,779.0,44.139,17.4133,1
B-GNR_10x41nm_808nm_2W,780.0,44.1454,17.4197,1
B-GNR_10x41nm_808nm_2W,781.0,44.1518,17.4261,1
B-GNR_10x41nm_808nm_2W,782.0,44.1581,17.4325,1
B-GNR_10x41nm_808nm_2W,783.0,44.1645,17.4388,1
B-GNR_10x41nm_808nm_2W,784.0,44.1708,17.4452,1
B-GNR_10x41nm_808nm_2W,785.0,44.1771,17.4515,1
B-GNR_10x41nm_808nm_2W,786.0,44.1834,17.4578,1
B-GNR_10x41nm_808nm_2W,787.0,44.1897,17.4641,1
B-GNR_10x41nm_808nm_2W,788.0,44.196,17.4703,1
B-GNR_10x41nm_808nm_2W,789.0,44.2022,17.4766,1
B-GNR_10x41nm_808nm_2W,790.0,44.2085,17.4828,1
B-GNR_10x41nm_808nm_2W,791.0,44.2147,17.489,1
B-GNR_10x41nm_808nm_2W,792.0,44.2209,17.4952,1
B-GNR_10x41nm_808nm_2W,793.0,44.2271,17.5014,1
B-GNR_10x41nm_808nm_2W,794.0,44.2332,17.5076,1
B-GNR_10x41nm_808nm_2W,795.0,44.2394,17.5137,1
B-GNR_10x41nm_808nm_2W,796.0,44.2455,17.5199,1
B-GNR_10x41nm_808nm_2W,797.0,44.2516,17.526,1
B-GNR_10x41nm_808nm_2W,798.0,44.2577,17.5321,1
B-GNR_10x41nm_808nm_2W,799.0,44.2638,17.5382,1
B-GNR_10x41nm_808nm_2W,800.0,44.2699,17.5442,1
B-GNR_10x41nm_808nm_2W,801.0,44.2759,17.5503,1
B-GNR_10x41nm_808nm_2W,802.0,44.282,17.5563,1
B-GNR_10x41nm_808nm_2W,803.0,44.288,17.5623,1
B-GNR_10x41nm_808nm_2W,804.0,44.294,17.5683,1
B-GNR_10x41nm_808nm_2W,805.0,44.3,17.5743,1
B-GNR_10x41nm_808nm_2W,806.0,44.3059,17.5803,1
B-GNR_10x41nm_808nm_2W,807.0,44.3119,17.5862,1
B-GNR_10x41nm_808nm_2W,808.0,44.3178,17.5921,1
B-GNR_10x41nm_808nm_2W,809.0,44.3237,17.5981,1
B-GNR_10x41nm_808nm_2W,810.0,44.3296,17.604,1
B-GNR_10x41nm_808nm_2W,811.0,44.3355,17.6098,1
B-GNR_10x41nm_808nm_2W,812.0,44.3414,17.6157,1
B-GNR_10x41nm_808nm_2W,813.0,44.3472,17.6216,1
B-GNR_10x41nm_808nm_2W,814.0,44.3531,17.6274,1
B-GNR_10x41nm_808nm_2W,815.0,44.3589,17.6332,1
B-GNR_10x41nm_808nm_2W,816.0,44.3647,17.639,1
B-GNR_10x41nm_808nm_2W,817.0,44.3705,17.6448,1
B-GNR_10x41nm_808nm_2W,818.0,44.3763,17.6506,1
B-GNR_10x41nm_808nm_2W,819.0,44.382,17.6564,1
B-GNR_10x41nm_808nm_2W,820.0,44.3878,17.6621,1
B-GNR_10x41nm_808nm_2W,821.0,44.3935,17.6678,1
B-GNR_10x41nm_808nm_2W,822.0,44.3992,17.6735,1
B-GNR_10x41nm_808nm_2W,823.0,44.4049,17.6792,1
B-GNR_10x41nm_808nm_2W,824.0,44.4106,17.6849,1
B-GNR_10x41nm_808nm_2W,825.0,44.4162,17.6906,1
B-GNR_10x41nm_808nm_2W,826.0,44.4219,17.6962,1
B-GNR_10x41nm_808nm_2W,827.0,44.4275,17.7019,1
B-GNR_10x41nm_808nm_2W,828.0,44.4331,17.7075,1
B-GNR_10x41nm_808nm_2W,829.0,44.4387,17.7131,1
B-GNR_10x41nm_808nm_2W,830.0,44.4443,17.7187,1
B-GNR_10x41nm_808nm_2W,831.0,44.4499,17.7242,1
B-GNR_10x41nm_808nm_2W,832.0,44.4555,17.7298,1
B-GNR_10x41nm_808nm_2W,833.0,44.461,17.7353,1
B-GNR_10x41nm_808nm_2W,834.0,44.4665,17.7409,1
B-GNR_10x41nm_808nm_2W,835.0,44.472,17.7464,1
B-GNR_10x41nm_808nm_2W,836.0,44.4775,17.7519,1
B-GNR_10x41nm_808nm_2W,837.0,44.483,17.7573,1
B-GNR_10x41nm_808nm_2W,838.0,44.4885,17.7628,1
B-GNR_10x41nm_808nm_2W,839.0,44.4939,17.7683,1
B-GNR_10x41nm_808nm_2W,840.0,44.4994,17.7737,1
B-GNR_10x41nm_808nm_2W,841.0,44.5048,17.7791,1
B-GNR_10x41nm_808nm_2W,842.0,44.5102,17.7845,1
B-GNR_10x41nm_808nm_2W,843.0,44.5156,17.7899,1
B-GNR_10x41nm_808nm_2W,844.0,44.521,17.7953,1
B-GNR_10x41nm_808nm_2W,845.0,44.5263,17.8007,1
B-GNR_10x41nm_808nm_2W,846.0,44.5317,17.806,1
B-GNR_10x41nm_808nm_2W,847.0,44.537,17.8113,1
B-GNR_10x41nm_808nm_2W,848.0,44.5423,17.8167,1
B-GNR_10x41nm_808nm_2W,849.0,44.5476,17.822,1
B-GNR_10x41nm_808nm_2W,850.0,44.5529,17.8272,1
B-GNR_10x41nm_808nm_2W,851.0,44.5582,17.8325,1
B-GNR_10x41nm_808nm_2W,852.0,44.5634,17.8378,1
B-GNR_10x41nm_808nm_2W,853.0,44.5687,17.843,1
B-GNR_10x41nm_808nm_2W,854.0,44.5739,17.8483,1
B-GNR_10x41nm_808nm_2W,855.0,44.5791,17.8535,1
B-GNR_10x41nm_808nm_2W,856.0,44.5843,17.8587,1
B-GNR_10x41nm_808nm_2W,857.0,44.5895,17.8639,1
B-GNR_10x41nm_808nm_2W,858.0,44.5947,17.869,1
B-GNR_10x41nm_808nm_2W,859.0,44.5999,17.8742,1
B-GNR_10x41nm_808nm_2W,860.0,44.605,17.8794,1
B-GNR_10x41nm_808nm_2W,861.0,44.6101,17.8845,1
B-GNR_10x41nm_808nm_2W,862.0,44.6153,17.8896,1
B-GNR_10x41nm_808nm_2W,863.0,44.6204,17.8947,1
B-GNR_10x41nm_808nm_2W,864.0,44.6255,17.8998,1
B-GNR_10x41nm_808nm_2W,865.0,44.6305,17.9049,1
B-GNR_10x41nm_808nm_2W,866.0,44.6356,17.9099,1
B-GNR_10x41nm_808nm_2W,867.0,44.6406,17.915,1
B-GNR_10x41nm_808nm_2W,868.0,44.6457,17.92,1
B-GNR_10x41nm_808nm_2W,869.0,44.6507,17.925,1
B-GNR_10x41nm_808nm_2W,870.0,44.6557,17.9301,1
B-GNR_10x41nm_808nm_2W,871.0,44.6607,17.935,1
B-GNR_10x41nm_808nm_2W,872.0,44.6657,17.94,1
B-GNR_10x41nm_808nm_2W,873.0,44.6707,17.945,1
B-GNR_10x41nm_808nm_2W,874.0,44.6756,17.9499,1
B-GNR_10x41nm_808nm_2W,875.0,44.6805,17.9549,1
B-GNR_10x41nm_808nm_2W,876.0,44.6855,17.9598,1
B-GNR_10x41nm_808nm_2W,877.0,44.6904,17.9647,1
B-GNR_10x41nm_808nm_2W,878.0,44.6953,17.9696,1
B-GNR_10x41nm_808nm_2W,879.0,44.7002,17.9745,1
B-GNR_10x41nm_808nm_2W,880.0,44.705,17.9794,1
B-GNR_10x41nm_808nm_2W,881.0,44.7099,17.9842,1
B-GNR_10x41nm_808nm_2W,882.0,44.7147,17.9891,1
B-GNR_10x41nm_808nm_2W,883.0,44.7196,17.9939,1
B-GNR_10x41nm_808nm_2W,884.0,44.7244,17.9987,1
B-GNR_10x41nm_808nm_2W,885.0,44.7292,18.0035,1
B-GNR_10x41nm_808nm_2W,886.0,44.734,18.0083,1
B-GNR_10x41nm_808nm_2W,887.0,44.7388,18.0131,1
B-GNR_10x41nm_808nm_2W,888.0,44.7435,18.0179,1
B-GNR_10x41nm_808nm_2W,889.0,44.7483,18.0226,1
B-GNR_10x41nm_808nm_2W,890.0,44.753,18.0274,1
B-GNR_10x41nm_808nm_2W,891.0,44.7578,18.0321,1
B-GNR_10x41nm_808nm_2W,892.0,44.7625,18.0368,1
B-GNR_10x41nm_808nm_2W,893.0,44.7672,18.0415,1
B-GNR_10x41nm_808nm_2W,894.0,44.7719,18.0462,1
B-GNR_10x41nm_808nm_2W,895.0,44.7766,18.0509,1
B-GNR_10x41nm_808nm_2W,896.0,44.7812,18.0556,1
B-GNR_10x41nm_808nm_2W,897.0,44.7859,18.0602,1
B-GNR_10x41nm_808nm_2W,898.0,44.7905,18.0648,1
B-GNR_10x41nm_808nm_2W,899.0,44.7951,18.0695,1
B-GNR_10x41nm_808nm_2W,900.0,44.7997,18.0741,1
B-GNR_10x41nm_808nm_2W,901.0,44.8043,18.0787,1
B-GNR_10x41nm_808nm_2W,902.0,44.8089,18.0833,1
B-GNR_10x41nm_808nm_2W,903.0,44.8135,18.0878,1
B-GNR_10x41nm_808nm_2W,904.0,44.8181,18.0924,1
B-GNR_10x41nm_808nm_2W,905.0,44.8226,18.097,1
B-GNR_10x41nm_808nm_2W,906.0,44.8272,18.1015,1
B-GNR_10x41nm_808nm_2W,907.0,44.8317,18.106,1
B-GNR_10x41nm_808nm_2W,908.0,44.8362,18.1105,1
B-GNR_10x41nm_808nm_2W,909.0,44.8407,18.115,1
B-GNR_10x41nm_808nm_2W,910.0,44.8452,18.1195,1
B-GNR_10x41nm_808nm_2W,911.0,44.8497,18.124,1
B-GNR_10x41nm_808nm_2W,912.0,44.8541,18.1285,1
B-GNR_10x41nm_808nm_2W,913.0,44.8586,18.1329,1
B-GNR_10x41nm_808nm_2W,914.0,44.863,18.1374,1
B-GNR_10x41nm_808nm_2W,915.0,44.8674,18.1418,1
B-GNR_10x41nm_808nm_2W,916.0,44.8719,18.1462,1
B-GNR_10x41nm_808nm_2W,917.0,44.8763,18.1506,1
B-GNR_10x41nm_808nm_2W,918.0,44.8807,18.155,1
B-GNR_10x41nm_808nm_2W,919.0,44.885,18.1594,1
B-GNR_10x41nm_808nm_2W,920.0,44.8894,18.1637,1
B-GNR_10x41nm_808nm_2W,921.0,44.8938,18.1681,1
B-GNR_10x41nm_808nm_2W,922.0,44.8981,18.1724,1
B-GNR_10x41nm_808nm_2W,923.0,44.9024,18.1768,1
B-GNR_10x41nm_808nm_2W,924.0,44.9068,18.1811,1
B-GNR_10x41nm_808nm_2W,925.0,44.9111,18.1854,1
B-GNR_10x41nm_808nm_2W,926.0,44.9154,18.1897,1
B-GNR_10x41nm_808nm_2W,927.0,44.9196,18.194,1
B-GNR_10x41nm_808nm_2W,928.0,44.9239,18.1983,1
B-GNR_10x41nm_808nm_2W,929.0,44.9282,18.2025,1
B-GNR_10x41nm_808nm_2W,930.0,44.9324,18.2068,1
B-GNR_10x41nm_808nm_2W,931.0,44.9367,18.211,1
B-GNR_10x41nm_808nm_2W,932.0,44.9409,18.2152,1
B-GNR_10x41nm_808nm_2W,933.0,44.9451,18.2194,1
B-GNR_10x41nm_808nm_2W,934.0,44.9493,18.2236,1
B-GNR_10x41nm_808nm_2W,935.0,44.9535,18.2278,1
B-GNR_10x41nm_808nm_2W,936.0,44.9577,18.232,1
B-GNR_10x41nm_808nm_2W,937.0,44.9619,18.2362,1
B-GNR_10x41nm_808nm_2W,938.0,44.966,18.2403,1
B-GNR_10x41nm_808nm_2W,939.0,44.9702,18.2445,1
B-GNR_10x41nm_808nm_2W,940.0,44.9743,18.2486,1
B-GNR_10x41nm_808nm_2W,941.0,44.9784,18.2528,1
B-GNR_10x41nm_808nm_2W,942.0,44.9825,18.2569,1
B-GNR_10x41nm_808nm_2W,943.0,44.9866,18.261,1
B-GNR_10x41nm_808nm_2W,944.0,44.9907,18.2651,1
B-GNR_10x41nm_808nm_2W,945.0,44.9948,18.2691,1
B-GNR_10x41nm_808nm_2W,946.0,44.9989,18.2732,1
B-GNR_10x41nm_808nm_2W,947.0,45.0029,18.2773,1
B-GNR_10x41nm_808nm_2W,948.0,45.007,18.2813,1
B-GNR_10x41nm_808nm_2W,949.0,45.011,18.2853,1
B-GNR_10x41nm_808nm_2W,950.0,45.015,18.2894,1
B-GNR_10x41nm_808nm_2W,951.0,45.019,18.2934,1
B-GNR_10x41nm_808nm_2W,952.0,45.023,18.2974,1
B-GNR_10x41nm_808nm_2W,953.0,45.027,18.3014,1
B-GNR_10x41nm_808nm_2W,954.0,45.031,18.3053,1
B-GNR_10x41nm_808nm_2W,955.0,45.035,18.3093,1
B-GNR_10x41nm_808nm_2W,956.0,45.0389,18.3133,1
B-GNR_10x41nm_808nm_2W,957.0,45.0429,18.3172,1
B-GNR_10x41nm_808nm_2W,958.0,45.0468,18.3212,1
B-GNR_10x41nm_808nm_2W,959.0,45.0507,18.3251,1
B-GNR_10x41nm_808nm_2W,960.0,45.0547,18.329,1
B-GNR_10x41nm_808nm_2W,961.0,45.0586,18.3329,1
B-GNR_10x41nm_808nm_2W,962.0,45.0625,18.3368,1
B-GNR_10x41nm_808nm_2W,963.0,45.0663,18.3407,1
B-GNR_10x41nm_808nm_2W,964.0,45.0702,18.3445,1
B-GNR_10x41nm_808nm_2W,965.0,45.0741,18.3484,1
B-GNR_10x41nm_808nm_2W,966.0,45.0779,18.3523,1
B-GNR_10x41nm_808nm_2W,967.0,45.0818,18.3561,1
B-GNR_10x41nm_808nm_2W,968.0,45.0856,18.3599,1
B-GNR_10x41nm_808nm_2W,969.0,45.0894,18.3637,1
B-GNR_10x41nm_808nm_2W,970.0,45.0932,18.3676,1
B-GNR_10x41nm_808nm_2W,971.0,45.097,18.3714,1
B-GNR_10x41nm_808nm_2W,972.0,45.1008,18.3751,1
B-GNR_10x41nm_808nm_2W,973.0,45.1046,18.3789,1
B-GNR_10x41nm_808nm_2W,974.0,45.1083,18.3827,1
B-GNR_10x41nm_808nm_2W,975.0,45.1121,18.3864,1
B-GNR_10x41nm_808nm_2W,976.0,45.1159,18.3902,1
B-GNR_10x41nm_808nm_2W,977.0,45.1196,18.3939,1
B-GNR_10x41nm_808nm_2W,978.0,45.1233,18.3977,1
B-GNR_10x41nm_808nm_2W,979.0,45.127,18.4014,1
B-GNR_10x41nm_808nm_2W,980.0,45.1307,18.4051,1
B-GNR_10x41nm_808nm_2W,981.0,45.1344,18.4088,1
B-GNR_10x41nm_808nm_2W,982.0,45.1381,18.4125,1
B-GNR_10x41nm_808nm_2W,983.0,45.1418,18.4161,1
B-GNR_10x41nm_808nm_2W,984.0,45.1455,18.4198,1
B-GNR_10x41nm_808nm_2W,985.0,45.1491,18.4235,1
B-GNR_10x41nm_808nm_2W,986.0,45.1528,18.4271,1
B-GNR_10x41nm_808nm_2W,987.0,45.1564,18.4307,1
B-GNR_10x41nm_808nm_2W,988.0,45.16,18.4344,1
B-GNR_10x41nm_808nm_2W,989.0,45.1636,18.438,1
B-GNR_10x41nm_808nm_2W,990.0,45.1672,18.4416,1
B-GNR_10x41nm_808nm_2W,991.0,45.1708,18.4452,1
B-GNR_10x41nm_808nm_2W,992.0,45.1744,18.4488,1
B-GNR_10x41nm_808nm_2W,993.0,45.178,18.4523,1
B-GNR_10x41nm_808nm_2W,994.0,45.1816,18.4559,1
B-GNR_10x41nm_808nm_2W,995.0,45.1851,18.4595,1
B-GNR_10x41nm_808nm_2W,996.0,45.1887,18.463,1
B-GNR_10x41nm_808nm_2W,997.0,45.1922,18.4666,1
B-GNR_10x41nm_808nm_2W,998.0,45.1957,18.4701,1
B-GNR_10x41nm_808nm_2W,999.0,45.1993,18.4736,1
B-GNR_10x41nm_808nm_2W,1000.0,45.2028,18.4771,1
B-GNR_10x41nm_808nm_2W,1001.0,45.2063,18.4806,1
B-GNR_10x41nm_808nm_2W,1002.0,45.2098,18.4841,1
B-GNR_10x41nm_808nm_2W,1003.0,45.2132,18.4876,1
B-GNR_10x41nm_808nm_2W,1004.0,45.2167,18.491,1
B-GNR_10x41nm_808nm_2W,1005.0,45.2202,18.4945,1
B-GNR_10x41nm_808nm_2W,1006.0,45.2236,18.498,1
B-GNR_10x41nm_808nm_2W,1007.0,45.2271,18.5014,1
B-GNR_10x41nm_808nm_2W,1008.0,45.2305,18.5048,1
B-GNR_10x41nm_808nm_2W,1009.0,45.2339,18.5083,1
B-GNR_10x41nm_808nm_2W,1010.0,45.2373,18.5117,1
B-GNR_10x41nm_808nm_2W,1011.0,45.2407,18.5151,1
B-GNR_10x41nm_808nm_2W,1012.0,45.2441,18.5185,1
B-GNR_10x41nm_808nm_2W,1013.0,45.2475,18.5219,1
B-GNR_10x41nm_808nm_2W,1014.0,45.2509,18.5252,1
B-GNR_10x41nm_808nm_2W,1015.0,45.2543,18.5286,1
B-GNR_10x41nm_808nm_2W,1016.0,45.2576,18.532,1
B-GNR_10x41nm_808nm_2W,1017.0,45.261,18.5353,1
B-GNR_10x41nm_808nm_2W,1018.0,45.2643,18.5387,1
B-GNR_10x41nm_808nm_2W,1019.0,45.2676,18.542,1
B-GNR_10x41nm_808nm_2W,1020.0,45.271,18.5453,1
B-GNR_10x41nm_808nm_2W,1021.0,45.2743,18.5486,1
B-GNR_10x41nm_808nm_2W,1022.0,45.2776,18.5519,1
B-GNR_10x41nm_808nm_2W,1023.0,45.2809,18.5552,1
B-GNR_10x41nm_808nm_2W,1024.0,45.2842,18.5585,1
B-GNR_10x41nm_808nm_2W,1025.0,45.2874,18.5618,1
B-GNR_10x41nm_808nm_2W,1026.0,45.2907,18.565,1
B-GNR_10x41nm_808nm_2W,1027.0,45.294,18.5683,1
B-GNR_10x41nm_808nm_2W,1028.0,45.2972,18.5716,1
B-GNR_10x41nm_808nm_2W,1029.0,45.3005,18.5748,1
B-GNR_10x41nm_808nm_2W,1030.0,45.3037,18.578,1
B-GNR_10x41nm_808nm_2W,1031.0,45.3069,18.5813,1
B-GNR_10x41nm_808nm_2W,1032.0,45.3101,18.5845,1
B-GNR_10x41nm_808nm_2W,1033.0,45.3133,18.5877,1
B-GNR_10x41nm_808nm_2W,1034.0,45.3165,18.5909,1
B-GNR_10x41nm_808nm_2W,1035.0,45.3197,18.5941,1
B-GNR_10x41nm_808nm_2W,1036.0,45.3229,18.5972,1
B-GNR_10x41nm_808nm_2W,1037.0,45.3261,18.6004,1
B-GNR_10x41nm_808nm_2W,1038.0,45.3292,18.6036,1
B-GNR_10x41nm_808nm_2W,1039.0,45.3324,18.6067,1
B-GNR_10x41nm_808nm_2W,1040.0,45.3355,18.6099,1
B-GNR_10x41nm_808nm_2W,1041.0,45.3387,18.613,1
B-GNR_10x41nm_808nm_2W,1042.0,45.3418,18.6161,1
B-GNR_10x41nm_808nm_2W,1043.0,45.3449,18.6193,1
B-GNR_10x41nm_808nm_2W,1044.0,45.348,18.6224,1
B-GNR_10x41nm_808nm_2W,1045.0,45.3511,18.6255,1
B-GNR_10x41nm_808nm_2W,1046.0,45.3542,18.6286,1
B-GNR_10x41nm_808nm_2W,1047.0,45.3573,18.6316,1
B-GNR_10x41nm_808nm_2W,1048.0,45.3604,18.6347,1
B-GNR_10x41nm_808nm_2W,1049.0,45.3635,18.6378,1
B-GNR_10x41nm_808nm_2W,1050.0,45.3665,18.6409,1
B-GNR_10x41nm_808nm_2W,1051.0,45.3696,18.6439,1
B-GNR_10x41nm_808nm_2W,1052.0,45.3726,18.6469,1
B-GNR_10x41nm_808nm_2W,1053.0,45.3756,18.65,1
B-GNR_10x41nm_808nm_2W,1054.0,45.3787,18.653,1
B-GNR_10x41nm_808nm_2W,1055.0,45.3817,18.656,1
B-GNR_10x41nm_808nm_2W,1056.0,45.3847,18.659,1
B-GNR_10x41nm_808nm_2W,1057.0,45.3877,18.662,1
B-GNR_10x41nm_808nm_2W,1058.0,45.3907,18.665,1
B-GNR_10x41nm_808nm_2W,1059.0,45.3937,18.668,1
B-GNR_10x41nm_808nm_2W,1060.0,45.3967,18.671,1
B-GNR_10x41nm_808nm_2W,1061.0,45.3996,18.674,1
B-GNR_10x41nm_808nm_2W,1062.0,45.4026,18.6769,1
B-GNR_10x41nm_808nm_2W,1063.0,45.4055,18.6799,1
B-GNR_10x41nm_808nm_2W,1064.0,45.4085,18.6828,1
B-GNR_10x41nm_808nm_2W,1065.0,45.4114,18.6858,1
B-GNR_10x41nm_808nm_2W,1066.0,45.4144,18.6887,1
B-GNR_10x41nm_808nm_2W,1067.0,45.4173,18.6916,1
B-GNR_10x41nm_808nm_2W,1068.0,45.4202,18.6945,1
B-GNR_10x41nm_808nm_2W,1069.0,45.4231,18.6974,1
B-GNR_10x41nm_808nm_2W,1070.0,45.426,18.7003,1
B-GNR_10x41nm_808nm_2W,1071.0,45.4289,18.7032,1
B-GNR_10x41nm_808nm_2W,1072.0,45.4318,18.7061,1
B-GNR_10x41nm_808nm_2W,1073.0,45.4346,18.709,1
B-GNR_10x41nm_808nm_2W,1074.0,45.4375,18.7118,1
B-GNR_10x41nm_808nm_2W,1075.0,45.4404,18.7147,1
B-GNR_10x41nm_808nm_2W,1076.0,45.4432,18.7175,1
B-GNR_10x41nm_808nm_2W,1077.0,45.4461,18.7204,1
B-GNR_10x41nm_808nm_2W,1078.0,45.4489,18.7232,1
B-GNR_10x41nm_808nm_2W,1079.0,45.4517,18.726,1
B-GNR_10x41nm_808nm_2W,1080.0,45.4545,18.7289,1
B-GNR_10x41nm_808nm_2W,1081.0,45.4573,18.7317,1
B-GNR_10x41nm_808nm_2W,1082.0,45.4601,18.7345,1
B-GNR_10x41nm_808nm_2W,1083.0,45.4629,18.7373,1
B-GNR_10x41nm_808nm_2W,1084.0,45.4657,18.7401,1
B-GNR_10x41nm_808nm_2W,1085.0,45.4685,18.7428,1
B-GNR_10x41nm_808nm_2W,1086.0,45.4713,18.7456,1
B-GNR_10x41nm_808nm_2W,1087.0,45.474,18.7484,1
B-GNR_10x41nm_808nm_2W,1088.0,45.4768,18.7511,1
B-GNR_10x41nm_808nm_2W,1089.0,45.4796,18.7539,1
B-GNR_10x41nm_808nm_2W,1090.0,45.4823,18.7566,1
B-GNR_10x41nm_808nm_2W,1091.0,45.485,18.7594,1
B-GNR_10x41nm_808nm_2W,1092.0,45.4878,18.7621,1
B-GNR_10x41nm_808nm_2W,1093.0,45.4905,18.7648,1
B-GNR_10x41nm_808nm_2W,1094.0,45.4932,18.7675,1
B-GNR_10x41nm_808nm_2W,1095.0,45.4959,18.7702,1
B-GNR_10x41nm_808nm_2W,1096.0,45.4986,18.7729,1
B-GNR_10x41nm_808nm_2W,1097.0,45.5013,18.7756,1
B-GNR_10x41nm_808nm_2W,1098.0,45.504,18.7783,1
B-GNR_10x41nm_808nm_2W,1099.0,45.5067,18.781,1
B-GNR_10x41nm_808nm_2W,1100.0,45.5093,18.7837,1
B-GNR_10x41nm_808nm_2W,1101.0,45.512,18.7863,1
B-GNR_10x41nm_808nm_2W,1102.0,45.5146,18.789,1
B-GNR_10x41nm_808nm_2W,1103.0,45.5173,18.7916,1
B-GNR_10x41nm_808nm_2W,1104.0,45.5199,18.7943,1
B-GNR_10x41nm_808nm_2W,1105.0,45.5226,18.7969,1
B-GNR_10x41nm_808nm_2W,1106.0,45.5252,18.7995,1
B-GNR_10x41nm_808nm_2W,1107.0,45.5278,18.8021,1
B-GNR_10x41nm_808nm_2W,1108.0,45.5304,18.8047,1
B-GNR_10x41nm_808nm_2W,1109.0,45.533,18.8074,1
B-GNR_10x41nm_808nm_2W,1110.0,45.5356,18.8099,1
B-GNR_10x41nm_808nm_2W,1111.0,45.5382,18.8125,1
B-GNR_10x41nm_808nm_2W,1112.0,45.5408,18.8151,1
B-GNR_10x41nm_808nm_2W,1113.0,45.5434,18.8177,1
B-GNR_10x41nm_808nm_2W,1114.0,45.5459,18.8203,1
B-GNR_10x41nm_808nm_2W,1115.0,45.5485,18.8228,1
B-GNR_10x41nm_808nm_2W,1116.0,45.551,18.8254,1
B-GNR_10x41nm_808nm_2W,1117.0,45.5536,18.8279,1
B-GNR_10x41nm_808nm_2W,1118.0,45.5561,18.8305,1
B-GNR_10x41nm_808nm_2W,1119.0,45.5587,18.833,1
B-GNR_10x41nm_808nm_2W,1120.0,45.5612,18.8355,1
B-GNR_10x41nm_808nm_2W,1121.0,45.5637,18.838,1
B-GNR_10x41nm_808nm_2W,1122.0,45.5662,18.8406,1
B-GNR_10x41nm_808nm_2W,1123.0,45.5687,18.8431,1
B-GNR_10x41nm_808nm_2W,1124.0,45.5712,18.8456,1
B-GNR_10x41nm_808nm_2W,1125.0,45.5737,18.8481,1
B-GNR_10x41nm_808nm_2W,1126.0,45.5762,18.8505,1
B-GNR_10x41nm_808nm_2W,1127.0,45.5787,18.853,1
B-GNR_10x41nm_808nm_2W,1128.0,45.5812,18.8555,1
B-GNR_10x41nm_808nm_2W,1129.0,45.5836,18.858,1
B-GNR_10x41nm_808nm_2W,1130.0,45.5861,18.8604,1
B-GNR_10x41nm_808nm_2W,1131.0,45.5885,18.8629,1
B-GNR_10x41nm_808nm_2W,1132.0,45.591,18.8653,1
B-GNR_10x41nm_808nm_2W,1133.0,45.5934,18.8678,1
B-GNR_10x41nm_808nm_2W,1134.0,45.5959,18.8702,1
B-GNR_10x41nm_808nm_2W,1135.0,45.5983,18.8726,1
B-GNR_10x41nm_808nm_2W,1136.0,45.6007,18.875,1
B-GNR_10x41nm_808nm_2W,1137.0,45.6031,18.8774,1
B-GNR_10x41nm_808nm_2W,1138.0,45.6055,18.8798,1
B-GNR_10x41nm_808nm_2W,1139.0,45.6079,18.8822,1
B-GNR_10x41nm_808nm_2W,1140.0,45.6103,18.8846,1
B-GNR_10x41nm_808nm_2W,1141.0,45.6127,18.887,1
B-GNR_10x41nm_808nm_2W,1142.0,45.6151,18.8894,1
B-GNR_10x41nm_808nm_2W,1143.0,45.6174,18.8918,1
B-GNR_10x41nm_808nm_2W,1144.0,45.6198,18.8941,1
B-GNR_10x41nm_808nm_2W,1145.0,45.6222,18.8965,1
B-GNR_10x41nm_808nm_2W,1146.0,45.6245,18.8989,1
B-GNR_10x41nm_808nm_2W,1147.0,45.6269,18.9012,1
B-GNR_10x41nm_808nm_2W,1148.0,45.6292,18.9035,1
B-GNR_10x41nm_808nm_2W,1149.0,45.6315,18.9059,1
B-GNR_10x41nm_808nm_2W,1150.0,45.6339,18.9082,1
B-GNR_10x41nm_808nm_2W,1151.0,45.6362,18.9105,1
B-GNR_10x41nm_808nm_2W,1152.0,45.6385,18.9128,1
B-GNR_10x41nm_808nm_2W,1153.0,45.6408,18.9151,1
B-GNR_10x41nm_808nm_2W,1154.0,45.6431,18.9175,1
B-GNR_10x41nm_808nm_2W,1155.0,45.6454,18.9197,1
B-GNR_10x41nm_808nm_2W,1156.0,45.6477,18.922,1
B-GNR_10x41nm_808nm_2W,1157.0,45.65,18.9243,1
B-GNR_10x41nm_808nm_2W,1158.0,45.6523,18.9266,1
B-GNR_10x41nm_808nm_2W,1159.0,45.6545,18.9289,1
B-GNR_10x41nm_808nm_2W,1160.0,45.6568,18.9311,1
B-GNR_10x41nm_808nm_2W,1161.0,45.6591,18.9334,1
B-GNR_10x41nm_808nm_2W,1162.0,45.6613,18.9356,1
B-GNR_10x41nm_808nm_2W,1163.0,45.6636,18.9379,1
B-GNR_10x41nm_808nm_2W,1164.0,45.6658,18.9401,1
B-GNR_10x41nm_808nm_2W,1165.0,45.668,18.9424,1
B-GNR_10x41nm_808nm_2W,1166.0,45.6703,18.9446,1
B-GNR_10x41nm_808nm_2W,1167.0,45.6725,18.9468,1
B-GNR_10x41nm_808nm_2W,1168.0,45.6747,18.949,1
B-GNR_10x41nm_808nm_2W,1169.0,45.6769,18.9512,1
B-GNR_10x41nm_808nm_2W,1170.0,45.6791,18.9534,1
B-GNR_10x41nm_808nm_2W,1171.0,45.6813,18.9556,1
B-GNR_10x41nm_808nm_2W,1172.0,45.6835,18.9578,1
B-GNR_10x41nm_808nm_2W,1173.0,45.6857,18.96,1
B-GNR_10x41nm_808nm_2W,1174.0,45.6879,18.9622,1
B-GNR_10x41nm_808nm_2W,1175.0,45.69,18.9644,1
B-GNR_10x41nm_808nm_2W,1176.0,45.6922,18.9665,1
B-GNR_10x41nm_808nm_2W,1177.0,45.6944,18.9687,1
B-GNR_10x41nm_808nm_2W,1178.0,45.6965,18.9709,1
B-GNR_10x41nm_808nm_2W,1179.0,45.6987,18.973,1
B-GNR_10x41nm_808nm_2W,1180.0,45.7008,18.9752,1
B-GNR_10x41nm_808nm_2W,1181.0,45.703,18.9773,1
B-GNR_10x41nm_808nm_2W,1182.0,45.7051,18.9794,1
B-GNR_10x41nm_808nm_2W,1183.0,45.7072,18.9815,1
B-GNR_10x41nm_808nm_2W,1184.0,45.7093,18.9837,1
B-GNR_10x41nm_808nm_2W,1185.0,45.7114,18.9858,1
B-GNR_10x41nm_808nm_2W,1186.0,45.7136,18.9879,1
B-GNR_10x41nm_808nm_2W,1187.0,45.7157,18.99,1
B-GNR_10x41nm_808nm_2W,1188.0,45.7178,18.9921,1
B-GNR_10x41nm_808nm_2W,1189.0,45.7198,18.9942,1
B-GNR_10x41nm_808nm_2W,1190.0,45.7219,18.9963,1
B-GNR_10x41nm_808nm_2W,1191.0,45.724,18.9984,1
B-GNR_10x41nm_808nm_2W,1192.0,45.7261,19.0004,1
B-GNR_10x41nm_808nm_2W,1193.0,45.7282,19.0025,1
B-GNR_10x41nm_808nm_2W,1194.0,45.7302,19.0046,1
B-GNR_10x41nm_808nm_2W,1195.0,45.7323,19.0066,1
B-GNR_10x41nm_808nm_2W,1196.0,45.7343,19.0087,1
B-GNR_10x41nm_808nm_2W,1197.0,45.7364,19.0107,1
B-GNR_10x41nm_808nm_2W,1198.0,45.7384,19.0128,1
B-GNR_10x41nm_808nm_2W,1199.0,45.7405,19.0148,1
B-GNR_10x41nm_808nm_2W,1200.0,45.7425,19.0168,1
B-GNR_10x41nm_808nm_2W,1201.0,45.7445,19.0188,1
B-GNR_10x41nm_808nm_2W,1202.0,45.7465,19.0209,1
B-GNR_10x41nm_808nm_2W,1203.0,45.7485,19.0229,1
B-GNR_10x41nm_808nm_2W,1204.0,45.7506,19.0249,1
B-GNR_10x41nm_808nm_2W,1205.0,45.7526,19.0269,1
B-GNR_10x41nm_808nm_2W,1206.0,45.7546,19.0289,1
B-GNR_10x41nm_808nm_2W,1207.0,45.7565,19.0309,1
B-GNR_10x41nm_808nm_2W,1208.0,45.7585,19.0329,1
B-GNR_10x41nm_808nm_2W,1209.0,45.7605,19.0348,1
B-GNR_10x41nm_808nm_2W,1210.0,45.7625,19.0368,1
B-GNR_10x41nm_808nm_2W,1211.0,45.7645,19.0388,1
B-GNR_10x41nm_808nm_2W,1212.0,45.7664,19.0408,1
B-GNR_10x41nm_808nm_2W,1213.0,45.7684,19.0427,1
B-GNR_10x41nm_808nm_2W,1214.0,45.7703,19.0447,1
B-GNR_10x41nm_808nm_2W,1215.0,45.7723,19.0466,1
B-GNR_10x41nm_808nm_2W,1216.0,45.7742,19.0486,1
B-GNR_10x41nm_808nm_2W,1217.0,45.7762,19.0505,1
B-GNR_10x41nm_808nm_2W,1218.0,45.7781,19.0524,1
B-GNR_10x41nm_808nm_2W,1219.0,45.78,19.0544,1
B-GNR_10x41nm_808nm_2W,1220.0,45.7819,19.0563,1
B-GNR_10x41nm_808nm_2W,1221.0,45.7839,19.0582,1
B-GNR_10x41nm_808nm_2W,1222.0,45.7858,19.0601,1
B-GNR_10x41nm_808nm_2W,1223.0,45.7877,19.062,1
B-GNR_10x41nm_808nm_2W,1224.0,45.7896,19.0639,1
B-GNR_10x41nm_808nm_2W,1225.0,45.7915,19.0658,1
B-GNR_10x41nm_808nm_2W,1226.0,45.7934,19.0677,1
B-GNR_10x41nm_808nm_2W,1227.0,45.7952,19.0696,1
B-GNR_10x41nm_808nm_2W,1228.0,45.7971,19.0715,1
B-GNR_10x41nm_808nm_2W,1229.0,45.799,19.0733,1
B-GNR_10x41nm_808nm_2W,1230.0,45.8009,19.0752,1
B-GNR_10x41nm_808nm_2W,1231.0,45.8027,19.0771,1
B-GNR_10x41nm_808nm_2W,1232.0,45.8046,19.0789,1
B-GNR_10x41nm_808nm_2W,1233.0,45.8065,19.0808,1
B-GNR_10x41nm_808nm_2W,1234.0,45.8083,19.0826,1
B-GNR_10x41nm_808nm_2W,1235.0,45.8101,19.0845,1
B-GNR_10x41nm_808nm_2W,1236.0,45.812,19.0863,1
B-GNR_10x41nm_808nm_2W,1237.0,45.8138,19.0882,1
B-GNR_10x41nm_808nm_2W,1238.0,45.8157,19.09,1
B-GNR_10x41nm_808nm_2W,1239.0,45.8175,19.0918,1
B-GNR_10x41nm_808nm_2W,1240.0,45.8193,19.0936,1
B-GNR_10x41nm_808nm_2W,1241.0,45.8211,19.0954,1
B-GNR_10x41nm_808nm_2W,1242.0,45.8229,19.0973,1
B-GNR_10x41nm_808nm_2W,1243.0,45.8247,19.0991,1
B-GNR_10x41nm_808nm_2W,1244.0,45.8265,19.1009,1
B-GNR_10x41nm_808nm_2W,1245.0,45.8283,19.1027,1
B-GNR_10x41nm_808nm_2W,1246.0,45.8301,19.1044,1
B-GNR_10x41nm_808nm_2W,1247.0,45.8319,19.1062,1
B-GNR_10x41nm_808nm_2W,1248.0,45.8337,19.108,1
B-GNR_10x41nm_808nm_2W,1249.0,45.8354,19.1098,1
B-GNR_10x41nm_808nm_2W,1250.0,45.8372,19.1116,1
B-GNR_10x41nm_808nm_2W,1251.0,45.839,19.1133,1
B-GNR_10x41nm_808nm_2W,1252.0,45.8407,19.1151,1
B-GNR_10x41nm_808nm_2W,1253.0,45.8425,19.1168,1
B-GNR_10x41nm_808nm_2W,1254.0,45.8443,19.1186,1
B-GNR_10x41nm_808nm_2W,1255.0,45.846,19.1203,1
B-GNR_10x41nm_808nm_2W,1256.0,45.8477,19.1221,1
B-GNR_10x41nm_808nm_2W,1257.0,45.8495,19.1238,1
B-GNR_10x41nm_808nm_2W,1258.0,45.8512,19.1255,1
B-GNR_10x41nm_808nm_2W,1259.0,45.8529,19.1273,1
B-GNR_10x41nm_808nm_2W,1260.0,45.8547,19.129,1
B-GNR_10x41nm_808nm_2W,1261.0,45.8564,19.1307,1
B-GNR_10x41nm_808nm_2W,1262.0,45.8581,19.1324,1
B-GNR_10x41nm_808nm_2W,1263.0,45.8598,19.1341,1
B-GNR_10x41nm_808nm_2W,1264.0,45.8615,19.1358,1
B-GNR_10x41nm_808nm_2W,1265.0,45.8632,19.1375,1
B-GNR_10x41nm_808nm_2W,1266.0,45.8649,19.1392,1
B-GNR_10x41nm_808nm_2W,1267.0,45.8666,19.1409,1
B-GNR_10x41nm_808nm_2W,1268.0,45.8683,19.1426,1
B-GNR_10x41nm_808nm_2W,1269.0,45.87,19.1443,1
B-GNR_10x41nm_808nm_2W,1270.0,45.8716,19.146,1
B-GNR_10x41nm_808nm_2W,1271.0,45.8733,19.1476,1
B-GNR_10x41nm_808nm_2W,1272.0,45.875,19.1493,1
B-GNR_10x41nm_808nm_2W,1273.0,45.8766,19.151,1
B-GNR_10x41nm_808nm_2W,1274.0,45.8783,19.1526,1
B-GNR_10x41nm_808nm_2W,1275.0,45.8799,19.1543,1
B-GNR_10x41nm_808nm_2W,1276.0,45.8816,19.1559,1
B-GNR_10x41nm_808nm_2W,1277.0,45.8832,19.1576,1
B-GNR_10x41nm_808nm_2W,1278.0,45.8849,19.1592,1
B-GNR_10x41nm_808nm_2W,1279.0,45.8865,19.1608,1
B-GNR_10x41nm_808nm_2W,1280.0,45.8881,19.1625,1
B-GNR_10x41nm_808nm_2W,1281.0,45.8898,19.1641,1
B-GNR_10x41nm_808nm_2W,1282.0,45.8914,19.1657,1
B-GNR_10x41nm_808nm_2W,1283.0,45.893,19.1673,1
B-GNR_10x41nm_808nm_2W,1284.0,45.8946,19.169,1
B-GNR_10x41nm_808nm_2W,1285.0,45.8962,19.1706,1
B-GNR_10x41nm_808nm_2W,1286.0,45.8978,19.1722,1
B-GNR_10x41nm_808nm_2W,1287.0,45.8994,19.1738,1
B-GNR_10x41nm_808nm_2W,1288.0,45.901,19.1754,1
B-GNR_10x41nm_808nm_2W,1289.0,45.9026,19.177,1
B-GNR_10x41nm_808nm_2W,1290.0,45.9042,19.1785,1
B-GNR_10x41nm_808nm_2W,1291.0,45.9058,19.1801,1
B-GNR_10x41nm_808nm_2W,1292.0,45.9074,19.1817,1
B-GNR_10x41nm_808nm_2W,1293.0,45.9089,19.1833,1
B-GNR_10x41nm_808nm_2W,1294.0,45.9105,19.1848,1
B-GNR_10x41nm_808nm_2W,1295.0,45.9121,19.1864,1
B-GNR_10x41nm_808nm_2W,1296.0,45.9136,19.188,1
B-GNR_10x41nm_808nm_2W,1297.0,45.9152,19.1895,1
B-GNR_10x41nm_808nm_2W,1298.0,45.9167,19.1911,1
B-GNR_10x41nm_808nm_2W,1299.0,45.9183,19.1926,1
B-GNR_10x41nm_808nm_2W,1300.0,45.9198,19.1942,1
B-GNR_10x41nm_808nm_2W,1301.0,45.9214,19.1957,1
B-GNR_10x41nm_808nm_2W,1302.0,45.9229,19.1973,1
B-GNR_10x41nm_808nm_2W,1303.0,45.9244,19.1988,1
B-GNR_10x41nm_808nm_2W,1304.0,45.926,19.2003,1
B-GNR_10x41nm_808nm_2W,1305.0,45.9275,19.2018,1
B-GNR_10x41nm_808nm_2W,1306.0,45.929,19.2034,1
B-GNR_10x41nm_808nm_2W,1307.0,45.9305,19.2049,1
B-GNR_10x41nm_808nm_2W,1308.0,45.932,19.2064,1
B-GNR_10x41nm_808nm_2W,1309.0,45.9335,19.2079,1
B-GNR_10x41nm_808nm_2W,1310.0,45.935,19.2094,1
B-GNR_10x41nm_808nm_2W,1311.0,45.9365,19.2109,1
B-GNR_10x41nm_808nm_2W,1312.0,45.938,19.2124,1
B-GNR_10x41nm_808nm_2W,1313.0,45.9395,19.2139,1
B-GNR_10x41nm_808nm_2W,1314.0,45.941,19.2154,1
B-GNR_10x41nm_808nm_2W,1315.0,45.9425,19.2168,1
B-GNR_10x41nm_808nm_2W,1316.0,45.944,19.2183,1
B-GNR_10x41nm_808nm_2W,1317.0,45.9455,19.2198,1
B-GNR_10x41nm_808nm_2W,1318.0,45.9469,19.2213,1
B-GNR_10x41nm_808nm_2W,1319.0,45.9484,19.2227,1
B-GNR_10x41nm_808nm_2W,1320.0,45.9498,19.2242,1
B-GNR_10x41nm_808nm_2W,1321.0,45.9513,19.2256,1
B-GNR_10x41nm_808nm_2W,1322.0,45.9528,19.2271,1
B-GNR_10x41nm_808nm_2W,1323.0,45.9542,19.2285,1
B-GNR_10x41nm_808nm_2W,1324.0,45.9557,19.23,1
B-GNR_10x41nm_808nm_2W,1325.0,45.9571,19.2314,1
B-GNR_10x41nm_808nm_2W,1326.0,45.9585,19.2329,1
B-GNR_10x41nm_808nm_2W,1327.0,45.96,19.2343,1
B-GNR_10x41nm_808nm_2W,1328.0,45.9614,19.2357,1
B-GNR_10x41nm_808nm_2W,1329.0,45.9628,19.2372,1
B-GNR_10x41nm_808nm_2W,1330.0,45.9642,19.2386,1
B-GNR_10x41nm_808nm_2W,1331.0,45.9657,19.24,1
B-GNR_10x41nm_808nm_2W,1332.0,45.9671,19.2414,1
B-GNR_10x41nm_808nm_2W,1333.0,45.9685,19.2428,1
B-GNR_10x41nm_808nm_2W,1334.0,45.9699,19.2442,1
B-GNR_10x41nm_808nm_2W,1335.0,45.9713,19.2456,1
B-GNR_10x41nm_808nm_2W,1336.0,45.9727,19.247,1
B-GNR_10x41nm_808nm_2W,1337.0,45.9741,19.2484,1
B-GNR_10x41nm_808nm_2W,1338.0,45.9755,19.2498,1
B-GNR_10x41nm_808nm_2W,1339.0,45.9769,19.2512,1
B-GNR_10x41nm_808nm_2W,1340.0,45.9783,19.2526,1
B-GNR_10x41nm_808nm_2W,1341.0,45.9796,19.254,1
B-GNR_10x41nm_808nm_2W,1342.0,45.981,19.2554,1
B-GNR_10x41nm_808nm_2W,1343.0,45.9824,19.2567,1
B-GNR_10x41nm_808nm_2W,1344.0,45.9838,19.2581,1
B-GNR_10x41nm_808nm_2W,1345.0,45.9851,19.2595,1
B-GNR_10x41nm_808nm_2W,1346.0,45.9865,19.2608,1
B-GNR_10x41nm_808nm_2W,1347.0,45.9878,19.2622,1
B-GNR_10x41nm_808nm_2W,1348.0,45.9892,19.2635,1
B-GNR_10x41nm_808nm_2W,1349.0,45.9905,19.2649,1
B-GNR_10x41nm_808nm_2W,1350.0,45.9919,19.2662,1
B-GNR_10x41nm_808nm_2W,1351.0,45.9932,19.2676,1
B-GNR_10x41nm_808nm_2W,1352.0,45.9946,19.2689,1
B-GNR_10x41nm_808nm_2W,1353.0,45.9959,19.2702,1
B-GNR_10x41nm_808nm_2W,1354.0,45.9972,19.2716,1
B-GNR_10x41nm_808nm_2W,1355.0,45.9986,19.2729,1
B-GNR_10x41nm_808nm_2W,1356.0,45.9999,19.2742,1
B-GNR_10x41nm_808nm_2W,1357.0,46.0012,19.2756,1
B-GNR_10x41nm_808nm_2W,1358.0,46.0025,19.2769,1
B-GNR_10x41nm_808nm_2W,1359.0,46.0038,19.2782,1
B-GNR_10x41nm_808nm_2W,1360.0,46.0052,19.2795,1
B-GNR_10x41nm_808nm_2W,1361.0,46.0065,19.2808,1
B-GNR_10x41nm_808nm_2W,1362.0,46.0078,19.2821,1
B-GNR_10x41nm_808nm_2W,1363.0,46.0091,19.2834,1
B-GNR_10x41nm_808nm_2W,1364.0,46.0104,19.2847,1
B-GNR_10x41nm_808nm_2W,1365.0,46.0117,19.286,1
B-GNR_10x41nm_808nm_2W,1366.0,46.0129,19.2873,1
B-GNR_10x41nm_808nm_2W,1367.0,46.0142,19.2886,1
B-GNR_10x41nm_808nm_2W,1368.0,46.0155,19.2898,1
B-GNR_10x41nm_808nm_2W,1369.0,46.0168,19.2911,1
B-GNR_10x41nm_808nm_2W,1370.0,46.0181,19.2924,1
B-GNR_10x41nm_808nm_2W,1371.0,46.0193,19.2937,1
B-GNR_10x41nm_808nm_2W,1372.0,46.0206,19.2949,1
B-GNR_10x41nm_808nm_2W,1373.0,46.0219,19.2962,1
B-GNR_10x41nm_808nm_2W,1374.0,46.0231,19.2975,1
B-GNR_10x41nm_808nm_2W,1375.0,46.0244,19.2987,1
B-GNR_10x41nm_808nm_2W,1376.0,46.0256,19.3,1
B-GNR_10x41nm_808nm_2W,1377.0,46.0269,19.3012,1
B-GNR_10x41nm_808nm_2W,1378.0,46.0281,19.3025,1
B-GNR_10x41nm_808nm_2W,1379.0,46.0294,19.3037,1
B-GNR_10x41nm_808nm_2W,1380.0,46.0306,19.305,1
B-GNR_10x41nm_808nm_2W,1381.0,46.0319,19.3062,1
B-GNR_10x41nm_808nm_2W,1382.0,46.0331,19.3074,1
B-GNR_10x41nm_808nm_2W,1383.0,46.0343,19.3087,1
B-GNR_10x41nm_808nm_2W,1384.0,46.0356,19.3099,1
B-GNR_10x41nm_808nm_2W,1385.0,46.0368,19.3111,1
B-GNR_10x41nm_808nm_2W,1386.0,46.038,19.3123,1
B-GNR_10x41nm_808nm_2W,1387.0,46.0392,19.3136,1
B-GNR_10x41nm_808nm_2W,1388.0,46.0404,19.3148,1
B-GNR_10x41nm_808nm_2W,1389.0,46.0416,19.316,1
B-GNR_10x41nm_808nm_2W,1390.0,46.0428,19.3172,1
B-GNR_10x41nm_808nm_2W,1391.0,46.044,19.3184,1
B-GNR_10x41nm_808nm_2W,1392.0,46.0452,19.3196,1
B-GNR_10x41nm_808nm_2W,1393.0,46.0464,19.3208,1
B-GNR_10x41nm_808nm_2W,1394.0,46.0476,19.322,1
B-GNR_10x41nm_808nm_2W,1395.0,46.0488,19.3232,1
B-GNR_10x41nm_808nm_2W,1396.0,46.05,19.3244,1
B-GNR_10x41nm_808nm_2W,1397.0,46.0512,19.3255,1
B-GNR_10x41nm_808nm_2W,1398.0,46.0524,19.3267,1
B-GNR_10x41nm_808nm_2W,1399.0,46.0536,19.3279,1
B-GNR_10x41nm_808nm_2W,1400.0,46.0547,19.3291,1
B-GNR_10x41nm_808nm_2W,1401.0,46.0559,19.3302,1
B-GNR_10x41nm_808nm_2W,1402.0,46.0571,19.3314,1
B-GNR_10x41nm_808nm_2W,1403.0,46.0582,19.3326,1
B-GNR_10x41nm_808nm_2W,1404.0,46.0594,19.3337,1
B-GNR_10x41nm_808nm_2W,1405.0,46.0606,19.3349,1
B-GNR_10x41nm_808nm_2W,1406.0,46.0617,19.3361,1
B-GNR_10x41nm_808nm_2W,1407.0,46.0629,19.3372,1
B-GNR_10x41nm_808nm_2W,1408.0,46.064,19.3384,1
B-GNR_10x41nm_808nm_2W,1409.0,46.0652,19.3395,1
B-GNR_10x41nm_808nm_2W,1410.0,46.0663,19.3406,1
B-GNR_10x41nm_808nm_2W,1411.0,46.0674,19.3418,1
B-GNR_10x41nm_808nm_2W,1412.0,46.0686,19.3429,1
B-GNR_10x41nm_808nm_2W,1413.0,46.0697,19.3441,1
B-GNR_10x41nm_808nm_2W,1414.0,46.0708,19.3452,1
B-GNR_10x41nm_808nm_2W,1415.0,46.072,19.3463,1
B-GNR_10x41nm_808nm_2W,1416.0,46.0731,19.3474,1
B-GNR_10x41nm_808nm_2W,1417.0,46.0742,19.3486,1
B-GNR_10x41nm_808nm_2W,1418.0,46.0753,19.3497,1
B-GNR_10x41nm_808nm_2W,1419.0,46.0764,19.3508,1
B-GNR_10x41nm_808nm_2W,1420.0,46.0776,19.3519,1
B-GNR_10x41nm_808nm_2W,1421.0,46.0787,19.353,1
B-GNR_10x41nm_808nm_2W,1422.0,46.0798,19.3541,1
B-GNR_10x41nm_808nm_2W,1423.0,46.0809,19.3552,1
B-GNR_10x41nm_808nm_2W,1424.0,46.082,19.3563,1
B-GNR_10x41nm_808nm_2W,1425.0,46.0831,19.3574,1
B-GNR_10x41nm_808nm_2W,1426.0,46.0842,19.3585,1
B-GNR_10x41nm_808nm_2W,1427.0,46.0853,19.3596,1
B-GNR_10x41nm_808nm_2W,1428.0,46.0863,19.3607,1
B-GNR_10x41nm_808nm_2W,1429.0,46.0874,19.3618,1
B-GNR_10x41nm_808nm_2W,1430.0,46.0885,19.3629,1
B-GNR_10x41nm_808nm_2W,1431.0,46.0896,19.3639,1
B-GNR_10x41nm_808nm_2W,1432.0,46.0907,19.365,1
B-GNR_10x41nm_808nm_2W,1433.0,46.0917,19.3661,1
B-GNR_10x41nm_808nm_2W,1434.0,46.0928,19.3671,1
B-GNR_10x41nm_808nm_2W,1435.0,46.0939,19.3682,1
B-GNR_10x41nm_808nm_2W,1436.0,46.0949,19.3693,1
B-GNR_10x41nm_808nm_2W,1437.0,46.096,19.3703,1
B-GNR_10x41nm_808nm_2W,1438.0,46.0971,19.3714,1
B-GNR_10x41nm_808nm_2W,1439.0,46.0981,19.3725,1
B-GNR_10x41nm_808nm_2W,1440.0,46.0992,19.3735,1
B-GNR_10x41nm_808nm_2W,1441.0,46.1002,19.3746,1
B-GNR_10x41nm_808nm_2W,1442.0,46.1013,19.3756,1
B-GNR_10x41nm_808nm_2W,1443.0,46.1023,19.3766,1
B-GNR_10x41nm_808nm_2W,1444.0,46.1034,19.3777,1
B-GNR_10x41nm_808nm_2W,1445.0,46.1044,19.3787,1
B-GNR_10x41nm_808nm_2W,1446.0,46.1054,19.3798,1
B-GNR_10x41nm_808nm_2W,1447.0,46.1065,19.3808,1
B-GNR_10x41nm_808nm_2W,1448.0,46.1075,19.3818,1
B-GNR_10x41nm_808nm_2W,1449.0,46.1085,19.3829,1
B-GNR_10x41nm_808nm_2W,1450.0,46.1095,19.3839,1
B-GNR_10x41nm_808nm_2W,1451.0,46.1106,19.3849,1
B-GNR_10x41nm_808nm_2W,1452.0,46.1116,19.3859,1
B-GNR_10x41nm_808nm_2W,1453.0,46.1126,19.3869,1
B-GNR_10x41nm_808nm_2W,1454.0,46.1136,19.3879,1
B-GNR_10x41nm_808nm_2W,1455.0,46.1146,19.389,1
B-GNR_10x41nm_808nm_2W,1456.0,46.1156,19.39,1
B-GNR_10x41nm_808nm_2W,1457.0,46.1166,19.391,1
B-GNR_10x41nm_808nm_2W,1458.0,46.1176,19.392,1
B-GNR_10x41nm_808nm_2W,1459.0,46.1186,19.393,1
B-GNR_10x41nm_808nm_2W,1460.0,46.1196,19.394,1
B-GNR_10x41nm_808nm_2W,1461.0,46.1206,19.395,1
B-GNR_10x41nm_808nm_2W,1462.0,46.1216,19.396,1
B-GNR_10x41nm_808nm_2W,1463.0,46.1226,19.3969,1
B-GNR_10x41nm_808nm_2W,1464.0,46.1236,19.3979,1
B-GNR_10x41nm_808nm_2W,1465.0,46.1246,19.3989,1
B-GNR_10x41nm_808nm_2W,1466.0,46.1256,19.3999,1
B-GNR_10x41nm_808nm_2W,1467.0,46.1265,19.4009,1
B-GNR_10x41nm_808nm_2W,1468.0,46.1275,19.4018,1
B-GNR_10x41nm_808nm_2W,1469.0,46.1285,19.4028,1
B-GNR_10x41nm_808nm_2W,1470.0,46.1294,19.4038,1
B-GNR_10x41nm_808nm_2W,1471.0,46.1304,19.4048,1
B-GNR_10x41nm_808nm_2W,1472.0,46.1314,19.4057,1
B-GNR_10x41nm_808nm_2W,1473.0,46.1323,19.4067,1
B-GNR_10x41nm_808nm_2W,1474.0,46.1333,19.4076,1
B-GNR_10x41nm_808nm_2W,1475.0,46.1343,19.4086,1
B-GNR_10x41nm_808nm_2W,1476.0,46.1352,19.4095,1
B-GNR_10x41nm_808nm_2W,1477.0,46.1362,19.4105,1
B-GNR_10x41nm_808nm_2W,1478.0,46.1371,19.4114,1
B-GNR_10x41nm_808nm_2W,1479.0,46.1381,19.4124,1
B-GNR_10x41nm_808nm_2W,1480.0,46.139,19.4133,1
B-GNR_10x41nm_808nm_2W,1481.0,46.1399,19.4143,1
B-GNR_10x41nm_808nm_2W,1482.0,46.1409,19.4152,1
B-GNR_10x41nm_808nm_2W,1483.0,46.1418,19.4162,1
B-GNR_10x41nm_808nm_2W,1484.0,46.1428,19.4171,1
B-GNR_10x41nm_808nm_2W,1485.0,46.1437,19.418,1
B-GNR_10x41nm_808nm_2W,1486.0,46.1446,19.4189,1
B-GNR_10x41nm_808nm_2W,1487.0,46.1455,19.4199,1
B-GNR_10x41nm_808nm_2W,1488.0,46.1465,19.4208,1
B-GNR_10x41nm_808nm_2W,1489.0,46.1474,19.4217,1
B-GNR_10x41nm_808nm_2W,1490.0,46.1483,19.4226,1
B-GNR_10x41nm_808nm_2W,1491.0,46.1492,19.4235,1
B-GNR_10x41nm_808nm_2W,1492.0,46.1501,19.4245,1
B-GNR_10x41nm_808nm_2W,1493.0,46.151,19.4254,1
B-GNR_10x41nm_808nm_2W,1494.0,46.1519,19.4263,1
B-GNR_10x41nm_808nm_2W,1495.0,46.1528,19.4272,1
B-GNR_10x41nm_808nm_2W,1496.0,46.1538,19.4281,1
B-GNR_10x41nm_808nm_2W,1497.0,46.1547,19.429,1
B-GNR_10x41nm_808nm_2W,1498.0,46.1556,19.4299,1
B-GNR_10x41nm_808nm_2W,1499.0,46.1564,19.4308,1
B-GNR_10x41nm_808nm_2W,1500.0,46.1573,19.4317,1
B-GNR_10x41nm_808nm_2W,1501.0,46.1582,19.4326,1
B-GNR_10x41nm_808nm_2W,1502.0,46.1591,19.4335,1
B-GNR_10x41nm_808nm_2W,1503.0,46.16,19.4343,1
B-GNR_10x41nm_808nm_2W,1504.0,46.1609,19.4352,1
B-GNR_10x41nm_808nm_2W,1505.0,46.1618,19.4361,1
B-GNR_10x41nm_808nm_2W,1506.0,46.1626,19.437,1
B-GNR_10x41nm_808nm_2W,1507.0,46.1635,19.4379,1
B-GNR_10x41nm_808nm_2W,1508.0,46.1644,19.4387,1
B-GNR_10x41nm_808nm_2W,1509.0,46.1653,19.4396,1
B-GNR_10x41nm_808nm_2W,1510.0,46.1661,19.4405,1
B-GNR_10x41nm_808nm_2W,1511.0,46.167,19.4413,1
B-GNR_10x41nm_808nm_2W,1512.0,46.1679,19.4422,1
B-GNR_10x41nm_808nm_2W,1513.0,46.1687,19.4431,1
B-GNR_10x41nm_808nm_2W,1514.0,46.1696,19.4439,1
B-GNR_10x41nm_808nm_2W,1515.0,46.1705,19.4448,1
B-GNR_10x41nm_808nm_2W,1516.0,46.1713,19.4456,1
B-GNR_10x41nm_808nm_2W,1517.0,46.1722,19.4465,1
B-GNR_10x41nm_808nm_2W,1518.0,46.173,19.4473,1
B-GNR_10x41nm_808nm_2W,1519.0,46.1739,19.4482,1
B-GNR_10x41nm_808nm_2W,1520.0,46.1747,19.449,1
B-GNR_10x41nm_808nm_2W,1521.0,46.1755,19.4499,1
B-GNR_10x41nm_808nm_2W,1522.0,46.1764,19.4507,1
B-GNR_10x41nm_808nm_2W,1523.0,46.1772,19.4516,1
B-GNR_10x41nm_808nm_2W,1524.0,46.1781,19.4524,1
B-GNR_10x41nm_808nm_2W,1525.0,46.1789,19.4532,1
B-GNR_10x41nm_808nm_2W,1526.0,46.1797,19.4541,1
B-GNR_10x41nm_808nm_2W,1527.0,46.1806,19.4549,1
B-GNR_10x41nm_808nm_2W,1528.0,46.1814,19.4557,1
B-GNR_10x41nm_808nm_2W,1529.0,46.1822,19.4565,1
B-GNR_10x41nm_808nm_2W,1530.0,46.183,19.4574,1
B-GNR_10x41nm_808nm_2W,1531.0,46.1839,19.4582,1
B-GNR_10x41nm_808nm_2W,1532.0,46.1847,19.459,1
B-GNR_10x41nm_808nm_2W,1533.0,46.1855,19.4598,1
B-GNR_10x41nm_808nm_2W,1534.0,46.1863,19.4606,1
B-GNR_10x41nm_808nm_2W,1535.0,46.1871,19.4615,1
B-GNR_10x41nm_808nm_2W,1536.0,46.1879,19.4623,1
B-GNR_10x41nm_808nm_2W,1537.0,46.1887,19.4631,1
B-GNR_10x41nm_808nm_2W,1538.0,46.1895,19.4639,1
B-GNR_10x41nm_808nm_2W,1539.0,46.1903,19.4647,1
B-GNR_10x41nm_808nm_2W,1540.0,46.1911,19.4655,1
B-GNR_10x41nm_808nm_2W,1541.0,46.1919,19.4663,1
B-GNR_10x41nm_808nm_2W,1542.0,46.1927,19.4671,1
B-GNR_10x41nm_808nm_2W,1543.0,46.1935,19.4679,1
B-GNR_10x41nm_808nm_2W,1544.0,46.1943,19.4687,1
B-GNR_10x41nm_808nm_2W,1545.0,46.1951,19.4694,1
B-GNR_10x41nm_808nm_2W,1546.0,46.1959,19.4702,1
B-GNR_10x41nm_808nm_2W,1547.0,46.1967,19.471,1
B-GNR_10x41nm_808nm_2W,1548.0,46.1975,19.4718,1
B-GNR_10x41nm_808nm_2W,1549.0,46.1982,19.4726,1
B-GNR_10x41nm_808nm_2W,1550.0,46.199,19.4734,1
B-GNR_10x41nm_808nm_2W,1551.0,46.1998,19.4741,1
B-GNR_10x41nm_808nm_2W,1552.0,46.2006,19.4749,1
B-GNR_10x41nm_808nm_2W,1553.0,46.2014,19.4757,1
B-GNR_10x41nm_808nm_2W,1554.0,46.2021,19.4765,1
B-GNR_10x41nm_808nm_2W,1555.0,46.2029,19.4772,1
B-GNR_10x41nm_808nm_2W,1556.0,46.2037,19.478,1
B-GNR_10x41nm_808nm_2W,1557.0,46.2044,19.4788,1
B-GNR_10x41nm_808nm_2W,1558.0,46.2052,19.4795,1
B-GNR_10x41nm_808nm_2W,1559.0,46.2059,19.4803,1
B-GNR_10x41nm_808nm_2W,1560.0,46.2067,19.481,1
B-GNR_10x41nm_808nm_2W,1561.0,46.2075,19.4818,1
B-GNR_10x41nm_808nm_2W,1562.0,46.2082,19.4825,1
B-GNR_10x41nm_808nm_2W,1563.0,46.209,19.4833,1
B-GNR_10x41nm_808nm_2W,1564.0,46.2097,19.4841,1
B-GNR_10x41nm_808nm_2W,1565.0,46.2105,19.4848,1
B-GNR_10x41nm_808nm_2W,1566.0,46.2112,19.4855,1
B-GNR_10x41nm_808nm_2W,1567.0,46.212,19.4863,1
B-GNR_10x41nm_808nm_2W,1568.0,46.2127,19.487,1
B-GNR_10x41nm_808nm_2W,1569.0,46.2134,19.4878,1
B-GNR_10x41nm_808nm_2W,1570.0,46.2142,19.4885,1
B-GNR_10x41nm_808nm_2W,1571.0,46.2149,19.4892,1
B-GNR_10x41nm_808nm_2W,1572.0,46.2156,19.49,1
B-GNR_10x41nm_808nm_2W,1573.0,46.2164,19.4907,1
B-GNR_10x41nm_808nm_2W,1574.0,46.2171,19.4914,1
B-GNR_10x41nm_808nm_2W,1575.0,46.2178,19.4922,1
B-GNR_10x41nm_808nm_2W,1576.0,46.2186,19.4929,1
B-GNR_10x41nm_808nm_2W,1577.0,46.2193,19.4936,1
B-GNR_10x41nm_808nm_2W,1578.0,46.22,19.4943,1
B-GNR_10x41nm_808nm_2W,1579.0,46.2207,19.4951,1
B-GNR_10x41nm_808nm_2W,1580.0,46.2214,19.4958,1
B-GNR_10x41nm_808nm_2W,1581.0,46.2222,19.4965,1
B-GNR_10x41nm_808nm_2W,1582.0,46.2229,19.4972,1
B-GNR_10x41nm_808nm_2W,1583.0,46.2236,19.4979,1
B-GNR_10x41nm_808nm_2W,1584.0,46.2243,19.4986,1
B-GNR_10x41nm_808nm_2W,1585.0,46.225,19.4993,1
B-GNR_10x41nm_808nm_2W,1586.0,46.2257,19.5,1
B-GNR_10x41nm_808nm_2W,1587.0,46.2264,19.5007,1
B-GNR_10x41nm_808nm_2W,1588.0,46.2271,19.5014,1
B-GNR_10x41nm_808nm_2W,1589.0,46.2278,19.5021,1
B-GNR_10x41nm_808nm_2W,1590.0,46.2285,19.5028,1
B-GNR_10x41nm_808nm_2W,1591.0,46.2292,19.5035,1
B-GNR_10x41nm_808nm_2W,1592.0,46.2299,19.5042,1
B-GNR_10x41nm_808nm_2W,1593.0,46.2306,19.5049,1
B-GNR_10x41nm_808nm_2W,1594.0,46.2313,19.5056,1
B-GNR_10x41nm_808nm_2W,1595.0,46.232,19.5063,1
B-GNR_10x41nm_808nm_2W,1596.0,46.2327,19.507,1
B-GNR_10x41nm_808nm_2W,1597.0,46.2333,19.5077,1
B-GNR_10x41nm_808nm_2W,1598.0,46.234,19.5084,1
B-GNR_10x41nm_808nm_2W,1599.0,46.2347,19.509,1
B-GNR_10x41nm_808nm_2W,1600.0,46.2354,19.5097,1
B-GNR_10x41nm_808nm_2W,1601.0,46.2361,19.5104,1
B-GNR_10x41nm_808nm_2W,1602.0,46.2367,19.5111,1
B-GNR_10x41nm_808nm_2W,1603.0,46.2374,19.5117,1
B-GNR_10x41nm_808nm_2W,1604.0,46.2381,19.5124,1
B-GNR_10x41nm_808nm_2W,1605.0,46.2388,19.5131,1
B-GNR_10x41nm_808nm_2W,1606.0,46.2394,19.5138,1
B-GNR_10x41nm_808nm_2W,1607.0,46.2401,19.5144,1
B-GNR_10x41nm_808nm_2W,1608.0,46.2408,19.5151,1
B-GNR_10x41nm_808nm_2W,1609.0,46.2414,19.5158,1
B-GNR_10x41nm_808nm_2W,1610.0,46.2421,19.5164,1
B-GNR_10x41nm_808nm_2W,1611.0,46.2427,19.5171,1
B-GNR_10x41nm_808nm_2W,1612.0,46.2434,19.5177,1
B-GNR_10x41nm_808nm_2W,1613.0,46.2441,19.5184,1
B-GNR_10x41nm_808nm_2W,1614.0,46.2447,19.519,1
B-GNR_10x41nm_808nm_2W,1615.0,46.2454,19.5197,1
B-GNR_10x41nm_808nm_2W,1616.0,46.246,19.5203,1
B-GNR_10x41nm_808nm_2W,1617.0,46.2467,19.521,1
B-GNR_10x41nm_808nm_2W,1618.0,46.2473,19.5216,1
B-GNR_10x41nm_808nm_2W,1619.0,46.2479,19.5223,1
B-GNR_10x41nm_808nm_2W,1620.0,46.2486,19.5229,1
B-GNR_10x41nm_808nm_2W,1621.0,46.2492,19.5236,1
B-GNR_10x41nm_808nm_2W,1622.0,46.2499,19.5242,1
B-GNR_10x41nm_808nm_2W,1623.0,46.2505,19.5248,1
B-GNR_10x41nm_808nm_2W,1624.0,46.2511,19.5255,1
B-GNR_10x41nm_808nm_2W,1625.0,46.2518,19.5261,1
B-GNR_10x41nm_808nm_2W,1626.0,46.2524,19.5267,1
B-GNR_10x41nm_808nm_2W,1627.0,46.253,19.5274,1
B-GNR_10x41nm_808nm_2W,1628.0,46.2537,19.528,1
B-GNR_10x41nm_808nm_2W,1629.0,46.2543,19.5286,1
B-GNR_10x41nm_808nm_2W,1630.0,46.2549,19.5293,1
B-GNR_10x41nm_808nm_2W,1631.0,46.2556,19.5299,1
B-GNR_10x41nm_808nm_2W,1632.0,46.2562,19.5305,1
B-GNR_10x41nm_808nm_2W,1633.0,46.2568,19.5311,1
B-GNR_10x41nm_808nm_2W,1634.0,46.2574,19.5317,1
B-GNR_10x41nm_808nm_2W,1635.0,46.258,19.5324,1
B-GNR_10x41nm_808nm_2W,1636.0,46.2586,19.533,1
B-GNR_10x41nm_808nm_2W,1637.0,46.2593,19.5336,1
B-GNR_10x41nm_808nm_2W,1638.0,46.2599,19.5342,1
B-GNR_10x41nm_808nm_2W,1639.0,46.2605,19.5348,1
B-GNR_10x41nm_808nm_2W,1640.0,46.2611,19.5354,1
B-GNR_10x41nm_808nm_2W,1641.0,46.2617,19.536,1
B-GNR_10x41nm_808nm_2W,1642.0,46.2623,19.5366,1
B-GNR_10x41nm_808nm_2W,1643.0,46.2629,19.5372,1
B-GNR_10x41nm_808nm_2W,1644.0,46.2635,19.5378,1
B-GNR_10x41nm_808nm_2W,1645.0,46.2641,19.5384,1
B-GNR_10x41nm_808nm_2W,1646.0,46.2647,19.539,1
B-GNR_10x41nm_808nm_2W,1647.0,46.2653,19.5396,1
B-GNR_10x41nm_808nm_2W,1648.0,46.2659,19.5402,1
B-GNR_10x41nm_808nm_2W,1649.0,46.2665,19.5408,1
B-GNR_10x41nm_808nm_2W,1650.0,46.2671,19.5414,1
B-GNR_10x41nm_808nm_2W,1651.0,46.2677,19.542,1
B-GNR_10x41nm_808nm_2W,1652.0,46.2683,19.5426,1
B-GNR_10x41nm_808nm_2W,1653.0,46.2689,19.5432,1
B-GNR_10x41nm_808nm_2W,1654.0,46.2694,19.5438,1
B-GNR_10x41nm_808nm_2W,1655.0,46.27,19.5444,1
B-GNR_10x41nm_808nm_2W,1656.0,46.2706,19.5449,1
B-GNR_10x41nm_808nm_2W,1657.0,46.2712,19.5455,1
B-GNR_10x41nm_808nm_2W,1658.0,46.2718,19.5461,1
B-GNR_10x41nm_808nm_2W,1659.0,46.2724,19.5467,1
B-GNR_10x41nm_808nm_2W,1660.0,46.2729,19.5473,1
B-GNR_10x41nm_808nm_2W,1661.0,46.2735,19.5478,1
B-GNR_10x41nm_808nm_2W,1662.0,46.2741,19.5484,1
B-GNR_10x41nm_808nm_2W,1663.0,46.2746,19.549,1
B-GNR_10x41nm_808nm_2W,1664.0,46.2752,19.5496,1
B-GNR_10x41nm_808nm_2W,1665.0,46.2758,19.5501,1
B-GNR_10x41nm_808nm_2W,1666.0,46.2764,19.5507,1
B-GNR_10x41nm_808nm_2W,1667.0,46.2769,19.5513,1
B-GNR_10x41nm_808nm_2W,1668.0,46.2775,19.5518,1
B-GNR_10x41nm_808nm_2W,1669.0,46.278,19.5524,1
B-GNR_10x41nm_808nm_2W,1670.0,46.2786,19.5529,1
B-GNR_10x41nm_808nm_2W,1671.0,46.2792,19.5535,1
B-GNR_10x41nm_808nm_2W,1672.0,46.2797,19.5541,1
B-GNR_10x41nm_808nm_2W,1673.0,46.2803,19.5546,1
B-GNR_10x41nm_808nm_2W,1674.0,46.2808,19.5552,1
B-GNR_10x41nm_808nm_2W,1675.0,46.2814,19.5557,1
B-GNR_10x41nm_808nm_2W,1676.0,46.2819,19.5563,1
B-GNR_10x41nm_808nm_2W,1677.0,46.2825,19.5568,1
B-GNR_10x41nm_808nm_2W,1678.0,46.283,19.5574,1
B-GNR_10x41nm_808nm_2W,1679.0,46.2836,19.5579,1
B-GNR_10x41nm_808nm_2W,1680.0,46.2841,19.5585,1
B-GNR_10x41nm_808nm_2W,1681.0,46.2847,19.559,1
B-GNR_10x41nm_808nm_2W,1682.0,46.2852,19.5596,1
B-GNR_10x41nm_808nm_2W,1683.0,46.2858,19.5601,1
B-GNR_10x41nm_808nm_2W,1684.0,46.2863,19.5606,1
B-GNR_10x41nm_808nm_2W,1685.0,46.2868,19.5612,1
B-GNR_10x41nm_808nm_2W,1686.0,46.2874,19.5617,1
B-GNR_10x41nm_808nm_2W,1687.0,46.2879,19.5623,1
B-GNR_10x41nm_808nm_2W,1688.0,46.2884,19.5628,1
B-GNR_10x41nm_808nm_2W,1689.0,46.289,19.5633,1
B-GNR_10x41nm_808nm_2W,1690.0,46.2895,19.5638,1
B-GNR_10x41nm_808nm_2W,1691.0,46.29,19.5644,1
B-GNR_10x41nm_808nm_2W,1692.0,46.2906,19.5649,1
B-GNR_10x41nm_808nm_2W,1693.0,46.2911,19.5654,1
B-GNR_10x41nm_808nm_2W,1694.0,46.2916,19.566,1
B-GNR_10x41nm_808nm_2W,1695.0,46.2921,19.5665,1
B-GNR_10x41nm_808nm_2W,1696.0,46.2927,19.567,1
B-GNR_10x41nm_808nm_2W,1697.0,46.2932,19.5675,1
B-GNR_10x41nm_808nm_2W,1698.0,46.2937,19.568,1
B-GNR_10x41nm_808nm_2W,1699.0,46.2942,19.5686,1
B-GNR_10x41nm_808nm_2W,1700.0,46.2947,19.5691,1
B-GNR_10x41nm_808nm_2W,1701.0,46.2953,19.5696,1
B-GNR_10x41nm_808nm_2W,1702.0,46.2958,19.5701,1
B-GNR_10x41nm_808nm_2W,1703.0,46.2963,19.5706,1
B-GNR_10x41nm_808nm_2W,1704.0,46.2968,19.5711,1
B-GNR_10x41nm_808nm_2W,1705.0,46.2973,19.5716,1
B-GNR_10x41nm_808nm_2W,1706.0,46.2978,19.5722,1
B-GNR_10x41nm_808nm_2W,1707.0,46.2983,19.5727,1
B-GNR_10x41nm_808nm_2W,1708.0,46.2988,19.5732,1
B-GNR_10x41nm_808nm_2W,1709.0,46.2993,19.5737,1
B-GNR_10x41nm_808nm_2W,1710.0,46.2998,19.5742,1
B-GNR_10x41nm_808nm_2W,1711.0,46.3003,19.5747,1
B-GNR_10x41nm_808nm_2W,1712.0,46.3008,19.5752,1
B-GNR_10x41nm_808nm_2W,1713.0,46.3013,19.5757,1
B-GNR_10x41nm_808nm_2W,1714.0,46.3018,19.5762,1
B-GNR_10x41nm_808nm_2W,1715.0,46.3023,19.5767,1
B-GNR_10x41nm_808nm_2W,1716.0,46.3028,19.5772,1
B-GNR_10x41nm_808nm_2W,1717.0,46.3033,19.5777,1
B-GNR_10x41nm_808nm_2W,1718.0,46.3038,19.5781,1
B-GNR_10x41nm_808nm_2W,1719.0,46.3043,19.5786,1
B-GNR_10x41nm_808nm_2W,1720.0,46.3048,19.5791,1
B-GNR_10x41nm_808nm_2W,1721.0,46.3053,19.5796,1
B-GNR_10x41nm_808nm_2W,1722.0,46.3058,19.5801,1
B-GNR_10x41nm_808nm_2W,1723.0,46.3063,19.5806,1
B-GNR_10x41nm_808nm_2W,1724.0,46.3067,19.5811,1
B-GNR_10x41nm_808nm_2W,1725.0,46.3072,19.5816,1
B-GNR_10x41nm_808nm_2W,1726.0,46.3077,19.582,1
B-GNR_10x41nm_808nm_2W,1727.0,46.3082,19.5825,1
B-GNR_10x41nm_808nm_2W,1728.0,46.3087,19.583,1
B-GNR_10x41nm_808nm_2W,1729.0,46.3091,19.5835,1
B-GNR_10x41nm_808nm_2W,1730.0,46.3096,19.5839,1
B-GNR_10x41nm_808nm_2W,1731.0,46.3101,19.5844,1
B-GNR_10x41nm_808nm_2W,1732.0,46.3106,19.5849,1
B-GNR_10x41nm_808nm_2W,1733.0,46.311,19.5854,1
B-GNR_10x41nm_808nm_2W,1734.0,46.3115,19.5858,1
B-GNR_10x41nm_808nm_2W,1735.0,46.312,19.5863,1
B-GNR_10x41nm_808nm_2W,1736.0,46.3124,19.5868,1
B-GNR_10x41nm_808nm_2W,1737.0,46.3129,19.5872,1
B-GNR_10x41nm_808nm_2W,1738.0,46.3134,19.5877,1
B-GNR_10x41nm_808nm_2W,1739.0,46.3138,19.5882,1
B-GNR_10x41nm_808nm_2W,1740.0,46.3143,19.5886,1
B-GNR_10x41nm_808nm_2W,1741.0,46.3148,19.5891,1
B-GNR_10x41nm_808nm_2W,1742.0,46.3152,19.5896,1
B-GNR_10x41nm_808nm_2W,1743.0,46.3157,19.59,1
B-GNR_10x41nm_808nm_2W,1744.0,46.3161,19.5905,1
B-GNR_10x41nm_808nm_2W,1745.0,46.3166,19.5909,1
B-GNR_10x41nm_808nm_2W,1746.0,46.3171,19.5914,1
B-GNR_10x41nm_808nm_2W,1747.0,46.3175,19.5918,1
B-GNR_10x41nm_808nm_2W,1748.0,46.318,19.5923,1
B-GNR_10x41nm_808nm_2W,1749.0,46.3184,19.5927,1
B-GNR_10x41nm_808nm_2W,1750.0,46.3189,19.5932,1
B-GNR_10x41nm_808nm_2W,1751.0,46.3193,19.5936,1
B-GNR_10x41nm_808nm_2W,1752.0,46.3198,19.5941,1
B-GNR_10x41nm_808nm_2W,1753.0,46.3202,19.5945,1
B-GNR_10x41nm_808nm_2W,1754.0,46.3207,19.595,1
B-GNR_10x41nm_808nm_2W,1755.0,46.3211,19.5954,1
B-GNR_10x41nm_808nm_2W,1756.0,46.3215,19.5959,1
B-GNR_10x41nm_808nm_2W,1757.0,46.322,19.5963,1
B-GNR_10x41nm_808nm_2W,1758.0,46.3224,19.5968,1
B-GNR_10x41nm_808nm_2W,1759.0,46.3229,19.5972,1
B-GNR_10x41nm_808nm_2W,1760.0,46.3233,19.5976,1
B-GNR_10x41nm_808nm_2W,1761.0,46.3237,19.5981,1
B-GNR_10x41nm_808nm_2W,1762.0,46.3242,19.5985,1
B-GNR_10x41nm_808nm_2W,1763.0,46.3246,19.5989,1
B-GNR_10x41nm_808nm_2W,1764.0,46.325,19.5994,1
B-GNR_10x41nm_808nm_2W,1765.0,46.3255,19.5998,1
B-GNR_10x41nm_808nm_2W,1766.0,46.3259,19.6002,1
B-GNR_10x41nm_808nm_2W,1767.0,46.3263,19.6007,1
B-GNR_10x41nm_808nm_2W,1768.0,46.3268,19.6011,1
B-GNR_10x41nm_808nm_2W,1769.0,46.3272,19.6015,1
B-GNR_10x41nm_808nm_2W,1770.0,46.3276,19.602,1
B-GNR_10x41nm_808nm_2W,1771.0,46.328,19.6024,1
B-GNR_10x41nm_808nm_2W,1772.0,46.3285,19.6028,1
B-GNR_10x41nm_808nm_2W,1773.0,46.3289,19.6032,1
B-GNR_10x41nm_808nm_2W,1774.0,46.3293,19.6037,1
B-GNR_10x41nm_808nm_2W,1775.0,46.3297,19.6041,1
B-GNR_10x41nm_808nm_2W,1776.0,46.3302,19.6045,1
B-GNR_10x41nm_808nm_2W,1777.0,46.3306,19.6049,1
B-GNR_10x41nm_808nm_2W,1778.0,46.331,19.6053,1
B-GNR_10x41nm_808nm_2W,1779.0,46.3314,19.6057,1
B-GNR_10x41nm_808nm_2W,1780.0,46.3318,19.6062,1
B-GNR_10x41nm_808nm_2W,1781.0,46.3322,19.6066,1
B-GNR_10x41nm_808nm_2W,1782.0,46.3327,19.607,1
B-GNR_10x41nm_808nm_2W,1783.0,46.3331,19.6074,1
B-GNR_10x41nm_808nm_2W,1784.0,46.3335,19.6078,1
B-GNR_10x41nm_808nm_2W,1785.0,46.3339,19.6082,1
B-GNR_10x41nm_808nm_2W,1786.0,46.3343,19.6086,1
B-GNR_10x41nm_808nm_2W,1787.0,46.3347,19.609,1
B-GNR_10x41nm_808nm_2W,1788.0,46.3351,19.6094,1
B-GNR_10x41nm_808nm_2W,1789.0,46.3355,19.6098,1
B-GNR_10x41nm_808nm_2W,1790.0,46.3359,19.6103,1
B-GNR_10x41nm_808nm_2W,1791.0,46.3363,19.6107,1
B-GNR_10x41nm_808nm_2W,1792.0,46.3367,19.6111,1
B-GNR_10x41nm_808nm_2W,1793.0,46.3371,19.6115,1
B-GNR_10x41nm_808nm_2W,1794.0,46.3375,19.6119,1
B-GNR_10x41nm_808nm_2W,1795.0,46.3379,19.6123,1
B-GNR_10x41nm_808nm_2W,1796.0,46.3383,19.6127,1
B-GNR_10x41nm_808nm_2W,1797.0,46.3387,19.6131,1
B-GNR_10x41nm_808nm_2W,1798.0,46.3391,19.6134,1
B-GNR_10x41nm_808nm_2W,1799.0,46.3395,19.6138,1
B-GNR_10x41nm_808nm_2W,1800.0,46.3399,19.6142,1
B-GNR_10x41nm_808nm_2W,1801.0,46.3403,19.6146,1
B-GNR_10x41nm_808nm_2W,1802.0,46.3407,19.615,1
B-GNR_10x41nm_808nm_2W,1803.0,46.3411,19.6154,1
B-GNR_10x41nm_808nm_2W,1804.0,46.3415,19.6158,1
B-GNR_10x41nm_808nm_2W,1805.0,46.3418,19.6162,1
B-GNR_10x41nm_808nm_2W,1806.0,46.3422,19.6166,1
B-GNR_10x41nm_808nm_2W,1807.0,46.3426,19.617,1
B-GNR_10x41nm_808nm_2W,1808.0,46.343,19.6173,1
B-GNR_10x41nm_808nm_2W,1809.0,46.3434,19.6177,1
B-GNR_10x41nm_808nm_2W,1810.0,46.3438,19.6181,1
B-GNR_10x41nm_808nm_2W,1811.0,46.3442,19.6185,1
B-GNR_10x41nm_808nm_2W,1812.0,46.3445,19.6189,1
B-GNR_10x41nm_808nm_2W,1813.0,46.3449,19.6192,1
B-GNR_10x41nm_808nm_2W,1814.0,46.3453,19.6196,1
B-GNR_10x41nm_808nm_2W,1815.0,46.3457,19.62,1
B-GNR_10x41nm_808nm_2W,1816.0,46.346,19.6204,1
B-GNR_10x41nm_808nm_2W,1817.0,46.3464,19.6208,1
B-GNR_10x41nm_808nm_2W,1818.0,46.3468,19.6211,1
B-GNR_10x41nm_808nm_2W,1819.0,46.3472,19.6215,1
B-GNR_10x41nm_808nm_2W,1820.0,46.3475,19.6219,1
B-GNR_10x41nm_808nm_2W,1821.0,46.3479,19.6222,1
B-GNR_10x41nm_808nm_2W,1822.0,46.3483,19.6226,1
B-GNR_10x41nm_808nm_2W,1823.0,46.3486,19.623,1
B-GNR_10x41nm_808nm_2W,1824.0,46.349,19.6234,1
B-GNR_10x41nm_808nm_2W,1825.0,46.3494,19.6237,1
B-GNR_10x41nm_808nm_2W,1826.0,46.3497,19.6241,1
B-GNR_10x41nm_808nm_2W,1827.0,46.3501,19.6245,1
B-GNR_10x41nm_808nm_2W,1828.0,46.3505,19.6248,1
B-GNR_10x41nm_808nm_2W,1829.0,46.3508,19.6252,1
B-GNR_10x41nm_808nm_2W,1830.0,46.3512,19.6255,1
B-GNR_10x41nm_808nm_2W,1831.0,46.3516,19.6259,1
B-GNR_10x41nm_808nm_2W,1832.0,46.3519,19.6263,1
B-GNR_10x41nm_808nm_2W,1833.0,46.3523,19.6266,1
B-GNR_10x41nm_808nm_2W,1834.0,46.3526,19.627,1
B-GNR_10x41nm_808nm_2W,1835.0,46.353,19.6273,1
B-GNR_10x41nm_808nm_2W,1836.0,46.3534,19.6277,1
B-GNR_10x41nm_808nm_2W,1837.0,46.3537,19.628,1
B-GNR_10x41nm_808nm_2W,1838.0,46.3541,19.6284,1
B-GNR_10x41nm_808nm_2W,1839.0,46.3544,19.6288,1
B-GNR_10x41nm_808nm_2W,1840.0,46.3548,19.6291,1
B-GNR_10x41nm_808nm_2W,1841.0,46.3551,19.6295,1
B-GNR_10x41nm_808nm_2W,1842.0,46.3555,19.6298,1
B-GNR_10x41nm_808nm_2W,1843.0,46.3558,19.6302,1
B-GNR_10x41nm_808nm_2W,1844.0,46.3562,19.6305,1
B-GNR_10x41nm_808nm_2W,1845.0,46.3565,19.6309,1
B-GNR_10x41nm_808nm_2W,1846.0,46.3569,19.6312,1
B-GNR_10x41nm_808nm_2W,1847.0,46.3572,19.6315,1
B-GNR_10x41nm_808nm_2W,1848.0,46.3576,19.6319,1
B-GNR_10x41nm_808nm_2W,1849.0,46.3579,19.6322,1
B-GNR_10x41nm_808nm_2W,1850.0,46.3582,19.6326,1
B-GNR_10x41nm_808nm_2W,1851.0,46.3586,19.6329,1
B-GNR_10x41nm_808nm_2W,1852.0,46.3589,19.6333,1
B-GNR_10x41nm_808nm_2W,1853.0,46.3593,19.6336,1
B-GNR_10x41nm_808nm_2W,1854.0,46.3596,19.6339,1
B-GNR_10x41nm_808nm_2W,1855.0,46.3599,19.6343,1
B-GNR_10x41nm_808nm_2W,1856.0,46.3603,19.6346,1
B-GNR_10x41nm_808nm_2W,1857.0,46.3606,19.635,1
B-GNR_10x41nm_808nm_2W,1858.0,46.361,19.6353,1
B-GNR_10x41nm_808nm_2W,1859.0,46.3613,19.6356,1
B-GNR_10x41nm_808nm_2W,1860.0,46.3616,19.636,1
B-GNR_10x41nm_808nm_2W,1861.0,46.362,19.6363,1
B-GNR_10x41nm_808nm_2W,1862.0,46.3623,19.6366,1
B-GNR_10x41nm_808nm_2W,1863.0,46.3626,19.637,1
B-GNR_10x41nm_808nm_2W,1864.0,46.3629,19.6373,1
B-GNR_10x41nm_808nm_2W,1865.0,46.3633,19.6376,1
B-GNR_10x41nm_808nm_2W,1866.0,46.3636,19.6379,1
B-GNR_10x41nm_808nm_2W,1867.0,46.3639,19.6383,1
B-GNR_10x41nm_808nm_2W,1868.0,46.3643,19.6386,1
B-GNR_10x41nm_808nm_2W,1869.0,46.3646,19.6389,1
B-GNR_10x41nm_808nm_2W,1870.0,46.3649,19.6392,1
B-GNR_10x41nm_808nm_2W,1871.0,46.3652,19.6396,1
B-GNR_10x41nm_808nm_2W,1872.0,46.3656,19.6399,1
B-GNR_10x41nm_808nm_2W,1873.0,46.3659,19.6402,1
B-GNR_10x41nm_808nm_2W,1874.0,46.3662,19.6405,1
B-GNR_10x41nm_808nm_2W,1875.0,46.3665,19.6409,1
B-GNR_10x41nm_808nm_2W,1876.0,46.3668,19.6412,1
B-GNR_10x41nm_808nm_2W,1877.0,46.3672,19.6415,1
B-GNR_10x41nm_808nm_2W,1878.0,46.3675,19.6418,1
B-GNR_10x41nm_808nm_2W,1879.0,46.3678,19.6421,1
B-GNR_10x41nm_808nm_2W,1880.0,46.3681,19.6424,1
B-GNR_10x41nm_808nm_2W,1881.0,46.3684,19.6428,1
B-GNR_10x41nm_808nm_2W,1882.0,46.3687,19.6431,1
B-GNR_10x41nm_808nm_2W,1883.0,46.369,19.6434,1
B-GNR_10x41nm_808nm_2W,1884.0,46.3694,19.6437,1
B-GNR_10x41nm_808nm_2W,1885.0,46.3697,19.644,1
B-GNR_10x41nm_808nm_2W,1886.0,46.37,19.6443,1
B-GNR_10x41nm_808nm_2W,1887.0,46.3703,19.6446,1
B-GNR_10x41nm_808nm_2W,1888.0,46.3706,19.6449,1
B-GNR_10x41nm_808nm_2W,1889.0,46.3709,19.6452,1
B-GNR_10x41nm_808nm_2W,1890.0,46.3712,19.6455,1
B-GNR_10x41nm_808nm_2W,1891.0,46.3715,19.6459,1
B-GNR_10x41nm_808nm_2W,1892.0,46.3718,19.6462,1
B-GNR_10x41nm_808nm_2W,1893.0,46.3721,19.6465,1
B-GNR_10x41nm_808nm_2W,1894.0,46.3724,19.6468,1
B-GNR_10x41nm_808nm_2W,1895.0,46.3727,19.6471,1
B-GNR_10x41nm_808nm_2W,1896.0,46.373,19.6474,1
B-GNR_10x41nm_808nm_2W,1897.0,46.3733,19.6477,1
B-GNR_10x41nm_808nm_2W,1898.0,46.3736,19.648,1
B-GNR_10x41nm_808nm_2W,1899.0,46.3739,19.6483,1
B-GNR_10x41nm_808nm_2W,1900.0,46.3742,19.6486,1
B-GNR_10x41nm_808nm_2W,1901.0,46.3745,19.6489,1
B-GNR_10x41nm_808nm_2W,1902.0,46.3748,19.6492,1
B-GNR_10x41nm_808nm_2W,1903.0,46.3751,19.6495,1
B-GNR_10x41nm_808nm_2W,1904.0,46.3754,19.6498,1
B-GNR_10x41nm_808nm_2W,1905.0,46.3757,19.6501,1
B-GNR_10x41nm_808nm_2W,1906.0,46.376,19.6504,1
B-GNR_10x41nm_808nm_2W,1907.0,46.3763,19.6506,1
B-GNR_10x41nm_808nm_2W,1908.0,46.3766,19.6509,1
B-GNR_10x41nm_808nm_2W,1909.0,46.3769,19.6512,1
B-GNR_10x41nm_808nm_2W,1910.0,46.3772,19.6515,1
B-GNR_10x41nm_808nm_2W,1911.0,46.3775,19.6518,1
B-GNR_10x41nm_808nm_2W,1912.0,46.3778,19.6521,1
B-GNR_10x41nm_808nm_2W,1913.0,46.3781,19.6524,1
B-GNR_10x41nm_808nm_2W,1914.0,46.3783,19.6527,1
B-GNR_10x41nm_808nm_2W,1915.0,46.3786,19.653,1
B-GNR_10x41nm_808nm_2W,1916.0,46.3789,19.6533,1
B-GNR_10x41nm_808nm_2W,1917.0,46.3792,19.6535,1
B-GNR_10x41nm_808nm_2W,1918.0,46.3795,19.6538,1
B-GNR_10x41nm_808nm_2W,1919.0,46.3798,19.6541,1
B-GNR_10x41nm_808nm_2W,1920.0,46.3801,19.6544,1
B-GNR_10x41nm_808nm_2W,1921.0,46.3803,19.6547,1
B-GNR_10x41nm_808nm_2W,1922.0,46.3806,19.655,1
B-GNR_10x41nm_808nm_2W,1923.0,46.3809,19.6552,1
B-GNR_10x41nm_808nm_2W,1924.0,46.3812,19.6555,1
B-GNR_10x41nm_808nm_2W,1925.0,46.3815,19.6558,1
B-GNR_10x41nm_808nm_2W,1926.0,46.3817,19.6561,1
B-GNR_10x41nm_808nm_2W,1927.0,46.382,19.6563,1
B-GNR_10x41nm_808nm_2W,1928.0,46.3823,19.6566,1
B-GNR_10x41nm_808nm_2W,1929.0,46.3826,19.6569,1
B-GNR_10x41nm_808nm_2W,1930.0,46.3828,19.6572,1
B-GNR_10x41nm_808nm_2W,1931.0,46.3831,19.6575,1
B-GNR_10x41nm_808nm_2W,1932.0,46.3834,19.6577,1
B-GNR_10x41nm_808nm_2W,1933.0,46.3837,19.658,1
B-GNR_10x41nm_808nm_2W,1934.0,46.3839,19.6583,1
B-GNR_10x41nm_808nm_2W,1935.0,46.3842,19.6585,1
B-GNR_10x41nm_808nm_2W,1936.0,46.3845,19.6588,1
B-GNR_10x41nm_808nm_2W,1937.0,46.3847,19.6591,1
B-GNR_10x41nm_808nm_2W,1938.0,46.385,19.6594,1
B-GNR_10x41nm_808nm_2W,1939.0,46.3853,19.6596,1
B-GNR_10x41nm_808nm_2W,1940.0,46.3856,19.6599,1
B-GNR_10x41nm_808nm_2W,1941.0,46.3858,19.6602,1
B-GNR_10x41nm_808nm_2W,1942.0,46.3861,19.6604,1
B-GNR_10x41nm_808nm_2W,1943.0,46.3864,19.6607,1
B-GNR_10x41nm_808nm_2W,1944.0,46.3866,19.661,1
B-GNR_10x41nm_808nm_2W,1945.0,46.3869,19.6612,1
B-GNR_10x41nm_808nm_2W,1946.0,46.3871,19.6615,1
B-GNR_10x41nm_808nm_2W,1947.0,46.3874,19.6617,1
B-GNR_10x41nm_808nm_2W,1948.0,46.3877,19.662,1
B-GNR_10x41nm_808nm_2W,1949.0,46.3879,19.6623,1
B-GNR_10x41nm_808nm_2W,1950.0,46.3882,19.6625,1
B-GNR_10x41nm_808nm_2W,1951.0,46.3885,19.6628,1
B-GNR_10x41nm_808nm_2W,1952.0,46.3887,19.663,1
B-GNR_10x41nm_808nm_2W,1953.0,46.389,19.6633,1
B-GNR_10x41nm_808nm_2W,1954.0,46.3892,19.6636,1
B-GNR_10x41nm_808nm_2W,1955.0,46.3895,19.6638,1
B-GNR_10x41nm_808nm_2W,1956.0,46.3897,19.6641,1
B-GNR_10x41nm_808nm_2W,1957.0,46.39,19.6643,1
B-GNR_10x41nm_808nm_2W,1958.0,46.3903,19.6646,1
B-GNR_10x41nm_808nm_2W,1959.0,46.3905,19.6648,1
B-GNR_10x41nm_808nm_2W,1960.0,46.3908,19.6651,1
B-GNR_10x41nm_808nm_2W,1961.0,46.391,19.6654,1
B-GNR_10x41nm_808nm_2W,1962.0,46.3913,19.6656,1
B-GNR_10x41nm_808nm_2W,1963.0,46.3915,19.6659,1
B-GNR_10x41nm_808nm_2W,1964.0,46.3918,19.6661,1
B-GNR_10x41nm_808nm_2W,1965.0,46.392,19.6664,1
B-GNR_10x41nm_808nm_2W,1966.0,46.3923,19.6666,1
B-GNR_10x41nm_808nm_2W,1967.0,46.3925,19.6669,1
B-GNR_10x41nm_808nm_2W,1968.0,46.3928,19.6671,1
B-GNR_10x41nm_808nm_2W,1969.0,46.393,19.6674,1
B-GNR_10x41nm_808nm_2W,1970.0,46.3933,19.6676,1
B-GNR_10x41nm_808nm_2W,1971.0,46.3935,19.6678,1
B-GNR_10x41nm_808nm_2W,1972.0,46.3938,19.6681,1
B-GNR_10x41nm_808nm_2W,1973.0,46.394,19.6683,1
B-GNR_10x41nm_808nm_2W,1974.0,46.3942,19.6686,1
B-GNR_10x41nm_808nm_2W,1975.0,46.3945,19.6688,1
B-GNR_10x41nm_808nm_2W,1976.0,46.3947,19.6691,1
B-GNR_10x41nm_808nm_2W,1977.0,46.395,19.6693,1
B-GNR_10x41nm_808nm_2W,1978.0,46.3952,19.6695,1
B-GNR_10x41nm_808nm_2W,1979.0,46.3955,19.6698,1
B-GNR_10x41nm_808nm_2W,1980.0,46.3957,19.67,1
B-GNR_10x41nm_808nm_2W,1981.0,46.3959,19.6703,1
B-GNR_10x41nm_808nm_2W,1982.0,46.3962,19.6705,1
B-GNR_10x41nm_808nm_2W,1983.0,46.3964,19.6707,1
B-GNR_10x41nm_808nm_2W,1984.0,46.3966,19.671,1
B-GNR_10x41nm_808nm_2W,1985.0,46.3969,19.6712,1
B-GNR_10x41nm_808nm_2W,1986.0,46.3971,19.6715,1
B-GNR_10x41nm_808nm_2W,1987.0,46.3974,19.6717,1
B-GNR_10x41nm_808nm_2W,1988.0,46.3976,19.6719,1
B-GNR_10x41nm_808nm_2W,1989.0,46.3978,19.6722,1
B-GNR_10x41nm_808nm_2W,1990.0,46.3981,19.6724,1
B-GNR_10x41nm_808nm_2W,1991.0,46.3983,19.6726,1
B-GNR_10x41nm_808nm_2W,1992.0,46.3985,19.6729,1
B-GNR_10x41nm_808nm_2W,1993.0,46.3988,19.6731,1
B-GNR_10x41nm_808nm_2W,1994.0,46.399,19.6733,1
B-GNR_10x41nm_808nm_2W,1995.0,46.3992,19.6736,1
B-GNR_10x41nm_808nm_2W,1996.0,46.3994,19.6738,1
B-GNR_10x41nm_808nm_2W,1997.0,46.3997,19.674,1
B-GNR_10x41nm_808nm_2W,1998.0,46.3999,19.6742,1
B-GNR_10x41nm_808nm_2W,1999.0,46.4001,19.6745,1
B-GNR_10x41nm_808nm_2W,2000.0,46.4004,19.6747,1
B-GNR_10x41nm_808nm_2W,2001.0,46.4006,19.6749,1
B-GNR_10x41nm_808nm_2W,2002.0,46.4008,19.6752,1
B-GNR_10x41nm_808nm_2W,2003.0,46.401,19.6754,1
B-GNR_10x41nm_808nm_2W,2004.0,46.4013,19.6756,1
B-GNR_10x41nm_808nm_2W,2005.0,46.4015,19.6758,1
B-GNR_10x41nm_808nm_2W,2006.0,46.4017,19.676,1
B-GNR_10x41nm_808nm_2W,2007.0,46.4019,19.6763,1
B-GNR_10x41nm_808nm_2W,2008.0,46.4022,19.6765,1
B-GNR_10x41nm_808nm_2W,2009.0,46.4024,19.6767,1
B-GNR_10x41nm_808nm_2W,2010.0,46.4026,19.6769,1
B-GNR_10x41nm_808nm_2W,2011.0,46.4028,19.6772,1
B-GNR_10x41nm_808nm_2W,2012.0,46.403,19.6774,1
B-GNR_10x41nm_808nm_2W,2013.0,46.4033,19.6776,1
B-GNR_10x41nm_808nm_2W,2014.0,46.4035,19.6778,1
B-GNR_10x41nm_808nm_2W,2015.0,46.4037,19.678,1
B-GNR_10x41nm_808nm_2W,2016.0,46.4039,19.6783,1
B-GNR_10x41nm_808nm_2W,2017.0,46.4041,19.6785,1
B-GNR_10x41nm_808nm_2W,2018.0,46.4044,19.6787,1
B-GNR_10x41nm_808nm_2W,2019.0,46.4046,19.6789,1
B-GNR_10x41nm_808nm_2W,2020.0,46.4048,19.6791,1
B-GNR_10x41nm_808nm_2W,2021.0,46.405,19.6793,1
B-GNR_10x41nm_808nm_2W,2022.0,46.4052,19.6795,1
B-GNR_10x41nm_808nm_2W,2023.0,46.4054,19.6798,1
B-GNR_10x41nm_808nm_2W,2024.0,46.4056,19.68,1
B-GNR_10x41nm_808nm_2W,2025.0,46.4058,19.6802,1
B-GNR_10x41nm_808nm_2W,2026.0,46.4061,19.6804,1
B-GNR_10x41nm_808nm_2W,2027.0,46.4063,19.6806,1
B-GNR_10x41nm_808nm_2W,2028.0,46.4065,19.6808,1
B-GNR_10x41nm_808nm_2W,2029.0,46.4067,19.681,1
B-GNR_10x41nm_808nm_2W,2030.0,46.4069,19.6812,1
B-GNR_10x41nm_808nm_2W,2031.0,46.4071,19.6814,1
B-GNR_10x41nm_808nm_2W,2032.0,46.4073,19.6817,1
B-GNR_10x41nm_808nm_2W,2033.0,46.4075,19.6819,1
B-GNR_10x41nm_808nm_2W,2034.0,46.4077,19.6821,1
B-GNR_10x41nm_808nm_2W,2035.0,46.4079,19.6823,1
B-GNR_10x41nm_808nm_2W,2036.0,46.4081,19.6825,1
B-GNR_10x41nm_808nm_2W,2037.0,46.4084,19.6827,1
B-GNR_10x41nm_808nm_2W,2038.0,46.4086,19.6829,1
B-GNR_10x41nm_808nm_2W,2039.0,46.4088,19.6831,1
B-GNR_10x41nm_808nm_2W,2040.0,46.409,19.6833,1
B-GNR_10x41nm_808nm_2W,2041.0,46.4092,19.6835,1
B-GNR_10x41nm_808nm_2W,2042.0,46.4094,19.6837,1
B-GNR_10x41nm_808nm_2W,2043.0,46.4096,19.6839,1
B-GNR_10x41nm_808nm_2W,2044.0,46.4098,19.6841,1
B-GNR_10x41nm_808nm_2W,2045.0,46.41,19.6843,1
B-GNR_10x41nm_808nm_2W,2046.0,46.4102,19.6845,1
B-GNR_10x41nm_808nm_2W,2047.0,46.4104,19.6847,1
B-GNR_10x41nm_808nm_2W,2048.0,46.4106,19.6849,1
B-GNR_10x41nm_808nm_2W,2049.0,46.4108,19.6851,1
B-GNR_10x41nm_808nm_2W,2050.0,46.411,19.6853,1
B-GNR_10x41nm_808nm_2W,2051.0,46.4112,19.6855,1
B-GNR_10x41nm_808nm_2W,2052.0,46.4114,19.6857,1
B-GNR_10x41nm_808nm_2W,2053.0,46.4116,19.6859,1
B-GNR_10x41nm_808nm_2W,2054.0,46.4118,19.6861,1
B-GNR_10x41nm_808nm_2W,2055.0,46.412,19.6863,1
B-GNR_10x41nm_808nm_2W,2056.0,46.4122,19.6865,1
B-GNR_10x41nm_808nm_2W,2057.0,46.4123,19.6867,1
B-GNR_10x41nm_808nm_2W,2058.0,46.4125,19.6869,1
B-GNR_10x41nm_808nm_2W,2059.0,46.4127,19.6871,1
B-GNR_10x41nm_808nm_2W,2060.0,46.4129,19.6873,1
B-GNR_10x41nm_808nm_2W,2061.0,46.4131,19.6875,1
B-GNR_10x41nm_808nm_2W,2062.0,46.4133,19.6876,1
B-GNR_10x41nm_808nm_2W,2063.0,46.4135,19.6878,1
B-GNR_10x41nm_808nm_2W,2064.0,46.4137,19.688,1
B-GNR_10x41nm_808nm_2W,2065.0,46.4139,19.6882,1
B-GNR_10x41nm_808nm_2W,2066.0,46.4141,19.6884,1
B-GNR_10x41nm_808nm_2W,2067.0,46.4143,19.6886,1
B-GNR_10x41nm_808nm_2W,2068.0,46.4145,19.6888,1
B-GNR_10x41nm_808nm_2W,2069.0,46.4146,19.689,1
B-GNR_10x41nm_808nm_2W,2070.0,46.4148,19.6892,1
B-GNR_10x41nm_808nm_2W,2071.0,46.415,19.6894,1
B-GNR_10x41nm_808nm_2W,2072.0,46.4152,19.6895,1
B-GNR_10x41nm_808nm_2W,2073.0,46.4154,19.6897,1
B-GNR_10x41nm_808nm_2W,2074.0,46.4156,19.6899,1
B-GNR_10x41nm_808nm_2W,2075.0,46.4158,19.6901,1
B-GNR_10x41nm_808nm_2W,2076.0,46.4159,19.6903,1
B-GNR_10x41nm_808nm_2W,2077.0,46.4161,19.6905,1
B-GNR_10x41nm_808nm_2W,2078.0,46.4163,19.6907,1
B-GNR_10x41nm_808nm_2W,2079.0,46.4165,19.6908,1
B-GNR_10x41nm_808nm_2W,2080.0,46.4167,19.691,1
B-GNR_10x41nm_808nm_2W,2081.0,46.4169,19.6912,1
B-GNR_10x41nm_808nm_2W,2082.0,46.417,19.6914,1
B-GNR_10x41nm_808nm_2W,2083.0,46.4172,19.6916,1
B-GNR_10x41nm_808nm_2W,2084.0,46.4174,19.6917,1
B-GNR_10x41nm_808nm_2W,2085.0,46.4176,19.6919,1
B-GNR_10x41nm_808nm_2W,2086.0,46.4178,19.6921,1
B-GNR_10x41nm_808nm_2W,2087.0,46.4179,19.6923,1
B-GNR_10x41nm_808nm_2W,2088.0,46.4181,19.6925,1
B-GNR_10x41nm_808nm_2W,2089.0,46.4183,19.6926,1
B-GNR_10x41nm_808nm_2W,2090.0,46.4185,19.6928,1
B-GNR_10x41nm_808nm_2W,2091.0,46.4187,19.693,1
B-GNR_10x41nm_808nm_2W,2092.0,46.4188,19.6932,1
B-GNR_10x41nm_808nm_2W,2093.0,46.419,19.6933,1
B-GNR_10x41nm_808nm_2W,2094.0,46.4192,19.6935,1
B-GNR_10x41nm_808nm_2W,2095.0,46.4194,19.6937,1
B-GNR_10x41nm_808nm_2W,2096.0,46.4195,19.6939,1
B-GNR_10x41nm_808nm_2W,2097.0,46.4197,19.694,1
B-GNR_10x41nm_808nm_2W,2098.0,46.4199,19.6942,1
B-GNR_10x41nm_808nm_2W,2099.0,46.4201,19.6944,1
B-GNR_10x41nm_808nm_2W,2100.0,46.4202,19.6946,1
B-GNR_10x41nm_808nm_2W,2101.0,46.4204,19.6947,1
B-GNR_10x41nm_808nm_2W,2102.0,46.4206,19.6949,1
B-GNR_10x41nm_808nm_2W,2103.0,46.4207,19.6951,1
B-GNR_10x41nm_808nm_2W,2104.0,46.4209,19.6953,1
B-GNR_10x41nm_808nm_2W,2105.0,46.4211,19.6954,1
B-GNR_10x41nm_808nm_2W,2106.0,46.4213,19.6956,1
B-GNR_10x41nm_808nm_2W,2107.0,46.4214,19.6958,1
B-GNR_10x41nm_808nm_2W,2108.0,46.4216,19.6959,1
B-GNR_10x41nm_808nm_2W,2109.0,46.4218,19.6961,1
B-GNR_10x41nm_808nm_2W,2110.0,46.4219,19.6963,1
B-GNR_10x41nm_808nm_2W,2111.0,46.4221,19.6964,1
B-GNR_10x41nm_808nm_2W,2112.0,46.4223,19.6966,1
B-GNR_10x41nm_808nm_2W,2113.0,46.4224,19.6968,1
B-GNR_10x41nm_808nm_2W,2114.0,46.4226,19.6969,1
B-GNR_10x41nm_808nm_2W,2115.0,46.4228,19.6971,1
B-GNR_10x41nm_808nm_2W,2116.0,46.4229,19.6973,1
B-GNR_10x41nm_808nm_2W,2117.0,46.4231,19.6974,1
B-GNR_10x41nm_808nm_2W,2118.0,46.4233,19.6976,1
B-GNR_10x41nm_808nm_2W,2119.0,46.4234,19.6978,1
B-GNR_10x41nm_808nm_2W,2120.0,46.4236,19.6979,1
B-GNR_10x41nm_808nm_2W,2121.0,46.4238,19.6981,1
B-GNR_10x41nm_808nm_2W,2122.0,46.4239,19.6983,1
B-GNR_10x41nm_808nm_2W,2123.0,46.4241,19.6984,1
B-GNR_10x41nm_808nm_2W,2124.0,46.4242,19.6986,1
B-GNR_10x41nm_808nm_2W,2125.0,46.4244,19.6987,1
B-GNR_10x41nm_808nm_2W,2126.0,46.4246,19.6989,1
B-GNR_10x41nm_808nm_2W,2127.0,46.4247,19.6991,1
B-GNR_10x41nm_808nm_2W,2128.0,46.4249,19.6992,1
B-GNR_10x41nm_808nm_2W,2129.0,46.425,19.6994,1
B-GNR_10x41nm_808nm_2W,2130.0,46.4252,19.6995,1
B-GNR_10x41nm_808nm_2W,2131.0,46.4254,19.6997,1
B-GNR_10x41nm_808nm_2W,2132.0,46.4255,19.6999,1
B-GNR_10x41nm_808nm_2W,2133.0,46.4257,19.7,1
B-GNR_10x41nm_808nm_2W,2134.0,46.4258,19.7002,1
B-GNR_10x41nm_808nm_2W,2135.0,46.426,19.7003,1
B-GNR_10x41nm_808nm_2W,2136.0,46.4262,19.7005,1
B-GNR_10x41nm_808nm_2W,2137.0,46.4263,19.7006,1
B-GNR_10x41nm_808nm_2W,2138.0,46.4265,19.7008,1
B-GNR_10x41nm_808nm_2W,2139.0,46.4266,19.701,1
B-GNR_10x41nm_808nm_2W,2140.0,46.4268,19.7011,1
B-GNR_10x41nm_808nm_2W,2141.0,46.4269,19.7013,1
B-GNR_10x41nm_808nm_2W,2142.0,46.4271,19.7014,1
B-GNR_10x41nm_808nm_2W,2143.0,46.4272,19.7016,1
B-GNR_10x41nm_808nm_2W,2144.0,46.4274,19.7017,1
B-GNR_10x41nm_808nm_2W,2145.0,46.4275,19.7019,1
B-GNR_10x41nm_808nm_2W,2146.0,46.4277,19.702,1
B-GNR_10x41nm_808nm_2W,2147.0,46.4278,19.7022,1
B-GNR_10x41nm_808nm_2W,2148.0,46.428,19.7023,1
B-GNR_10x41nm_808nm_2W,2149.0,46.4282,19.7025,1
B-GNR_10x41nm_808nm_2W,2150.0,46.4283,19.7026,1
B-GNR_10x41nm_808nm_2W,2151.0,46.4285,19.7028,1
B-GNR_10x41nm_808nm_2W,2152.0,46.3988,19.6731,0
B-GNR_10x41nm_808nm_2W,2153.0,46.345,19.6193,0
B-GNR_10x41nm_808nm_2W,2154.0,46.2914,19.5657,0
B-GNR_10x41nm_808nm_2W,2155.0,46.2379,19.5123,0
B-GNR_10x41nm_808nm_2W,2156.0,46.1846,19.459,0
B-GNR_10x41nm_808nm_2W,2157.0,46.1314,19.4058,0
B-GNR_10x41nm_808nm_2W,2158.0,46.0784,19.3528,0
B-GNR_10x41nm_808nm_2W,2159.0,46.0255,19.2999,0
B-GNR_10x41nm_808nm_2W,2160.0,45.9728,19.2471,0
B-GNR_10x41nm_808nm_2W,2161.0,45.9202,19.1945,0
B-GNR_10x41nm_808nm_2W,2162.0,45.8678,19.1421,0
B-GNR_10x41nm_808nm_2W,2163.0,45.8155,19.0898,0
B-GNR_10x41nm_808nm_2W,2164.0,45.7633,19.0376,0
B-GNR_10x41nm_808nm_2W,2165.0,45.7113,18.9856,0
B-GNR_10x41nm_808nm_2W,2166.0,45.6594,18.9337,0
B-GNR_10x41nm_808nm_2W,2167.0,45.6077,18.882,0
B-GNR_10x41nm_808nm_2W,2168.0,45.5561,18.8304,0
B-GNR_10x41nm_808nm_2W,2169.0,45.5046,18.779,0
B-GNR_10x41nm_808nm_2W,2170.0,45.4533,18.7276,0
B-GNR_10x41nm_808nm_2W,2171.0,45.4021,18.6765,0
B-GNR_10x41nm_808nm_2W,2172.0,45.3511,18.6254,0
B-GNR_10x41nm_808nm_2W,2173.0,45.3002,18.5745,0
B-GNR_10x41nm_808nm_2W,2174.0,45.2494,18.5238,0
B-GNR_10x41nm_808nm_2W,2175.0,45.1988,18.4732,0
B-GNR_10x41nm_808nm_2W,2176.0,45.1484,18.4227,0
B-GNR_10x41nm_808nm_2W,2177.0,45.098,18.3723,0
B-GNR_10x41nm_808nm_2W,2178.0,45.0478,18.3221,0
B-GNR_10x41nm_808nm_2W,2179.0,44.9977,18.2721,0
B-GNR_10x41nm_808nm_2W,2180.0,44.9478,18.2222,0
B-GNR_10x41nm_808nm_2W,2181.0,44.898,18.1724,0
B-GNR_10x41nm_808nm_2W,2182.0,44.8484,18.1227,0
B-GNR_10x41nm_808nm_2W,2183.0,44.7989,18.0732,0
B-GNR_10x41nm_808nm_2W,2184.0,44.7495,18.0238,0
B-GNR_10x41nm_808nm_2W,2185.0,44.7002,17.9746,0
B-GNR_10x41nm_808nm_2W,2186.0,44.6511,17.9254,0
B-GNR_10x41nm_808nm_2W,2187.0,44.6021,17.8765,0
B-GNR_10x41nm_808nm_2W,2188.0,44.5533,17.8276,0
B-GNR_10x41nm_808nm_2W,2189.0,44.5046,17.7789,0
B-GNR_10x41nm_808nm_2W,2190.0,44.456,17.7303,0
B-GNR_10x41nm_808nm_2W,2191.0,44.4075,17.6819,0
B-GNR_10x41nm_808nm_2W,2192.0,44.3592,17.6336,0
B-GNR_10x41nm_808nm_2W,2193.0,44.311,17.5854,0
B-GNR_10x41nm_808nm_2W,2194.0,44.263,17.5373,0
B-GNR_10x41nm_808nm_2W,2195.0,44.2151,17.4894,0
B-GNR_10x41nm_808nm_2W,2196.0,44.1673,17.4416,0
B-GNR_10x41nm_808nm_2W,2197.0,44.1196,17.3939,0
B-GNR_10x41nm_808nm_2W,2198.0,44.0721,17.3464,0
B-GNR_10x41nm_808nm_2W,2199.0,44.0247,17.299,0
B-GNR_10x41nm_808nm_2W,2200.0,43.9774,17.2518,0
B-GNR_10x41nm_808nm_2W,2201.0,43.9303,17.2046,0
B-GNR_10x41nm_808nm_2W,2202.0,43.8833,17.1576,0
B-GNR_10x41nm_808nm_2W,2203.0,43.8364,17.1107,0
B-GNR_10x41nm_808nm_2W,2204.0,43.7896,17.064,0
B-GNR_10x41nm_808nm_2W,2205.0,43.743,17.0173,0
B-GNR_10x41nm_808nm_2W,2206.0,43.6965,16.9708,0
B-GNR_10x41nm_808nm_2W,2207.0,43.6501,16.9245,0
B-GNR_10x41nm_808nm_2W,2208.0,43.6039,16.8782,0
B-GNR_10x41nm_808nm_2W,2209.0,43.5578,16.8321,0
B-GNR_10x41nm_808nm_2W,2210.0,43.5118,16.7861,0
B-GNR_10x41nm_808nm_2W,2211.0,43.4659,16.7402,0
B-GNR_10x41nm_808nm_2W,2212.0,43.4202,16.6945,0
B-GNR_10x41nm_808nm_2W,2213.0,43.3745,16.6489,0
B-GNR_10x41nm_808nm_2W,2214.0,43.329,16.6034,0
B-GNR_10x41nm_808nm_2W,2215.0,43.2837,16.558,0
B-GNR_10x41nm_808nm_2W,2216.0,43.2384,16.5128,0
B-GNR_10x41nm_808nm_2W,2217.0,43.1933,16.4677,0
B-GNR_10x41nm_808nm_2W,2218.0,43.1483,16.4227,0
B-GNR_10x41nm_808nm_2W,2219.0,43.1034,16.3778,0
B-GNR_10x41nm_808nm_2W,2220.0,43.0587,16.333,0
B-GNR_10x41nm_808nm_2W,2221.0,43.0141,16.2884,0
B-GNR_10x41nm_808nm_2W,2222.0,42.9696,16.2439,0
B-GNR_10x41nm_808nm_2W,2223.0,42.9252,16.1995,0
B-GNR_10x41nm_808nm_2W,2224.0,42.8809,16.1552,0
B-GNR_10x41nm_808nm_2W,2225.0,42.8368,16.1111,0
B-GNR_10x41nm_808nm_2W,2226.0,42.7927,16.0671,0
B-GNR_10x41nm_808nm_2W,2227.0,42.7488,16.0232,0
B-GNR_10x41nm_808nm_2W,2228.0,42.705,15.9794,0
B-GNR_10x41nm_808nm_2W,2229.0,42.6614,15.9357,0
B-GNR_10x41nm_808nm_2W,2230.0,42.6178,15.8922,0
B-GNR_10x41nm_808nm_2W,2231.0,42.5744,15.8488,0
B-GNR_10x41nm_808nm_2W,2232.0,42.5311,15.8054,0
B-GNR_10x41nm_808nm_2W,2233.0,42.4879,15.7623,0
B-GNR_10x41nm_808nm_2W,2234.0,42.4449,15.7192,0
B-GNR_10x41nm_808nm_2W,2235.0,42.4019,15.6762,0
B-GNR_10x41nm_808nm_2W,2236.0,42.3591,15.6334,0
B-GNR_10x41nm_808nm_2W,2237.0,42.3163,15.5907,0
B-GNR_10x41nm_808nm_2W,2238.0,42.2737,15.5481,0
B-GNR_10x41nm_808nm_2W,2239.0,42.2313,15.5056,0
B-GNR_10x41nm_808nm_2W,2240.0,42.1889,15.4632,0
B-GNR_10x41nm_808nm_2W,2241.0,42.1466,15.421,0
B-GNR_10x41nm_808nm_2W,2242.0,42.1045,15.3788,0
B-GNR_10x41nm_808nm_2W,2243.0,42.0625,15.3368,0
B-GNR_10x41nm_808nm_2W,2244.0,42.0206,15.2949,0
B-GNR_10x41nm_808nm_2W,2245.0,41.9788,15.2531,0
B-GNR_10x41nm_808nm_2W,2246.0,41.9371,15.2114,0
B-GNR_10x41nm_808nm_2W,2247.0,41.8955,15.1699,0
B-GNR_10x41nm_808nm_2W,2248.0,41.8541,15.1284,0
B-GNR_10x41nm_808nm_2W,2249.0,41.8127,15.0871,0
B-GNR_10x41nm_808nm_2W,2250.0,41.7715,15.0459,0
B-GNR_10x41nm_808nm_2W,2251.0,41.7304,15.0047,0
B-GNR_10x41nm_808nm_2W,2252.0,41.6894,14.9637,0
B-GNR_10x41nm_808nm_2W,2253.0,41.6485,14.9229,0
B-GNR_10x41nm_808nm_2W,2254.0,41.6077,14.8821,0
B-GNR_10x41nm_808nm_2W,2255.0,41.5671,14.8414,0
B-GNR_10x41nm_808nm_2W,2256.0,41.5265,14.8009,0
B-GNR_10x41nm_808nm_2W,2257.0,41.4861,14.7604,0
B-GNR_10x41nm_808nm_2W,2258.0,41.4457,14.7201,0
B-GNR_10x41nm_808nm_2W,2259.0,41.4055,14.6799,0
B-GNR_10x41nm_808nm_2W,2260.0,41.3654,14.6397,0
B-GNR_10x41nm_808nm_2W,2261.0,41.3254,14.5997,0
B-GNR_10x41nm_808nm_2W,2262.0,41.2855,14.5599,0
B-GNR_10x41nm_808nm_2W,2263.0,41.2457,14.5201,0
B-GNR_10x41nm_808nm_2W,2264.0,41.2061,14.4804,0
B-GNR_10x41nm_808nm_2W,2265.0,41.1665,14.4408,0
B-GNR_10x41nm_808nm_2W,2266.0,41.127,14.4014,0
B-GNR_10x41nm_808nm_2W,2267.0,41.0877,14.362,0
B-GNR_10x41nm_808nm_2W,2268.0,41.0484,14.3228,0
B-GNR_10x41nm_808nm_2W,2269.0,41.0093,14.2836,0
B-GNR_10x41nm_808nm_2W,2270.0,40.9703,14.2446,0
B-GNR_10x41nm_808nm_2W,2271.0,40.9313,14.2057,0
B-GNR_10x41nm_808nm_2W,2272.0,40.8925,14.1669,0
B-GNR_10x41nm_808nm_2W,2273.0,40.8538,14.1282,0
B-GNR_10x41nm_808nm_2W,2274.0,40.8152,14.0895,0
B-GNR_10x41nm_808nm_2W,2275.0,40.7767,14.051,0
B-GNR_10x41nm_808nm_2W,2276.0,40.7383,14.0127,0
B-GNR_10x41nm_808nm_2W,2277.0,40.7,13.9744,0
B-GNR_10x41nm_808nm_2W,2278.0,40.6618,13.9362,0
B-GNR_10x41nm_808nm_2W,2279.0,40.6238,13.8981,0
B-GNR_10x41nm_808nm_2W,2280.0,40.5858,13.8601,0
B-GNR_10x41nm_808nm_2W,2281.0,40.5479,13.8223,0
B-GNR_10x41nm_808nm_2W,2282.0,40.5101,13.7845,0
B-GNR_10x41nm_808nm_2W,2283.0,40.4725,13.7468,0
B-GNR_10x41nm_808nm_2W,2284.0,40.4349,13.7093,0
B-GNR_10x41nm_808nm_2W,2285.0,40.3975,13.6718,0
B-GNR_10x41nm_808nm_2W,2286.0,40.3601,13.6344,0
B-GNR_10x41nm_808nm_2W,2287.0,40.3228,13.5972,0
B-GNR_10x41nm_808nm_2W,2288.0,40.2857,13.56,0
B-GNR_10x41nm_808nm_2W,2289.0,40.2486,13.523,0
B-GNR_10x41nm_808nm_2W,2290.0,40.2117,13.486,0
B-GNR_10x41nm_808nm_2W,2291.0,40.1748,13.4492,0
B-GNR_10x41nm_808nm_2W,2292.0,40.1381,13.4124,0
B-GNR_10x41nm_808nm_2W,2293.0,40.1014,13.3758,0
B-GNR_10x41nm_808nm_2W,2294.0,40.0649,13.3392,0
B-GNR_10x41nm_808nm_2W,2295.0,40.0284,13.3028,0
B-GNR_10x41nm_808nm_2W,2296.0,39.9921,13.2664,0
B-GNR_10x41nm_808nm_2W,2297.0,39.9558,13.2302,0
B-GNR_10x41nm_808nm_2W,2298.0,39.9197,13.194,0
B-GNR_10x41nm_808nm_2W,2299.0,39.8836,13.158,0
B-GNR_10x41nm_808nm_2W,2300.0,39.8477,13.122,0
B-GNR_10x41nm_808nm_2W,2301.0,39.8118,13.0862,0
B-GNR_10x41nm_808nm_2W,2302.0,39.7761,13.0504,0
B-GNR_10x41nm_808nm_2W,2303.0,39.7404,13.0147,0
B-GNR_10x41nm_808nm_2W,2304.0,39.7048,12.9792,0
B-GNR_10x41nm_808nm_2W,2305.0,39.6694,12.9437,0
B-GNR_10x41nm_808nm_2W,2306.0,39.634,12.9083,0
B-GNR_10x41nm_808nm_2W,2307.0,39.5987,12.8731,0
B-GNR_10x41nm_808nm_2W,2308.0,39.5636,12.8379,0
B-GNR_10x41nm_808nm_2W,2309.0,39.5285,12.8028,0
B-GNR_10x41nm_808nm_2W,2310.0,39.4935,12.7678,0
B-GNR_10x41nm_808nm_2W,2311.0,39.4586,12.7329,0
B-GNR_10x41nm_808nm_2W,2312.0,39.4238,12.6982,0
B-GNR_10x41nm_808nm_2W,2313.0,39.3891,12.6635,0
B-GNR_10x41nm_808nm_2W,2314.0,39.3545,12.6289,0
B-GNR_10x41nm_808nm_2W,2315.0,39.32,12.5943,0
B-GNR_10x41nm_808nm_2W,2316.0,39.2856,12.5599,0
B-GNR_10x41nm_808nm_2W,2317.0,39.2513,12.5256,0
B-GNR_10x41nm_808nm_2W,2318.0,39.2171,12.4914,0
B-GNR_10x41nm_808nm_2W,2319.0,39.1829,12.4573,0
B-GNR_10x41nm_808nm_2W,2320.0,39.1489,12.4232,0
B-GNR_10x41nm_808nm_2W,2321.0,39.1149,12.3893,0
B-GNR_10x41nm_808nm_2W,2322.0,39.0811,12.3554,0
B-GNR_10x41nm_808nm_2W,2323.0,39.0473,12.3217,0
B-GNR_10x41nm_808nm_2W,2324.0,39.0137,12.288,0
B-GNR_10x41nm_808nm_2W,2325.0,38.9801,12.2544,0
B-GNR_10x41nm_808nm_2W,2326.0,38.9466,12.2209,0
B-GNR_10x41nm_808nm_2W,2327.0,38.9132,12.1875,0
B-GNR_10x41nm_808nm_2W,2328.0,38.8799,12.1542,0
B-GNR_10x41nm_808nm_2W,2329.0,38.8467,12.121,0
B-GNR_10x41nm_808nm_2W,2330.0,38.8136,12.0879,0
B-GNR_10x41nm_808nm_2W,2331.0,38.7805,12.0549,0
B-GNR_10x41nm_808nm_2W,2332.0,38.7476,12.0219,0
B-GNR_10x41nm_808nm_2W,2333.0,38.7147,11.9891,0
B-GNR_10x41nm_808nm_2W,2334.0,38.682,11.9563,0
B-GNR_10x41nm_808nm_2W,2335.0,38.6493,11.9236,0
B-GNR_10x41nm_808nm_2W,2336.0,38.6167,11.8911,0
B-GNR_10x41nm_808nm_2W,2337.0,38.5842,11.8586,0
B-GNR_10x41nm_808nm_2W,2338.0,38.5518,11.8262,0
B-GNR_10x41nm_808nm_2W,2339.0,38.5195,11.7939,0
B-GNR_10x41nm_808nm_2W,2340.0,38.4873,11.7616,0
B-GNR_10x41nm_808nm_2W,2341.0,38.4552,11.7295,0
B-GNR_10x41nm_808nm_2W,2342.0,38.4231,11.6974,0
B-GNR_10x41nm_808nm_2W,2343.0,38.3911,11.6655,0
B-GNR_10x41nm_808nm_2W,2344.0,38.3593,11.6336,0
B-GNR_10x41nm_808nm_2W,2345.0,38.3275,11.6018,0
B-GNR_10x41nm_808nm_2W,2346.0,38.2958,11.5701,0
B-GNR_10x41nm_808nm_2W,2347.0,38.2642,11.5385,0
B-GNR_10x41nm_808nm_2W,2348.0,38.2326,11.507,0
B-GNR_10x41nm_808nm_2W,2349.0,38.2012,11.4755,0
B-GNR_10x41nm_808nm_2W,2350.0,38.1698,11.4442,0
B-GNR_10x41nm_808nm_2W,2351.0,38.1386,11.4129,0
B-GNR_10x41nm_808nm_2W,2352.0,38.1074,11.3817,0
B-GNR_10x41nm_808nm_2W,2353.0,38.0763,11.3506,0
B-GNR_10x41nm_808nm_2W,2354.0,38.0453,11.3196,0
B-GNR_10x41nm_808nm_2W,2355.0,38.0143,11.2887,0
B-GNR_10x41nm_808nm_2W,2356.0,37.9835,11.2578,0
B-GNR_10x41nm_808nm_2W,2357.0,37.9527,11.2271,0
B-GNR_10x41nm_808nm_2W,2358.0,37.922,11.1964,0
B-GNR_10x41nm_808nm_2W,2359.0,37.8915,11.1658,0
B-GNR_10x41nm_808nm_2W,2360.0,37.8609,11.1353,0
B-GNR_10x41nm_808nm_2W,2361.0,37.8305,11.1049,0
B-GNR_10x41nm_808nm_2W,2362.0,37.8002,11.0745,0
B-GNR_10x41nm_808nm_2W,2363.0,37.7699,11.0442,0
B-GNR_10x41nm_808nm_2W,2364.0,37.7397,11.0141,0
B-GNR_10x41nm_808nm_2W,2365.0,37.7096,10.984,0
B-GNR_10x41nm_808nm_2W,2366.0,37.6796,10.954,0
B-GNR_10x41nm_808nm_2W,2367.0,37.6497,10.924,0
B-GNR_10x41nm_808nm_2W,2368.0,37.6198,10.8942,0
B-GNR_10x41nm_808nm_2W,2369.0,37.5901,10.8644,0
B-GNR_10x41nm_808nm_2W,2370.0,37.5604,10.8347,0
B-GNR_10x41nm_808nm_2W,2371.0,37.5308,10.8051,0
B-GNR_10x41nm_808nm_2W,2372.0,37.5013,10.7756,0
B-GNR_10x41nm_808nm_2W,2373.0,37.4718,10.7461,0
B-GNR_10x41nm_808nm_2W,2374.0,37.4424,10.7168,0
B-GNR_10x41nm_808nm_2W,2375.0,37.4132,10.6875,0
B-GNR_10x41nm_808nm_2W,2376.0,37.384,10.6583,0
B-GNR_10x41nm_808nm_2W,2377.0,37.3548,10.6292,0
B-GNR_10x41nm_808nm_2W,2378.0,37.3258,10.6001,0
B-GNR_10x41nm_808nm_2W,2379.0,37.2968,10.5712,0
B-GNR_10x41nm_808nm_2W,2380.0,37.2679,10.5423,0
B-GNR_10x41nm_808nm_2W,2381.0,37.2391,10.5135,0
B-GNR_10x41nm_808nm_2W,2382.0,37.2104,10.4847,0
B-GNR_10x41nm_808nm_2W,2383.0,37.1818,10.4561,0
B-GNR_10x41nm_808nm_2W,2384.0,37.1532,10.4275,0
B-GNR_10x41nm_808nm_2W,2385.0,37.1247,10.399,0
B-GNR_10x41nm_808nm_2W,2386.0,37.0963,10.3706,0
B-GNR_10x41nm_808nm_2W,2387.0,37.0679,10.3423,0
B-GNR_10x41nm_808nm_2W,2388.0,37.0397,10.314,0
B-GNR_10x41nm_808nm_2W,2389.0,37.0115,10.2858,0
B-GNR_10x41nm_808nm_2W,2390.0,36.9834,10.2577,0
B-GNR_10x41nm_808nm_2W,2391.0,36.9554,10.2297,0
B-GNR_10x41nm_808nm_2W,2392.0,36.9274,10.2017,0
B-GNR_10x41nm_808nm_2W,2393.0,36.8995,10.1739,0
B-GNR_10x41nm_808nm_2W,2394.0,36.8717,10.1461,0
B-GNR_10x41nm_808nm_2W,2395.0,36.844,10.1183,0
B-GNR_10x41nm_808nm_2W,2396.0,36.8164,10.0907,0
B-GNR_10x41nm_808nm_2W,2397.0,36.7888,10.0631,0
B-GNR_10x41nm_808nm_2W,2398.0,36.7613,10.0356,0
B-GNR_10x41nm_808nm_2W,2399.0,36.7339,10.0082,0
B-GNR_10x41nm_808nm_2W,2400.0,36.7065,9.9809,0
B-GNR_10x41nm_808nm_2W,2401.0,36.6793,9.9536,0
B-GNR_10x41nm_808nm_2W,2402.0,36.6521,9.9264,0
B-GNR_10x41nm_808nm_2W,2403.0,36.6249,9.8993,0
B-GNR_10x41nm_808nm_2W,2404.0,36.5979,9.8722,0
B-GNR_10x41nm_808nm_2W,2405.0,36.5709,9.8452,0
B-GNR_10x41nm_808nm_2W,2406.0,36.544,9.8183,0
B-GNR_10x41nm_808nm_2W,2407.0,36.5172,9.7915,0
B-GNR_10x41nm_808nm_2W,2408.0,36.4904,9.7648,0
B-GNR_10x41nm_808nm_2W,2409.0,36.4637,9.7381,0
B-GNR_10x41nm_808nm_2W,2410.0,36.4371,9.7115,0
B-GNR_10x41nm_808nm_2W,2411.0,36.4106,9.6849,0
B-GNR_10x41nm_808nm_2W,2412.0,36.3841,9.6585,0
B-GNR_10x41nm_808nm_2W,2413.0,36.3577,9.6321,0
B-GNR_10x41nm_808nm_2W,2414.0,36.3314,9.6058,0
B-GNR_10x41nm_808nm_2W,2415.0,36.3052,9.5795,0
B-GNR_10x41nm_808nm_2W,2416.0,36.279,9.5533,0
B-GNR_10x41nm_808nm_2W,2417.0,36.2529,9.5272,0
B-GNR_10x41nm_808nm_2W,2418.0,36.2269,9.5012,0
B-GNR_10x41nm_808nm_2W,2419.0,36.2009,9.4752,0
B-GNR_10x41nm_808nm_2W,2420.0,36.175,9.4493,0
B-GNR_10x41nm_808nm_2W,2421.0,36.1492,9.4235,0
B-GNR_10x41nm_808nm_2W,2422.0,36.1234,9.3978,0
B-GNR_10x41nm_808nm_2W,2423.0,36.0978,9.3721,0
B-GNR_10x41nm_808nm_2W,2424.0,36.0721,9.3465,0
B-GNR_10x41nm_808nm_2W,2425.0,36.0466,9.3209,0
B-GNR_10x41nm_808nm_2W,2426.0,36.0211,9.2955,0
B-GNR_10x41nm_808nm_2W,2427.0,35.9957,9.2701,0
B-GNR_10x41nm_808nm_2W,2428.0,35.9704,9.2447,0
B-GNR_10x41nm_808nm_2W,2429.0,35.9451,9.2195,0
B-GNR_10x41nm_808nm_2W,2430.0,35.92,9.1943,0
B-GNR_10x41nm_808nm_2W,2431.0,35.8948,9.1692,0
B-GNR_10x41nm_808nm_2W,2432.0,35.8698,9.1441,0
B-GNR_10x41nm_808nm_2W,2433.0,35.8448,9.1191,0
B-GNR_10x41nm_808nm_2W,2434.0,35.8199,9.0942,0
B-GNR_10x41nm_808nm_2W,2435.0,35.795,9.0694,0
B-GNR_10x41nm_808nm_2W,2436.0,35.7702,9.0446,0
B-GNR_10x41nm_808nm_2W,2437.0,35.7455,9.0199,0
B-GNR_10x41nm_808nm_2W,2438.0,35.7209,8.9952,0
B-GNR_10x41nm_808nm_2W,2439.0,35.6963,8.9706,0
B-GNR_10x41nm_808nm_2W,2440.0,35.6718,8.9461,0
B-GNR_10x41nm_808nm_2W,2441.0,35.6473,8.9217,0
B-GNR_10x41nm_808nm_2W,2442.0,35.623,8.8973,0
B-GNR_10x41nm_808nm_2W,2443.0,35.5987,8.873,0
B-GNR_10x41nm_808nm_2W,2444.0,35.5744,8.8487,0
B-GNR_10x41nm_808nm_2W,2445.0,35.5502,8.8246,0
B-GNR_10x41nm_808nm_2W,2446.0,35.5261,8.8005,0
B-GNR_10x41nm_808nm_2W,2447.0,35.5021,8.7764,0
B-GNR_10x41nm_808nm_2W,2448.0,35.4781,8.7524,0
B-GNR_10x41nm_808nm_2W,2449.0,35.4542,8.7285,0
B-GNR_10x41nm_808nm_2W,2450.0,35.4303,8.7047,0
B-GNR_10x41nm_808nm_2W,2451.0,35.4065,8.6809,0
B-GNR_10x41nm_808nm_2W,2452.0,35.3828,8.6572,0
B-GNR_10x41nm_808nm_2W,2453.0,35.3592,8.6335,0
B-GNR_10x41nm_808nm_2W,2454.0,35.3356,8.6099,0
B-GNR_10x41nm_808nm_2W,2455.0,35.312,8.5864,0
B-GNR_10x41nm_808nm_2W,2456.0,35.2886,8.5629,0
B-GNR_10x41nm_808nm_2W,2457.0,35.2652,8.5395,0
B-GNR_10x41nm_808nm_2W,2458.0,35.2418,8.5162,0
B-GNR_10x41nm_808nm_2W,2459.0,35.2186,8.4929,0
B-GNR_10x41nm_808nm_2W,2460.0,35.1954,8.4697,0
B-GNR_10x41nm_808nm_2W,2461.0,35.1722,8.4466,0
B-GNR_10x41nm_808nm_2W,2462.0,35.1491,8.4235,0
B-GNR_10x41nm_808nm_2W,2463.0,35.1261,8.4005,0
B-GNR_10x41nm_808nm_2W,2464.0,35.1032,8.3775,0
B-GNR_10x41nm_808nm_2W,2465.0,35.0803,8.3546,0
B-GNR_10x41nm_808nm_2W,2466.0,35.0575,8.3318,0
B-GNR_10x41nm_808nm_2W,2467.0,35.0347,8.309,0
B-GNR_10x41nm_808nm_2W,2468.0,35.012,8.2863,0
B-GNR_10x41nm_808nm_2W,2469.0,34.9893,8.2637,0
B-GNR_10x41nm_808nm_2W,2470.0,34.9668,8.2411,0
B-GNR_10x41nm_808nm_2W,2471.0,34.9442,8.2186,0
B-GNR_10x41nm_808nm_2W,2472.0,34.9218,8.1961,0
B-GNR_10x41nm_808nm_2W,2473.0,34.8994,8.1737,0
B-GNR_10x41nm_808nm_2W,2474.0,34.8771,8.1514,0
B-GNR_10x41nm_808nm_2W,2475.0,34.8548,8.1291,0
B-GNR_10x41nm_808nm_2W,2476.0,34.8326,8.1069,0
B-GNR_10x41nm_808nm_2W,2477.0,34.8104,8.0848,0
B-GNR_10x41nm_808nm_2W,2478.0,34.7883,8.0627,0
B-GNR_10x41nm_808nm_2W,2479.0,34.7663,8.0406,0
B-GNR_10x41nm_808nm_2W,2480.0,34.7443,8.0187,0
B-GNR_10x41nm_808nm_2W,2481.0,34.7224,7.9968,0
B-GNR_10x41nm_808nm_2W,2482.0,34.7006,7.9749,0
B-GNR_10x41nm_808nm_2W,2483.0,34.6788,7.9531,0
B-GNR_10x41nm_808nm_2W,2484.0,34.657,7.9314,0
B-GNR_10x41nm_808nm_2W,2485.0,34.6354,7.9097,0
B-GNR_10x41nm_808nm_2W,2486.0,34.6138,7.8881,0
B-GNR_10x41nm_808nm_2W,2487.0,34.5922,7.8665,0
B-GNR_10x41nm_808nm_2W,2488.0,34.5707,7.845,0
B-GNR_10x41nm_808nm_2W,2489.0,34.5493,7.8236,0
B-GNR_10x41nm_808nm_2W,2490.0,34.5279,7.8022,0
B-GNR_10x41nm_808nm_2W,2491.0,34.5066,7.7809,0
B-GNR_10x41nm_808nm_2W,2492.0,34.4853,7.7596,0
B-GNR_10x41nm_808nm_2W,2493.0,34.4641,7.7384,0
B-GNR_10x41nm_808nm_2W,2494.0,34.443,7.7173,0
B-GNR_10x41nm_808nm_2W,2495.0,34.4219,7.6962,0
B-GNR_10x41nm_808nm_2W,2496.0,34.4008,7.6752,0
B-GNR_10x41nm_808nm_2W,2497.0,34.3799,7.6542,0
B-GNR_10x41nm_808nm_2W,2498.0,34.359,7.6333,0
B-GNR_10x41nm_808nm_2W,2499.0,34.3381,7.6124,0
B-GNR_10x41nm_808nm_2W,2500.0,34.3173,7.5916,0
B-GNR_10x41nm_808nm_2W,2501.0,34.2966,7.5709,0
B-GNR_10x41nm_808nm_2W,2502.0,34.2759,7.5502,0
B-GNR_10x41nm_808nm_2W,2503.0,34.2552,7.5296,0
B-GNR_10x41nm_808nm_2W,2504.0,34.2347,7.509,0
B-GNR_10x41nm_808nm_2W,2505.0,34.2141,7.4885,0
B-GNR_10x41nm_808nm_2W,2506.0,34.1937,7.468,0
B-GNR_10x41nm_808nm_2W,2507.0,34.1733,7.4476,0
B-GNR_10x41nm_808nm_2W,2508.0,34.1529,7.4273,0
B-GNR_10x41nm_808nm_2W,2509.0,34.1326,7.407,0
B-GNR_10x41nm_808nm_2W,2510.0,34.1124,7.3867,0
B-GNR_10x41nm_808nm_2W,2511.0,34.0922,7.3665,0
B-GNR_10x41nm_808nm_2W,2512.0,34.0721,7.3464,0
B-GNR_10x41nm_808nm_2W,2513.0,34.052,7.3263,0
B-GNR_10x41nm_808nm_2W,2514.0,34.032,7.3063,0
B-GNR_10x41nm_808nm_2W,2515.0,34.012,7.2864,0
B-GNR_10x41nm_808nm_2W,2516.0,33.9921,7.2664,0
B-GNR_10x41nm_808nm_2W,2517.0,33.9723,7.2466,0
B-GNR_10x41nm_808nm_2W,2518.0,33.9525,7.2268,0
B-GNR_10x41nm_808nm_2W,2519.0,33.9327,7.207,0
B-GNR_10x41nm_808nm_2W,2520.0,33.913,7.1874,0
B-GNR_10x41nm_808nm_2W,2521.0,33.8934,7.1677,0
B-GNR_10x41nm_808nm_2W,2522.0,33.8738,7.1481,0
B-GNR_10x41nm_808nm_2W,2523.0,33.8543,7.1286,0
B-GNR_10x41nm_808nm_2W,2524.0,33.8348,7.1091,0
B-GNR_10x41nm_808nm_2W,2525.0,33.8154,7.0897,0
B-GNR_10x41nm_808nm_2W,2526.0,33.796,7.0703,0
B-GNR_10x41nm_808nm_2W,2527.0,33.7767,7.051,0
B-GNR_10x41nm_808nm_2W,2528.0,33.7574,7.0317,0
B-GNR_10x41nm_808nm_2W,2529.0,33.7382,7.0125,0
B-GNR_10x41nm_808nm_2W,2530.0,33.719,6.9934,0
B-GNR_10x41nm_808nm_2W,2531.0,33.6999,6.9742,0
B-GNR_10x41nm_808nm_2W,2532.0,33.6809,6.9552,0
B-GNR_10x41nm_808nm_2W,2533.0,33.6618,6.9362,0
B-GNR_10x41nm_808nm_2W,2534.0,33.6429,6.9172,0
B-GNR_10x41nm_808nm_2W,2535.0,33.624,6.8983,0
B-GNR_10x41nm_808nm_2W,2536.0,33.6051,6.8795,0
B-GNR_10x41nm_808nm_2W,2537.0,33.5863,6.8607,0
B-GNR_10x41nm_808nm_2W,2538.0,33.5676,6.8419,0
B-GNR_10x41nm_808nm_2W,2539.0,33.5489,6.8232,0
B-GNR_10x41nm_808nm_2W,2540.0,33.5303,6.8046,0
B-GNR_10x41nm_808nm_2W,2541.0,33.5117,6.786,0
B-GNR_10x41nm_808nm_2W,2542.0,33.4931,6.7675,0
B-GNR_10x41nm_808nm_2W,2543.0,33.4746,6.749,0
B-GNR_10x41nm_808nm_2W,2544.0,33.4562,6.7305,0
B-GNR_10x41nm_808nm_2W,2545.0,33.4378,6.7121,0
B-GNR_10x41nm_808nm_2W,2546.0,33.4195,6.6938,0
B-GNR_10x41nm_808nm_2W,2547.0,33.4012,6.6755,0
B-GNR_10x41nm_808nm_2W,2548.0,33.3829,6.6573,0
B-GNR_10x41nm_808nm_2W,2549.0,33.3647,6.6391,0
B-GNR_10x41nm_808nm_2W,2550.0,33.3466,6.6209,0
B-GNR_10x41nm_808nm_2W,2551.0,33.3285,6.6028,0
B-GNR_10x41nm_808nm_2W,2552.0,33.3105,6.5848,0
B-GNR_10x41nm_808nm_2W,2553.0,33.2925,6.5668,0
B-GNR_10x41nm_808nm_2W,2554.0,33.2745,6.5489,0
B-GNR_10x41nm_808nm_2W,2555.0,33.2566,6.531,0
B-GNR_10x41nm_808nm_2W,2556.0,33.2388,6.5131,0
B-GNR_10x41nm_808nm_2W,2557.0,33.221,6.4953,0
B-GNR_10x41nm_808nm_2W,2558.0,33.2032,6.4776,0
B-GNR_10x41nm_808nm_2W,2559.0,33.1855,6.4599,0
B-GNR_10x41nm_808nm_2W,2560.0,33.1679,6.4422,0
B-GNR_10x41nm_808nm_2W,2561.0,33.1503,6.4246,0
B-GNR_10x41nm_808nm_2W,2562.0,33.1327,6.4071,0
B-GNR_10x41nm_808nm_2W,2563.0,33.1152,6.3896,0
B-GNR_10x41nm_808nm_2W,2564.0,33.0978,6.3721,0
B-GNR_10x41nm_808nm_2W,2565.0,33.0804,6.3547,0
B-GNR_10x41nm_808nm_2W,2566.0,33.063,6.3373,0
B-GNR_10x41nm_808nm_2W,2567.0,33.0457,6.32,0
B-GNR_10x41nm_808nm_2W,2568.0,33.0284,6.3027,0
B-GNR_10x41nm_808nm_2W,2569.0,33.0112,6.2855,0
B-GNR_10x41nm_808nm_2W,2570.0,32.994,6.2683,0
B-GNR_10x41nm_808nm_2W,2571.0,32.9769,6.2512,0
B-GNR_10x41nm_808nm_2W,2572.0,32.9598,6.2341,0
B-GNR_10x41nm_808nm_2W,2573.0,32.9428,6.2171,0
B-GNR_10x41nm_808nm_2W,2574.0,32.9258,6.2001,0
B-GNR_10x41nm_808nm_2W,2575.0,32.9088,6.1832,0
B-GNR_10x41nm_808nm_2W,2576.0,32.8919,6.1663,0
B-GNR_10x41nm_808nm_2W,2577.0,32.8751,6.1494,0
B-GNR_10x41nm_808nm_2W,2578.0,32.8583,6.1326,0
B-GNR_10x41nm_808nm_2W,2579.0,32.8415,6.1159,0
B-GNR_10x41nm_808nm_2W,2580.0,32.8248,6.0992,0
B-GNR_10x41nm_808nm_2W,2581.0,32.8081,6.0825,0
B-GNR_10x41nm_808nm_2W,2582.0,32.7915,6.0659,0
B-GNR_10x41nm_808nm_2W,2583.0,32.775,6.0493,0
B-GNR_10x41nm_808nm_2W,2584.0,32.7584,6.0328,0
B-GNR_10x41nm_808nm_2W,2585.0,32.7419,6.0163,0
B-GNR_10x41nm_808nm_2W,2586.0,32.7255,5.9998,0
B-GNR_10x41nm_808nm_2W,2587.0,32.7091,5.9834,0
B-GNR_10x41nm_808nm_2W,2588.0,32.6928,5.9671,0
B-GNR_10x41nm_808nm_2W,2589.0,32.6765,5.9508,0
B-GNR_10x41nm_808nm_2W,2590.0,32.6602,5.9345,0
B-GNR_10x41nm_808nm_2W,2591.0,32.644,5.9183,0
B-GNR_10x41nm_808nm_2W,2592.0,32.6278,5.9021,0
B-GNR_10x41nm_808nm_2W,2593.0,32.6117,5.886,0
B-GNR_10x41nm_808nm_2W,2594.0,32.5956,5.8699,0
B-GNR_10x41nm_808nm_2W,2595.0,32.5796,5.8539,0
B-GNR_10x41nm_808nm_2W,2596.0,32.5636,5.8379,0
B-GNR_10x41nm_808nm_2W,2597.0,32.5476,5.8219,0
B-GNR_10x41nm_808nm_2W,2598.0,32.5317,5.806,0
B-GNR_10x41nm_808nm_2W,2599.0,32.5158,5.7902,0
B-GNR_10x41nm_808nm_2W,2600.0,32.5,5.7743,0
B-GNR_10x41nm_808nm_2W,2601.0,32.4842,5.7586,0
B-GNR_10x41nm_808nm_2W,2602.0,32.4685,5.7428,0
B-GNR_10x41nm_808nm_2W,2603.0,32.4528,5.7271,0
B-GNR_10x41nm_808nm_2W,2604.0,32.4372,5.7115,0
B-GNR_10x41nm_808nm_2W,2605.0,32.4215,5.6959,0
B-GNR_10x41nm_808nm_2W,2606.0,32.406,5.6803,0
B-GNR_10x41nm_808nm_2W,2607.0,32.3905,5.6648,0
B-GNR_10x41nm_808nm_2W,2608.0,32.375,5.6493,0
B-GNR_10x41nm_808nm_2W,2609.0,32.3595,5.6339,0
B-GNR_10x41nm_808nm_2W,2610.0,32.3442,5.6185,0
B-GNR_10x41nm_808nm_2W,2611.0,32.3288,5.6031,0
B-GNR_10x41nm_808nm_2W,2612.0,32.3135,5.5878,0
B-GNR_10x41nm_808nm_2W,2613.0,32.2982,5.5726,0
B-GNR_10x41nm_808nm_2W,2614.0,32.283,5.5573,0
B-GNR_10x41nm_808nm_2W,2615.0,32.2678,5.5421,0
B-GNR_10x41nm_808nm_2W,2616.0,32.2527,5.527,0
B-GNR_10x41nm_808nm_2W,2617.0,32.2376,5.5119,0
B-GNR_10x41nm_808nm_2W,2618.0,32.2225,5.4968,0
B-GNR_10x41nm_808nm_2W,2619.0,32.2075,5.4818,0
B-GNR_10x41nm_808nm_2W,2620.0,32.1925,5.4668,0
B-GNR_10x41nm_808nm_2W,2621.0,32.1776,5.4519,0
B-GNR_10x41nm_808nm_2W,2622.0,32.1627,5.437,0
B-GNR_10x41nm_808nm_2W,2623.0,32.1478,5.4221,0
B-GNR_10x41nm_808nm_2W,2624.0,32.133,5.4073,0
B-GNR_10x41nm_808nm_2W,2625.0,32.1182,5.3926,0
B-GNR_10x41nm_808nm_2W,2626.0,32.1035,5.3778,0
B-GNR_10x41nm_808nm_2W,2627.0,32.0888,5.3631,0
B-GNR_10x41nm_808nm_2W,2628.0,32.0741,5.3485,0
B-GNR_10x41nm_808nm_2W,2629.0,32.0595,5.3339,0
B-GNR_10x41nm_808nm_2W,2630.0,32.0449,5.3193,0
B-GNR_10x41nm_808nm_2W,2631.0,32.0304,5.3047,0
B-GNR_10x41nm_808nm_2W,2632.0,32.0159,5.2903,0
B-GNR_10x41nm_808nm_2W,2633.0,32.0015,5.2758,0
B-GNR_10x41nm_808nm_2W,2634.0,31.987,5.2614,0
B-GNR_10x41nm_808nm_2W,2635.0,31.9727,5.247,0
B-GNR_10x41nm_808nm_2W,2636.0,31.9583,5.2327,0
B-GNR_10x41nm_808nm_2W,2637.0,31.944,5.2184,0
B-GNR_10x41nm_808nm_2W,2638.0,31.9298,5.2041,0
B-GNR_10x41nm_808nm_2W,2639.0,31.9156,5.1899,0
B-GNR_10x41nm_808nm_2W,2640.0,31.9014,5.1757,0
B-GNR_10x41nm_808nm_2W,2641.0,31.8872,5.1616,0
B-GNR_10x41nm_808nm_2W,2642.0,31.8731,5.1475,0
B-GNR_10x41nm_808nm_2W,2643.0,31.8591,5.1334,0
B-GNR_10x41nm_808nm_2W,2644.0,31.845,5.1194,0
B-GNR_10x41nm_808nm_2W,2645.0,31.831,5.1054,0
B-GNR_10x41nm_808nm_2W,2646.0,31.8171,5.0914,0
B-GNR_10x41nm_808nm_2W,2647.0,31.8032,5.0775,0
B-GNR_10x41nm_808nm_2W,2648.0,31.7893,5.0636,0
B-GNR_10x41nm_808nm_2W,2649.0,31.7755,5.0498,0
B-GNR_10x41nm_808nm_2W,2650.0,31.7617,5.036,0
B-GNR_10x41nm_808nm_2W,2651.0,31.7479,5.0222,0
B-GNR_10x41nm_808nm_2W,2652.0,31.7342,5.0085,0
B-GNR_10x41nm_808nm_2W,2653.0,31.7205,4.9948,0
B-GNR_10x41nm_808nm_2W,2654.0,31.7069,4.9812,0
B-GNR_10x41nm_808nm_2W,2655.0,31.6932,4.9676,0
B-GNR_10x41nm_808nm_2W,2656.0,31.6797,4.954,0
B-GNR_10x41nm_808nm_2W,2657.0,31.6661,4.9405,0
B-GNR_10x41nm_808nm_2W,2658.0,31.6526,4.927,0
B-GNR_10x41nm_808nm_2W,2659.0,31.6392,4.9135,0
B-GNR_10x41nm_808nm_2W,2660.0,31.6257,4.9001,0
B-GNR_10x41nm_808nm_2W,2661.0,31.6124,4.8867,0
B-GNR_10x41nm_808nm_2W,2662.0,31.599,4.8733,0
B-GNR_10x41nm_808nm_2W,2663.0,31.5857,4.86,0
B-GNR_10x41nm_808nm_2W,2664.0,31.5724,4.8467,0
B-GNR_10x41nm_808nm_2W,2665.0,31.5592,4.8335,0
B-GNR_10x41nm_808nm_2W,2666.0,31.546,4.8203,0
B-GNR_10x41nm_808nm_2W,2667.0,31.5328,4.8071,0
B-GNR_10x41nm_808nm_2W,2668.0,31.5196,4.794,0
B-GNR_10x41nm_808nm_2W,2669.0,31.5065,4.7809,0
B-GNR_10x41nm_808nm_2W,2670.0,31.4935,4.7678,0
B-GNR_10x41nm_808nm_2W,2671.0,31.4805,4.7548,0
B-GNR_10x41nm_808nm_2W,2672.0,31.4675,4.7418,0
B-GNR_10x41nm_808nm_2W,2673.0,31.4545,4.7288,0
B-GNR_10x41nm_808nm_2W,2674.0,31.4416,4.7159,0
B-GNR_10x41nm_808nm_2W,2675.0,31.4287,4.703,0
B-GNR_10x41nm_808nm_2W,2676.0,31.4158,4.6902,0
B-GNR_10x41nm_808nm_2W,2677.0,31.403,4.6774,0
B-GNR_10x41nm_808nm_2W,2678.0,31.3903,4.6646,0
B-GNR_10x41nm_808nm_2W,2679.0,31.3775,4.6518,0
B-GNR_10x41nm_808nm_2W,2680.0,31.3648,4.6391,0
B-GNR_10x41nm_808nm_2W,2681.0,31.3521,4.6265,0
B-GNR_10x41nm_808nm_2W,2682.0,31.3395,4.6138,0
B-GNR_10x41nm_808nm_2W,2683.0,31.3269,4.6012,0
B-GNR_10x41nm_808nm_2W,2684.0,31.3143,4.5886,0
B-GNR_10x41nm_808nm_2W,2685.0,31.3018,4.5761,0
B-GNR_10x41nm_808nm_2W,2686.0,31.2893,4.5636,0
B-GNR_10x41nm_808nm_2W,2687.0,31.2768,4.5511,0
B-GNR_10x41nm_808nm_2W,2688.0,31.2643,4.5387,0
B-GNR_10x41nm_808nm_2W,2689.0,31.2519,4.5263,0
B-GNR_10x41nm_808nm_2W,2690.0,31.2396,4.5139,0
B-GNR_10x41nm_808nm_2W,2691.0,31.2272,4.5016,0
B-GNR_10x41nm_808nm_2W,2692.0,31.2149,4.4893,0
B-GNR_10x41nm_808nm_2W,2693.0,31.2027,4.477,0
B-GNR_10x41nm_808nm_2W,2694.0,31.1904,4.4648,0
B-GNR_10x41nm_808nm_2W,2695.0,31.1782,4.4526,0
B-GNR_10x41nm_808nm_2W,2696.0,31.1661,4.4404,0
B-GNR_10x41nm_808nm_2W,2697.0,31.1539,4.4283,0
B-GNR_10x41nm_808nm_2W,2698.0,31.1418,4.4162,0
B-GNR_10x41nm_808nm_2W,2699.0,31.1298,4.4041,0
B-GNR_10x41nm_808nm_2W,2700.0,31.1177,4.3921,0
B-GNR_10x41nm_808nm_2W,2701.0,31.1057,4.3801,0
B-GNR_10x41nm_808nm_2W,2702.0,31.0938,4.3681,0
B-GNR_10x41nm_808nm_2W,2703.0,31.0818,4.3562,0
B-GNR_10x41nm_808nm_2W,2704.0,31.0699,4.3443,0
B-GNR_10x41nm_808nm_2W,2705.0,31.0581,4.3324,0
B-GNR_10x41nm_808nm_2W,2706.0,31.0462,4.3206,0
B-GNR_10x41nm_808nm_2W,2707.0,31.0344,4.3088,0
B-GNR_10x41nm_808nm_2W,2708.0,31.0226,4.297,0
B-GNR_10x41nm_808nm_2W,2709.0,31.0109,4.2852,0
B-GNR_10x41nm_808nm_2W,2710.0,30.9992,4.2735,0
B-GNR_10x41nm_808nm_2W,2711.0,30.9875,4.2619,0
B-GNR_10x41nm_808nm_2W,2712.0,30.9759,4.2502,0
B-GNR_10x41nm_808nm_2W,2713.0,30.9643,4.2386,0
B-GNR_10x41nm_808nm_2W,2714.0,30.9527,4.227,0
B-GNR_10x41nm_808nm_2W,2715.0,30.9411,4.2155,0
B-GNR_10x41nm_808nm_2W,2716.0,30.9296,4.2039,0
B-GNR_10x41nm_808nm_2W,2717.0,30.9181,4.1925,0
B-GNR_10x41nm_808nm_2W,2718.0,30.9067,4.181,0
B-GNR_10x41nm_808nm_2W,2719.0,30.8952,4.1696,0
B-GNR_10x41nm_808nm_2W,2720.0,30.8838,4.1582,0
B-GNR_10x41nm_808nm_2W,2721.0,30.8725,4.1468,0
B-GNR_10x41nm_808nm_2W,2722.0,30.8612,4.1355,0
B-GNR_10x41nm_808nm_2W,2723.0,30.8499,4.1242,0
B-GNR_10x41nm_808nm_2W,2724.0,30.8386,4.1129,0
B-GNR_10x41nm_808nm_2W,2725.0,30.8273,4.1017,0
B-GNR_10x41nm_808nm_2W,2726.0,30.8161,4.0905,0
B-GNR_10x41nm_808nm_2W,2727.0,30.805,4.0793,0
B-GNR_10x41nm_808nm_2W,2728.0,30.7938,4.0682,0
B-GNR_10x41nm_808nm_2W,2729.0,30.7827,4.057,0
B-GNR_10x41nm_808nm_2W,2730.0,30.7716,4.0459,0
B-GNR_10x41nm_808nm_2W,2731.0,30.7606,4.0349,0
B-GNR_10x41nm_808nm_2W,2732.0,30.7495,4.0239,0
B-GNR_10x41nm_808nm_2W,2733.0,30.7385,4.0129,0
B-GNR_10x41nm_808nm_2W,2734.0,30.7276,4.0019,0
B-GNR_10x41nm_808nm_2W,2735.0,30.7166,3.991,0
B-GNR_10x41nm_808nm_2W,2736.0,30.7057,3.9801,0
B-GNR_10x41nm_808nm_2W,2737.0,30.6949,3.9692,0
B-GNR_10x41nm_808nm_2W,2738.0,30.684,3.9583,0
B-GNR_10x41nm_808nm_2W,2739.0,30.6732,3.9475,0
B-GNR_10x41nm_808nm_2W,2740.0,30.6624,3.9367,0
B-GNR_10x41nm_808nm_2W,2741.0,30.6517,3.926,0
B-GNR_10x41nm_808nm_2W,2742.0,30.6409,3.9153,0
B-GNR_10x41nm_808nm_2W,2743.0,30.6302,3.9046,0
B-GNR_10x41nm_808nm_2W,2744.0,30.6196,3.8939,0
B-GNR_10x41nm_808nm_2W,2745.0,30.6089,3.8833,0
B-GNR_10x41nm_808nm_2W,2746.0,30.5983,3.8726,0
B-GNR_10x41nm_808nm_2W,2747.0,30.5877,3.8621,0
B-GNR_10x41nm_808nm_2W,2748.0,30.5772,3.8515,0
B-GNR_10x41nm_808nm_2W,2749.0,30.5666,3.841,0
B-GNR_10x41nm_808nm_2W,2750.0,30.5562,3.8305,0
B-GNR_10x41nm_808nm_2W,2751.0,30.5457,3.82,0
B-GNR_10x41nm_808nm_2W,2752.0,30.5352,3.8096,0
B-GNR_10x41nm_808nm_2W,2753.0,30.5248,3.7992,0
B-GNR_10x41nm_808nm_2W,2754.0,30.5145,3.7888,0
B-GNR_10x41nm_808nm_2W,2755.0,30.5041,3.7784,0
B-GNR_10x41nm_808nm_2W,2756.0,30.4938,3.7681,0
B-GNR_10x41nm_808nm_2W,2757.0,30.4835,3.7578,0
B-GNR_10x41nm_808nm_2W,2758.0,30.4732,3.7475,0
B-GNR_10x41nm_808nm_2W,2759.0,30.463,3.7373,0
B-GNR_10x41nm_808nm_2W,2760.0,30.4528,3.7271,0
B-GNR_10x41nm_808nm_2W,2761.0,30.4426,3.7169,0
B-GNR_10x41nm_808nm_2W,2762.0,30.4324,3.7068,0
B-GNR_10x41nm_808nm_2W,2763.0,30.4223,3.6966,0
B-GNR_10x41nm_808nm_2W,2764.0,30.4122,3.6865,0
B-GNR_10x41nm_808nm_2W,2765.0,30.4021,3.6765,0
B-GNR_10x41nm_808nm_2W,2766.0,30.3921,3.6664,0
B-GNR_10x41nm_808nm_2W,2767.0,30.3821,3.6564,0
B-GNR_10x41nm_808nm_2W,2768.0,30.3721,3.6464,0
B-GNR_10x41nm_808nm_2W,2769.0,30.3621,3.6364,0
B-GNR_10x41nm_808nm_2W,2770.0,30.3522,3.6265,0
B-GNR_10x41nm_808nm_2W,2771.0,30.3423,3.6166,0
B-GNR_10x41nm_808nm_2W,2772.0,30.3324,3.6067,0
B-GNR_10x41nm_808nm_2W,2773.0,30.3225,3.5969,0
B-GNR_10x41nm_808nm_2W,2774.0,30.3127,3.587,0
B-GNR_10x41nm_808nm_2W,2775.0,30.3029,3.5772,0
B-GNR_10x41nm_808nm_2W,2776.0,30.2931,3.5674,0
B-GNR_10x41nm_808nm_2W,2777.0,30.2834,3.5577,0
B-GNR_10x41nm_808nm_2W,2778.0,30.2736,3.548,0
B-GNR_10x41nm_808nm_2W,2779.0,30.2639,3.5383,0
B-GNR_10x41nm_808nm_2W,2780.0,30.2543,3.5286,0
B-GNR_10x41nm_808nm_2W,2781.0,30.2446,3.519,0
B-GNR_10x41nm_808nm_2W,2782.0,30.235,3.5094,0
B-GNR_10x41nm_808nm_2W,2783.0,30.2254,3.4998,0
B-GNR_10x41nm_808nm_2W,2784.0,30.2159,3.4902,0
B-GNR_10x41nm_808nm_2W,2785.0,30.2063,3.4807,0
B-GNR_10x41nm_808nm_2W,2786.0,30.1968,3.4712,0
B-GNR_10x41nm_808nm_2W,2787.0,30.1873,3.4617,0
B-GNR_10x41nm_808nm_2W,2788.0,30.1779,3.4522,0
B-GNR_10x41nm_808nm_2W,2789.0,30.1684,3.4428,0
B-GNR_10x41nm_808nm_2W,2790.0,30.159,3.4334,0
B-GNR_10x41nm_808nm_2W,2791.0,30.1497,3.424,0
B-GNR_10x41nm_808nm_2W,2792.0,30.1403,3.4146,0
B-GNR_10x41nm_808nm_2W,2793.0,30.131,3.4053,0
B-GNR_10x41nm_808nm_2W,2794.0,30.1217,3.396,0
B-GNR_10x41nm_808nm_2W,2795.0,30.1124,3.3867,0
B-GNR_10x41nm_808nm_2W,2796.0,30.1031,3.3775,0
B-GNR_10x41nm_808nm_2W,2797.0,30.0939,3.3682,0
B-GNR_10x41nm_808nm_2W,2798.0,30.0847,3.359,0
B-GNR_10x41nm_808nm_2W,2799.0,30.0755,3.3499,0
B-GNR_10x41nm_808nm_2W,2800.0,30.0664,3.3407,0
B-GNR_10x41nm_808nm_2W,2801.0,30.0572,3.3316,0
B-GNR_10x41nm_808nm_2W,2802.0,30.0481,3.3225,0
B-GNR_10x41nm_808nm_2W,2803.0,30.0391,3.3134,0
B-GNR_10x41nm_808nm_2W,2804.0,30.03,3.3043,0
B-GNR_10x41nm_808nm_2W,2805.0,30.021,3.2953,0
B-GNR_10x41nm_808nm_2W,2806.0,30.012,3.2863,0
B-GNR_10x41nm_808nm_2W,2807.0,30.003,3.2773,0
B-GNR_10x41nm_808nm_2W,2808.0,29.994,3.2684,0
B-GNR_10x41nm_808nm_2W,2809.0,29.9851,3.2594,0
B-GNR_10x41nm_808nm_2W,2810.0,29.9762,3.2505,0
B-GNR_10x41nm_808nm_2W,2811.0,29.9673,3.2416,0
B-GNR_10x41nm_808nm_2W,2812.0,29.9585,3.2328,0
B-GNR_10x41nm_808nm_2W,2813.0,29.9496,3.224,0
B-GNR_10x41nm_808nm_2W,2814.0,29.9408,3.2151,0
B-GNR_10x41nm_808nm_2W,2815.0,29.932,3.2064,0
B-GNR_10x41nm_808nm_2W,2816.0,29.9233,3.1976,0
B-GNR_10x41nm_808nm_2W,2817.0,29.9145,3.1889,0
B-GNR_10x41nm_808nm_2W,2818.0,29.9058,3.1802,0
B-GNR_10x41nm_808nm_2W,2819.0,29.8971,3.1715,0
B-GNR_10x41nm_808nm_2W,2820.0,29.8885,3.1628,0
B-GNR_10x41nm_808nm_2W,2821.0,29.8798,3.1542,0
B-GNR_10x41nm_808nm_2W,2822.0,29.8712,3.1455,0
B-GNR_10x41nm_808nm_2W,2823.0,29.8626,3.1369,0
B-GNR_10x41nm_808nm_2W,2824.0,29.854,3.1284,0
B-GNR_10x41nm_808nm_2W,2825.0,29.8455,3.1198,0
B-GNR_10x41nm_808nm_2W,2826.0,29.837,3.1113,0
B-GNR_10x41nm_808nm_2W,2827.0,29.8285,3.1028,0
B-GNR_10x41nm_808nm_2W,2828.0,29.82,3.0943,0
B-GNR_10x41nm_808nm_2W,2829.0,29.8115,3.0859,0
B-GNR_10x41nm_808nm_2W,2830.0,29.8031,3.0774,0
B-GNR_10x41nm_808nm_2W,2831.0,29.7947,3.069,0
B-GNR_10x41nm_808nm_2W,2832.0,29.7863,3.0606,0
B-GNR_10x41nm_808nm_2W,2833.0,29.7779,3.0523,0
B-GNR_10x41nm_808nm_2W,2834.0,29.7696,3.0439,0
B-GNR_10x41nm_808nm_2W,2835.0,29.7613,3.0356,0
B-GNR_10x41nm_808nm_2W,2836.0,29.753,3.0273,0
B-GNR_10x41nm_808nm_2W,2837.0,29.7447,3.019,0
B-GNR_10x41nm_808nm_2W,2838.0,29.7365,3.0108,0
B-GNR_10x41nm_808nm_2W,2839.0,29.7282,3.0026,0
B-GNR_10x41nm_808nm_2W,2840.0,29.72,2.9944,0
B-GNR_10x41nm_808nm_2W,2841.0,29.7118,2.9862,0
B-GNR_10x41nm_808nm_2W,2842.0,29.7037,2.978,0
B-GNR_10x41nm_808nm_2W,2843.0,29.6955,2.9699,0
B-GNR_10x41nm_808nm_2W,2844.0,29.6874,2.9618,0
B-GNR_10x41nm_808nm_2W,2845.0,29.6793,2.9537,0
B-GNR_10x41nm_808nm_2W,2846.0,29.6713,2.9456,0
B-GNR_10x41nm_808nm_2W,2847.0,29.6632,2.9376,0
B-GNR_10x41nm_808nm_2W,2848.0,29.6552,2.9295,0
B-GNR_10x41nm_808nm_2W,2849.0,29.6472,2.9215,0
B-GNR_10x41nm_808nm_2W,2850.0,29.6392,2.9135,0
B-GNR_10x41nm_808nm_2W,2851.0,29.6312,2.9056,0
B-GNR_10x41nm_808nm_2W,2852.0,29.6233,2.8976,0
B-GNR_10x41nm_808nm_2W,2853.0,29.6154,2.8897,0
B-GNR_10x41nm_808nm_2W,2854.0,29.6075,2.8818,0
B-GNR_10x41nm_808nm_2W,2855.0,29.5996,2.874,0
B-GNR_10x41nm_808nm_2W,2856.0,29.5918,2.8661,0
B-GNR_10x41nm_808nm_2W,2857.0,29.5839,2.8583,0
B-GNR_10x41nm_808nm_2W,2858.0,29.5761,2.8505,0
B-GNR_10x41nm_808nm_2W,2859.0,29.5683,2.8427,0
B-GNR_10x41nm_808nm_2W,2860.0,29.5606,2.8349,0
B-GNR_10x41nm_808nm_2W,2861.0,29.5528,2.8272,0
B-GNR_10x41nm_808nm_2W,2862.0,29.5451,2.8194,0
B-GNR_10x41nm_808nm_2W,2863.0,29.5374,2.8117,0
B-GNR_10x41nm_808nm_2W,2864.0,29.5297,2.804,0
B-GNR_10x41nm_808nm_2W,2865.0,29.522,2.7964,0
B-GNR_10x41nm_808nm_2W,2866.0,29.5144,2.7887,0
B-GNR_10x41nm_808nm_2W,2867.0,29.5068,2.7811,0
B-GNR_10x41nm_808nm_2W,2868.0,29.4992,2.7735,0
B-GNR_10x41nm_808nm_2W,2869.0,29.4916,2.7659,0
B-GNR_10x41nm_808nm_2W,2870.0,29.484,2.7584,0
B-GNR_10x41nm_808nm_2W,2871.0,29.4765,2.7508,0
B-GNR_10x41nm_808nm_2W,2872.0,29.469,2.7433,0
B-GNR_10x41nm_808nm_2W,2873.0,29.4615,2.7358,0
B-GNR_10x41nm_808nm_2W,2874.0,29.454,2.7284,0
B-GNR_10x41nm_808nm_2W,2875.0,29.4466,2.7209,0
B-GNR_10x41nm_808nm_2W,2876.0,29.4391,2.7135,0
B-GNR_10x41nm_808nm_2W,2877.0,29.4317,2.7061,0
B-GNR_10x41nm_808nm_2W,2878.0,29.4243,2.6987,0
B-GNR_10x41nm_808nm_2W,2879.0,29.417,2.6913,0
B-GNR_10x41nm_808nm_2W,2880.0,29.4096,2.6839,0
B-GNR_10x41nm_808nm_2W,2881.0,29.4023,2.6766,0
B-GNR_10x41nm_808nm_2W,2882.0,29.3949,2.6693,0
B-GNR_10x41nm_808nm_2W,2883.0,29.3877,2.662,0
B-GNR_10x41nm_808nm_2W,2884.0,29.3804,2.6547,0
B-GNR_10x41nm_808nm_2W,2885.0,29.3731,2.6475,0
B-GNR_10x41nm_808nm_2W,2886.0,29.3659,2.6402,0
B-GNR_10x41nm_808nm_2W,2887.0,29.3587,2.633,0
B-GNR_10x41nm_808nm_2W,2888.0,29.3515,2.6258,0
B-GNR_10x41nm_808nm_2W,2889.0,29.3443,2.6186,0
B-GNR_10x41nm_808nm_2W,2890.0,29.3372,2.6115,0
B-GNR_10x41nm_808nm_2W,2891.0,29.33,2.6044,0
B-GNR_10x41nm_808nm_2W,2892.0,29.3229,2.5972,0
B-GNR_10x41nm_808nm_2W,2893.0,29.3158,2.5901,0
B-GNR_10x41nm_808nm_2W,2894.0,29.3087,2.5831,0
B-GNR_10x41nm_808nm_2W,2895.0,29.3017,2.576,0
B-GNR_10x41nm_808nm_2W,2896.0,29.2946,2.569,0
B-GNR_10x41nm_808nm_2W,2897.0,29.2876,2.5619,0
B-GNR_10x41nm_808nm_2W,2898.0,29.2806,2.5549,0
B-GNR_10x41nm_808nm_2W,2899.0,29.2736,2.548,0
B-GNR_10x41nm_808nm_2W,2900.0,29.2667,2.541,0
B-GNR_10x41nm_808nm_2W,2901.0,29.2597,2.5341,0
B-GNR_10x41nm_808nm_2W,2902.0,29.2528,2.5271,0
B-GNR_10x41nm_808nm_2W,2903.0,29.2459,2.5202,0
B-GNR_10x41nm_808nm_2W,2904.0,29.239,2.5133,0
B-GNR_10x41nm_808nm_2W,2905.0,29.2321,2.5065,0
B-GNR_10x41nm_808nm_2W,2906.0,29.2253,2.4996,0
B-GNR_10x41nm_808nm_2W,2907.0,29.2185,2.4928,0
B-GNR_10x41nm_808nm_2W,2908.0,29.2116,2.486,0
B-GNR_10x41nm_808nm_2W,2909.0,29.2049,2.4792,0
B-GNR_10x41nm_808nm_2W,2910.0,29.1981,2.4724,0
B-GNR_10x41nm_808nm_2W,2911.0,29.1913,2.4657,0
B-GNR_10x41nm_808nm_2W,2912.0,29.1846,2.4589,0
B-GNR_10x41nm_808nm_2W,2913.0,29.1779,2.4522,0
B-GNR_10x41nm_808nm_2W,2914.0,29.1712,2.4455,0
B-GNR_10x41nm_808nm_2W,2915.0,29.1645,2.4388,0
B-GNR_10x41nm_808nm_2W,2916.0,29.1578,2.4322,0
B-GNR_10x41nm_808nm_2W,2917.0,29.1512,2.4255,0
B-GNR_10x41nm_808nm_2W,2918.0,29.1445,2.4189,0
B-GNR_10x41nm_808nm_2W,2919.0,29.1379,2.4123,0
B-GNR_10x41nm_808nm_2W,2920.0,29.1313,2.4057,0
B-GNR_10x41nm_808nm_2W,2921.0,29.1248,2.3991,0
B-GNR_10x41nm_808nm_2W,2922.0,29.1182,2.3926,0
B-GNR_10x41nm_808nm_2W,2923.0,29.1117,2.386,0
B-GNR_10x41nm_808nm_2W,2924.0,29.1052,2.3795,0
B-GNR_10x41nm_808nm_2W,2925.0,29.0987,2.373,0
B-GNR_10x41nm_808nm_2W,2926.0,29.0922,2.3665,0
B-GNR_10x41nm_808nm_2W,2927.0,29.0857,2.36,0
B-GNR_10x41nm_808nm_2W,2928.0,29.0793,2.3536,0
B-GNR_10x41nm_808nm_2W,2929.0,29.0728,2.3472,0
B-GNR_10x41nm_808nm_2W,2930.0,29.0664,2.3408,0
B-GNR_10x41nm_808nm_2W,2931.0,29.06,2.3344,0
B-GNR_10x41nm_808nm_2W,2932.0,29.0536,2.328,0
B-GNR_10x41nm_808nm_2W,2933.0,29.0473,2.3216,0
B-GNR_10x41nm_808nm_2W,2934.0,29.0409,2.3153,0
B-GNR_10x41nm_808nm_2W,2935.0,29.0346,2.3089,0
B-GNR_10x41nm_808nm_2W,2936.0,29.0283,2.3026,0
B-GNR_10x41nm_808nm_2W,2937.0,29.022,2.2963,0
B-GNR_10x41nm_808nm_2W,2938.0,29.0157,2.2901,0
B-GNR_10x41nm_808nm_2W,2939.0,29.0095,2.2838,0
B-GNR_10x41nm_808nm_2W,2940.0,29.0032,2.2776,0
B-GNR_10x41nm_808nm_2W,2941.0,28.997,2.2713,0
B-GNR_10x41nm_808nm_2W,2942.0,28.9908,2.2651,0
B-GNR_10x41nm_808nm_2W,2943.0,28.9846,2.259,0
B-GNR_10x41nm_808nm_2W,2944.0,28.9784,2.2528,0
B-GNR_10x41nm_808nm_2W,2945.0,28.9723,2.2466,0
B-GNR_10x41nm_808nm_2W,2946.0,28.9661,2.2405,0
B-GNR_10x41nm_808nm_2W,2947.0,28.96,2.2344,0
B-GNR_10x41nm_808nm_2W,2948.0,28.9539,2.2283,0
B-GNR_10x41nm_808nm_2W,2949.0,28.9478,2.2222,0
B-GNR_10x41nm_808nm_2W,2950.0,28.9418,2.2161,0
B-GNR_10x41nm_808nm_2W,2951.0,28.9357,2.21,0
B-GNR_10x41nm_808nm_2W,2952.0,28.9297,2.204,0
B-GNR_10x41nm_808nm_2W,2953.0,28.9236,2.198,0
B-GNR_10x41nm_808nm_2W,2954.0,28.9176,2.192,0
B-GNR_10x41nm_808nm_2W,2955.0,28.9116,2.186,0
B-GNR_10x41nm_808nm_2W,2956.0,28.9057,2.18,0
B-GNR_10x41nm_808nm_2W,2957.0,28.8997,2.1741,0
B-GNR_10x41nm_808nm_2W,2958.0,28.8938,2.1681,0
B-GNR_10x41nm_808nm_2W,2959.0,28.8879,2.1622,0
B-GNR_10x41nm_808nm_2W,2960.0,28.8819,2.1563,0
B-GNR_10x41nm_808nm_2W,2961.0,28.8761,2.1504,0
B-GNR_10x41nm_808nm_2W,2962.0,28.8702,2.1445,0
B-GNR_10x41nm_808nm_2W,2963.0,28.8643,2.1387,0
B-GNR_10x41nm_808nm_2W,2964.0,28.8585,2.1328,0
B-GNR_10x41nm_808nm_2W,2965.0,28.8526,2.127,0
B-GNR_10x41nm_808nm_2W,2966.0,28.8468,2.1212,0
B-GNR_10x41nm_808nm_2W,2967.0,28.841,2.1154,0
B-GNR_10x41nm_808nm_2W,2968.0,28.8353,2.1096,0
B-GNR_10x41nm_808nm_2W,2969.0,28.8295,2.1038,0
B-GNR_10x41nm_808nm_2W,2970.0,28.8237,2.0981,0
B-GNR_10x41nm_808nm_2W,2971.0,28.818,2.0923,0
B-GNR_10x41nm_808nm_2W,2972.0,28.8123,2.0866,0
B-GNR_10x41nm_808nm_2W,2973.0,28.8066,2.0809,0
B-GNR_10x41nm_808nm_2W,2974.0,28.8009,2.0752,0
B-GNR_10x41nm_808nm_2W,2975.0,28.7952,2.0696,0
B-GNR_10x41nm_808nm_2W,2976.0,28.7896,2.0639,0
B-GNR_10x41nm_808nm_2W,2977.0,28.7839,2.0583,0
B-GNR_10x41nm_808nm_2W,2978.0,28.7783,2.0527,0
B-GNR_10x41nm_808nm_2W,2979.0,28.7727,2.047,0
B-GNR_10x41nm_808nm_2W,2980.0,28.7671,2.0415,0
B-GNR_10x41nm_808nm_2W,2981.0,28.7615,2.0359,0
B-GNR_10x41nm_808nm_2W,2982.0,28.756,2.0303,0
B-GNR_10x41nm_808nm_2W,2983.0,28.7504,2.0248,0
B-GNR_10x41nm_808nm_2W,2984.0,28.7449,2.0192,0
B-GNR_10x41nm_808nm_2W,2985.0,28.7394,2.0137,0
B-GNR_10x41nm_808nm_2W,2986.0,28.7339,2.0082,0
B-GNR_10x41nm_808nm_2W,2987.0,28.7284,2.0027,0
B-GNR_10x41nm_808nm_2W,2988.0,28.7229,1.9972,0
B-GNR_10x41nm_808nm_2W,2989.0,28.7175,1.9918,0
B-GNR_10x41nm_808nm_2W,2990.0,28.712,1.9863,0
B-GNR_10x41nm_808nm_2W,2991.0,28.7066,1.9809,0
B-GNR_10x41nm_808nm_2W,2992.0,28.7012,1.9755,0
B-GNR_10x41nm_808nm_2W,2993.0,28.6958,1.9701,0
B-GNR_10x41nm_808nm_2W,2994.0,28.6904,1.9647,0
B-GNR_10x41nm_808nm_2W,2995.0,28.685,1.9594,0
B-GNR_10x41nm_808nm_2W,2996.0,28.6797,1.954,0
B-GNR_10x41nm_808nm_2W,2997.0,28.6743,1.9487,0
B-GNR_10x41nm_808nm_2W,2998.0,28.669,1.9433,0
B-GNR_10x41nm_808nm_2W,2999.0,28.6637,1.938,0
B-GNR_10x41nm_808nm_2W,3000.0,28.6584,1.9327,0
B-GNR_10x41nm_808nm_2W,3001.0,28.6531,1.9275,0
B-GNR_10x41nm_808nm_2W,3002.0,28.6479,1.9222,0
B-GNR_10x41nm_808nm_2W,3003.0,28.6426,1.9169,0
B-GNR_10x41nm_808nm_2W,3004.0,28.6374,1.9117,0
B-GNR_10x41nm_808nm_2W,3005.0,28.6321,1.9065,0
B-GNR_10x41nm_808nm_2W,3006.0,28.6269,1.9013,0
B-GNR_10x41nm_808nm_2W,3007.0,28.6217,1.8961,0
B-GNR_10x41nm_808nm_2W,3008.0,28.6166,1.8909,0
B-GNR_10x41nm_808nm_2W,3009.0,28.6114,1.8857,0
B-GNR_10x41nm_808nm_2W,3010.0,28.6062,1.8806,0
B-GNR_10x41nm_808nm_2W,3011.0,28.6011,1.8754,0
B-GNR_10x41nm_808nm_2W,3012.0,28.596,1.8703,0
B-GNR_10x41nm_808nm_2W,3013.0,28.5909,1.8652,0
B-GNR_10x41nm_808nm_2W,3014.0,28.5858,1.8601,0
B-GNR_10x41nm_808nm_2W,3015.0,28.5807,1.855,0
B-GNR_10x41nm_808nm_2W,3016.0,28.5756,1.8499,0
B-GNR_10x41nm_808nm_2W,3017.0,28.5706,1.8449,0
B-GNR_10x41nm_808nm_2W,3018.0,28.5655,1.8399,0
B-GNR_10x41nm_808nm_2W,3019.0,28.5605,1.8348,0
B-GNR_10x41nm_808nm_2W,3020.0,28.5555,1.8298,0
B-GNR_10x41nm_808nm_2W,3021.0,28.5505,1.8248,0
B-GNR_10x41nm_808nm_2W,3022.0,28.5455,1.8198,0
B-GNR_10x41nm_808nm_2W,3023.0,28.5405,1.8149,0
B-GNR_10x41nm_808nm_2W,3024.0,28.5356,1.8099,0
B-GNR_10x41nm_808nm_2W,3025.0,28.5306,1.8049,0
B-GNR_10x41nm_808nm_2W,3026.0,28.5257,1.8,0
B-GNR_10x41nm_808nm_2W,3027.0,28.5208,1.7951,0
B-GNR_10x41nm_808nm_2W,3028.0,28.5159,1.7902,0
B-GNR_10x41nm_808nm_2W,3029.0,28.511,1.7853,0
B-GNR_10x41nm_808nm_2W,3030.0,28.5061,1.7804,0
B-GNR_10x41nm_808nm_2W,3031.0,28.5012,1.7756,0
B-GNR_10x41nm_808nm_2W,3032.0,28.4964,1.7707,0
B-GNR_10x41nm_808nm_2W,3033.0,28.4915,1.7659,0
B-GNR_10x41nm_808nm_2W,3034.0,28.4867,1.761,0
B-GNR_10x41nm_808nm_2W,3035.0,28.4819,1.7562,0
B-GNR_10x41nm_808nm_2W,3036.0,28.4771,1.7514,0
B-GNR_10x41nm_808nm_2W,3037.0,28.4723,1.7466,0
B-GNR_10x41nm_808nm_2W,3038.0,28.4675,1.7419,0
B-GNR_10x41nm_808nm_2W,3039.0,28.4628,1.7371,0
B-GNR_10x41nm_808nm_2W,3040.0,28.458,1.7324,0
B-GNR_10x41nm_808nm_2W,3041.0,28.4533,1.7276,0
B-GNR_10x41nm_808nm_2W,3042.0,28.4486,1.7229,0
B-GNR_10x41nm_808nm_2W,3043.0,28.4439,1.7182,0
B-GNR_10x41nm_808nm_2W,3044.0,28.4392,1.7135,0
B-GNR_10x41nm_808nm_2W,3045.0,28.4345,1.7088,0
B-GNR_10x41nm_808nm_2W,3046.0,28.4298,1.7042,0
B-GNR_10x41nm_808nm_2W,3047.0,28.4252,1.6995,0
B-GNR_10x41nm_808nm_2W,3048.0,28.4205,1.6949,0
B-GNR_10x41nm_808nm_2W,3049.0,28.4159,1.6902,0
B-GNR_10x41nm_808nm_2W,3050.0,28.4113,1.6856,0
B-GNR_10x41nm_808nm_2W,3051.0,28.4067,1.681,0
B-GNR_10x41nm_808nm_2W,3052.0,28.4021,1.6764,0
B-GNR_10x41nm_808nm_2W,3053.0,28.3975,1.6718,0
B-GNR_10x41nm_808nm_2W,3054.0,28.3929,1.6673,0
B-GNR_10x41nm_808nm_2W,3055.0,28.3884,1.6627,0
B-GNR_10x41nm_808nm_2W,3056.0,28.3838,1.6582,0
B-GNR_10x41nm_808nm_2W,3057.0,28.3793,1.6536,0
B-GNR_10x41nm_808nm_2W,3058.0,28.3748,1.6491,0
B-GNR_10x41nm_808nm_2W,3059.0,28.3703,1.6446,0
B-GNR_10x41nm_808nm_2W,3060.0,28.3658,1.6401,0
B-GNR_10x41nm_808nm_2W,3061.0,28.3613,1.6356,0
B-GNR_10x41nm_808nm_2W,3062.0,28.3568,1.6312,0
B-GNR_10x41nm_808nm_2W,3063.0,28.3524,1.6267,0
B-GNR_10x41nm_808nm_2W,3064.0,28.3479,1.6223,0
B-GNR_10x41nm_808nm_2W,3065.0,28.3435,1.6178,0
B-GNR_10x41nm_808nm_2W,3066.0,28.3391,1.6134,0
B-GNR_10x41nm_808nm_2W,3067.0,28.3347,1.609,0
B-GNR_10x41nm_808nm_2W,3068.0,28.3303,1.6046,0
B-GNR_10x41nm_808nm_2W,3069.0,28.3259,1.6002,0
B-GNR_10x41nm_808nm_2W,3070.0,28.3215,1.5958,0
B-GNR_10x41nm_808nm_2W,3071.0,28.3171,1.5915,0
B-GNR_10x41nm_808nm_2W,3072.0,28.3128,1.5871,0
B-GNR_10x41nm_808nm_2W,3073.0,28.3085,1.5828,0
B-GNR_10x41nm_808nm_2W,3074.0,28.3041,1.5785,0
B-GNR_10x41nm_808nm_2W,3075.0,28.2998,1.5742,0
B-GNR_10x41nm_808nm_2W,3076.0,28.2955,1.5699,0
B-GNR_10x41nm_808nm_2W,3077.0,28.2912,1.5656,0
B-GNR_10x41nm_808nm_2W,3078.0,28.287,1.5613,0
B-GNR_10x41nm_808nm_2W,3079.0,28.2827,1.557,0
B-GNR_10x41nm_808nm_2W,3080.0,28.2784,1.5528,0
B-GNR_10x41nm_808nm_2W,3081.0,28.2742,1.5485,0
B-GNR_10x41nm_808nm_2W,3082.0,28.27,1.5443,0
B-GNR_10x41nm_808nm_2W,3083.0,28.2657,1.5401,0
B-GNR_10x41nm_808nm_2W,3084.0,28.2615,1.5359,0
B-GNR_10x41nm_808nm_2W,3085.0,28.2573,1.5317,0
B-GNR_10x41nm_808nm_2W,3086.0,28.2531,1.5275,0
B-GNR_10x41nm_808nm_2W,3087.0,28.249,1.5233,0
B-GNR_10x41nm_808nm_2W,3088.0,28.2448,1.5191,0
B-GNR_10x41nm_808nm_2W,3089.0,28.2407,1.515,0
B-GNR_10x41nm_808nm_2W,3090.0,28.2365,1.5109,0
B-GNR_10x41nm_808nm_2W,3091.0,28.2324,1.5067,0
B-GNR_10x41nm_808nm_2W,3092.0,28.2283,1.5026,0
B-GNR_10x41nm_808nm_2W,3093.0,28.2242,1.4985,0
B-GNR_10x41nm_808nm_2W,3094.0,28.2201,1.4944,0
B-GNR_10x41nm_808nm_2W,3095.0,28.216,1.4903,0
B-GNR_10x41nm_808nm_2W,3096.0,28.2119,1.4863,0
B-GNR_10x41nm_808nm_2W,3097.0,28.2079,1.4822,0
B-GNR_10x41nm_808nm_2W,3098.0,28.2038,1.4781,0
B-GNR_10x41nm_808nm_2W,3099.0,28.1998,1.4741,0
B-GNR_10x41nm_808nm_2W,3100.0,28.1957,1.4701,0
B-GNR_10x41nm_808nm_2W,3101.0,28.1917,1.4661,0
B-GNR_10x41nm_808nm_2W,3102.0,28.1877,1.4621,0
B-GNR_10x41nm_808nm_2W,3103.0,28.1837,1.4581,0
B-GNR_10x41nm_808nm_2W,3104.0,28.1797,1.4541,0
B-GNR_10x41nm_808nm_2W,3105.0,28.1758,1.4501,0
B-GNR_10x41nm_808nm_2W,3106.0,28.1718,1.4461,0
B-GNR_10x41nm_808nm_2W,3107.0,28.1679,1.4422,0
B-GNR_10x41nm_808nm_2W,3108.0,28.1639,1.4382,0
B-GNR_10x41nm_808nm_2W,3109.0,28.16,1.4343,0
B-GNR_10x41nm_808nm_2W,3110.0,28.1561,1.4304,0
B-GNR_10x41nm_808nm_2W,3111.0,28.1522,1.4265,0
B-GNR_10x41nm_808nm_2W,3112.0,28.1483,1.4226,0
B-GNR_10x41nm_808nm_2W,3113.0,28.1444,1.4187,0
B-GNR_10x41nm_808nm_2W,3114.0,28.1405,1.4148,0
B-GNR_10x41nm_808nm_2W,3115.0,28.1366,1.411,0
B-GNR_10x41nm_808nm_2W,3116.0,28.1328,1.4071,0
B-GNR_10x41nm_808nm_2W,3117.0,28.1289,1.4033,0
B-GNR_10x41nm_808nm_2W,3118.0,28.1251,1.3994,0
B-GNR_10x41nm_808nm_2W,3119.0,28.1213,1.3956,0
B-GNR_10x41nm_808nm_2W,3120.0,28.1175,1.3918,0
B-GNR_10x41nm_808nm_2W,3121.0,28.1136,1.388,0
B-GNR_10x41nm_808nm_2W,3122.0,28.1099,1.3842,0
B-GNR_10x41nm_808nm_2W,3123.0,28.1061,1.3804,0
B-GNR_10x41nm_808nm_2W,3124.0,28.1023,1.3766,0
B-GNR_10x41nm_808nm_2W,3125.0,28.0985,1.3729,0
B-GNR_10x41nm_808nm_2W,3126.0,28.0948,1.3691,0
B-GNR_10x41nm_808nm_2W,3127.0,28.091,1.3654,0
B-GNR_10x41nm_808nm_2W,3128.0,28.0873,1.3617,0
B-GNR_10x41nm_808nm_2W,3129.0,28.0836,1.3579,0
B-GNR_10x41nm_808nm_2W,3130.0,28.0799,1.3542,0
B-GNR_10x41nm_808nm_2W,3131.0,28.0762,1.3505,0
B-GNR_10x41nm_808nm_2W,3132.0,28.0725,1.3468,0
B-GNR_10x41nm_808nm_2W,3133.0,28.0688,1.3432,0
B-GNR_10x41nm_808nm_2W,3134.0,28.0651,1.3395,0
B-GNR_10x41nm_808nm_2W,3135.0,28.0615,1.3358,0
B-GNR_10x41nm_808nm_2W,3136.0,28.0578,1.3322,0
B-GNR_10x41nm_808nm_2W,3137.0,28.0542,1.3285,0
B-GNR_10x41nm_808nm_2W,3138.0,28.0506,1.3249,0
B-GNR_10x41nm_808nm_2W,3139.0,28.0469,1.3213,0
B-GNR_10x41nm_808nm_2W,3140.0,28.0433,1.3177,0
B-GNR_10x41nm_808nm_2W,3141.0,28.0397,1.3141,0
B-GNR_10x41nm_808nm_2W,3142.0,28.0361,1.3105,0
B-GNR_10x41nm_808nm_2W,3143.0,28.0326,1.3069,0
B-GNR_10x41nm_808nm_2W,3144.0,28.029,1.3033,0
B-GNR_10x41nm_808nm_2W,3145.0,28.0254,1.2998,0
B-GNR_10x41nm_808nm_2W,3146.0,28.0219,1.2962,0
B-GNR_10x41nm_808nm_2W,3147.0,28.0183,1.2927,0
B-GNR_10x41nm_808nm_2W,3148.0,28.0148,1.2891,0
B-GNR_10x41nm_808nm_2W,3149.0,28.0113,1.2856,0
B-GNR_10x41nm_808nm_2W,3150.0,28.0078,1.2821,0
B-GNR_10x41nm_808nm_2W,3151.0,28.0043,1.2786,0
B-GNR_10x41nm_808nm_2W,3152.0,28.0008,1.2751,0
B-GNR_10x41nm_808nm_2W,3153.0,27.9973,1.2716,0
B-GNR_10x41nm_808nm_2W,3154.0,27.9938,1.2681,0
B-GNR_10x41nm_808nm_2W,3155.0,27.9903,1.2647,0
B-GNR_10x41nm_808nm_2W,3156.0,27.9869,1.2612,0
B-GNR_10x41nm_808nm_2W,3157.0,27.9834,1.2578,0
B-GNR_10x41nm_808nm_2W,3158.0,27.98,1.2543,0
B-GNR_10x41nm_808nm_2W,3159.0,27.9766,1.2509,0
B-GNR_10x41nm_808nm_2W,3160.0,27.9732,1.2475,0
B-GNR_10x41nm_808nm_2W,3161.0,27.9698,1.2441,0
B-GNR_10x41nm_808nm_2W,3162.0,27.9664,1.2407,0
B-GNR_10x41nm_808nm_2W,3163.0,27.963,1.2373,0
B-GNR_10x41nm_808nm_2W,3164.0,27.9596,1.2339,0
B-GNR_10x41nm_808nm_2W,3165.0,27.9562,1.2305,0
B-GNR_10x41nm_808nm_2W,3166.0,27.9528,1.2272,0
B-GNR_10x41nm_808nm_2W,3167.0,27.9495,1.2238,0
B-GNR_10x41nm_808nm_2W,3168.0,27.9462,1.2205,0
B-GNR_10x41nm_808nm_2W,3169.0,27.9428,1.2172,0
B-GNR_10x41nm_808nm_2W,3170.0,27.9395,1.2138,0
B-GNR_10x41nm_808nm_2W,3171.0,27.9362,1.2105,0
B-GNR_10x41nm_808nm_2W,3172.0,27.9329,1.2072,0
B-GNR_10x41nm_808nm_2W,3173.0,27.9296,1.2039,0
B-GNR_10x41nm_808nm_2W,3174.0,27.9263,1.2006,0
B-GNR_10x41nm_808nm_2W,3175.0,27.923,1.1973,0
B-GNR_10x41nm_808nm_2W,3176.0,27.9197,1.1941,0
B-GNR_10x41nm_808nm_2W,3177.0,27.9165,1.1908,0
B-GNR_10x41nm_808nm_2W,3178.0,27.9132,1.1875,0
B-GNR_10x41nm_808nm_2W,3179.0,27.91,1.1843,0
B-GNR_10x41nm_808nm_2W,3180.0,27.9067,1.1811,0
B-GNR_10x41nm_808nm_2W,3181.0,27.9035,1.1778,0
B-GNR_10x41nm_808nm_2W,3182.0,27.9003,1.1746,0
B-GNR_10x41nm_808nm_2W,3183.0,27.8971,1.1714,0
B-GNR_10x41nm_808nm_2W,3184.0,27.8939,1.1682,0
B-GNR_10x41nm_808nm_2W,3185.0,27.8907,1.165,0
B-GNR_10x41nm_808nm_2W,3186.0,27.8875,1.1618,0
B-GNR_10x41nm_808nm_2W,3187.0,27.8843,1.1587,0
B-GNR_10x41nm_808nm_2W,3188.0,27.8812,1.1555,0
B-GNR_10x41nm_808nm_2W,3189.0,27.878,1.1523,0
B-GNR_10x41nm_808nm_2W,3190.0,27.8749,1.1492,0
B-GNR_10x41nm_808nm_2W,3191.0,27.8717,1.146,0
B-GNR_10x41nm_808nm_2W,3192.0,27.8686,1.1429,0
B-GNR_10x41nm_808nm_2W,3193.0,27.8655,1.1398,0
B-GNR_10x41nm_808nm_2W,3194.0,27.8623,1.1367,0
B-GNR_10x41nm_808nm_2W,3195.0,27.8592,1.1336,0
B-GNR_10x41nm_808nm_2W,3196.0,27.8561,1.1305,0
B-GNR_10x41nm_808nm_2W,3197.0,27.853,1.1274,0
B-GNR_10x41nm_808nm_2W,3198.0,27.85,1.1243,0
B-GNR_10x41nm_808nm_2W,3199.0,27.8469,1.1212,0
B-GNR_10x41nm_808nm_2W,3200.0,27.8438,1.1182,0
B-GNR_10x41nm_808nm_2W,3201.0,27.8408,1.1151,0
B-GNR_10x41nm_808nm_2W,3202.0,27.8377,1.1121,0
B-GNR_10x41nm_808nm_2W,3203.0,27.8347,1.109,0
B-GNR_10x41nm_808nm_2W,3204.0,27.8317,1.106,0
B-GNR_10x41nm_808nm_2W,3205.0,27.8286,1.103,0
B-GNR_10x41nm_808nm_2W,3206.0,27.8256,1.1,0
B-GNR_10x41nm_808nm_2W,3207.0,27.8226,1.097,0
B-GNR_10x41nm_808nm_2W,3208.0,27.8196,1.094,0
B-GNR_10x41nm_808nm_2W,3209.0,27.8166,1.091,0
B-GNR_10x41nm_808nm_2W,3210.0,27.8137,1.088,0
B-GNR_10x41nm_808nm_2W,3211.0,27.8107,1.085,0
B-GNR_10x41nm_808nm_2W,3212.0,27.8077,1.0821,0
B-GNR_10x41nm_808nm_2W,3213.0,27.8048,1.0791,0
B-GNR_10x41nm_808nm_2W,3214.0,27.8018,1.0761,0
B-GNR_10x41nm_808nm_2W,3215.0,27.7989,1.0732,0
B-GNR_10x41nm_808nm_2W,3216.0,27.7959,1.0703,0
B-GNR_10x41nm_808nm_2W,3217.0,27.793,1.0673,0
B-GNR_10x41nm_808nm_2W,3218.0,27.7901,1.0644,0
B-GNR_10x41nm_808nm_2W,3219.0,27.7872,1.0615,0
B-GNR_10x41nm_808nm_2W,3220.0,27.7843,1.0586,0
B-GNR_10x41nm_808nm_2W,3221.0,27.7814,1.0557,0
B-GNR_10x41nm_808nm_2W,3222.0,27.7785,1.0528,0
B-GNR_10x41nm_808nm_2W,3223.0,27.7756,1.05,0
B-GNR_10x41nm_808nm_2W,3224.0,27.7728,1.0471,0
B-GNR_10x41nm_808nm_2W,3225.0,27.7699,1.0442,0
B-GNR_10x41nm_808nm_2W,3226.0,27.767,1.0414,0
B-GNR_10x41nm_808nm_2W,3227.0,27.7642,1.0385,0
B-GNR_10x41nm_808nm_2W,3228.0,27.7614,1.0357,0
B-GNR_10x41nm_808nm_2W,3229.0,27.7585,1.0329,0
B-GNR_10x41nm_808nm_2W,3230.0,27.7557,1.03,0
B-GNR_10x41nm_808nm_2W,3231.0,27.7529,1.0272,0
B-GNR_10x41nm_808nm_2W,3232.0,27.7501,1.0244,0
B-GNR_10x41nm_808nm_2W,3233.0,27.7473,1.0216,0
B-GNR_10x41nm_808nm_2W,3234.0,27.7445,1.0188,0
B-GNR_10x41nm_808nm_2W,3235.0,27.7417,1.0161,0
B-GNR_10x41nm_808nm_2W,3236.0,27.7389,1.0133,0
B-GNR_10x41nm_808nm_2W,3237.0,27.7362,1.0105,0
B-GNR_10x41nm_808nm_2W,3238.0,27.7334,1.0077,0
B-GNR_10x41nm_808nm_2W,3239.0,27.7307,1.005,0
B-GNR_10x41nm_808nm_2W,3240.0,27.7279,1.0022,0
B-GNR_10x41nm_808nm_2W,3241.0,27.7252,0.9995,0
B-GNR_10x41nm_808nm_2W,3242.0,27.7224,0.9968,0
B-GNR_10x41nm_808nm_2W,3243.0,27.7197,0.9941,0
B-GNR_10x41nm_808nm_2W,3244.0,27.717,0.9913,0
B-GNR_10x41nm_808nm_2W,3245.0,27.7143,0.9886,0
B-GNR_10x41nm_808nm_2W,3246.0,27.7116,0.9859,0
B-GNR_10x41nm_808nm_2W,3247.0,27.7089,0.9832,0
B-GNR_10x41nm_808nm_2W,3248.0,27.7062,0.9805,0
B-GNR_10x41nm_808nm_2W,3249.0,27.7035,0.9779,0
B-GNR_10x41nm_808nm_2W,3250.0,27.7009,0.9752,0
B-GNR_10x41nm_808nm_2W,3251.0,27.6982,0.9725,0
B-GNR_10x41nm_808nm_2W,3252.0,27.6955,0.9699,0
B-GNR_10x41nm_808nm_2W,3253.0,27.6929,0.9672,0
B-GNR_10x41nm_808nm_2W,3254.0,27.6902,0.9646,0
B-GNR_10x41nm_808nm_2W,3255.0,27.6876,0.9619,0
B-GNR_10x41nm_808nm_2W,3256.0,27.685,0.9593,0
B-GNR_10x41nm_808nm_2W,3257.0,27.6824,0.9567,0
B-GNR_10x41nm_808nm_2W,3258.0,27.6797,0.9541,0
B-GNR_10x41nm_808nm_2W,3259.0,27.6771,0.9515,0
B-GNR_10x41nm_808nm_2W,3260.0,27.6745,0.9489,0
B-GNR_10x41nm_808nm_2W,3261.0,27.6719,0.9463,0
B-GNR_10x41nm_808nm_2W,3262.0,27.6694,0.9437,0
B-GNR_10x41nm_808nm_2W,3263.0,27.6668,0.9411,0
B-GNR_10x41nm_808nm_2W,3264.0,27.6642,0.9385,0
B-GNR_10x41nm_808nm_2W,3265.0,27.6616,0.936,0
B-GNR_10x41nm_808nm_2W,3266.0,27.6591,0.9334,0
B-GNR_10x41nm_808nm_2W,3267.0,27.6565,0.9309,0
B-GNR_10x41nm_808nm_2W,3268.0,27.654,0.9283,0
B-GNR_10x41nm_808nm_2W,3269.0,27.6515,0.9258,0
B-GNR_10x41nm_808nm_2W,3270.0,27.6489,0.9233,0
B-GNR_10x41nm_808nm_2W,3271.0,27.6464,0.9207,0
B-GNR_10x41nm_808nm_2W,3272.0,27.6439,0.9182,0
B-GNR_10x41nm_808nm_2W,3273.0,27.6414,0.9157,0
B-GNR_10x41nm_808nm_2W,3274.0,27.6389,0.9132,0
B-GNR_10x41nm_808nm_2W,3275.0,27.6364,0.9107,0
B-GNR_10x41nm_808nm_2W,3276.0,27.6339,0.9082,0
B-GNR_10x41nm_808nm_2W,3277.0,27.6314,0.9057,0
B-GNR_10x41nm_808nm_2W,3278.0,27.6289,0.9033,0
B-GNR_10x41nm_808nm_2W,3279.0,27.6265,0.9008,0
B-GNR_10x41nm_808nm_2W,3280.0,27.624,0.8983,0
B-GNR_10x41nm_808nm_2W,3281.0,27.6215,0.8959,0
B-GNR_10x41nm_808nm_2W,3282.0,27.6191,0.8934,0
B-GNR_10x41nm_808nm_2W,3283.0,27.6167,0.891,0
B-GNR_10x41nm_808nm_2W,3284.0,27.6142,0.8886,0
B-GNR_10x41nm_808nm_2W,3285.0,27.6118,0.8861,0
B-GNR_10x41nm_808nm_2W,3286.0,27.6094,0.8837,0
B-GNR_10x41nm_808nm_2W,3287.0,27.607,0.8813,0
B-GNR_10x41nm_808nm_2W,3288.0,27.6046,0.8789,0
B-GNR_10x41nm_808nm_2W,3289.0,27.6022,0.8765,0
B-GNR_10x41nm_808nm_2W,3290.0,27.5998,0.8741,0
B-GNR_10x41nm_808nm_2W,3291.0,27.5974,0.8717,0
B-GNR_10x41nm_808nm_2W,3292.0,27.595,0.8693,0
B-GNR_10x41nm_808nm_2W,3293.0,27.5926,0.8669,0
B-GNR_10x41nm_808nm_2W,3294.0,27.5902,0.8646,0
B-GNR_10x41nm_808nm_2W,3295.0,27.5879,0.8622,0
B-GNR_10x41nm_808nm_2W,3296.0,27.5855,0.8599,0
B-GNR_10x41nm_808nm_2W,3297.0,27.5832,0.8575,0
B-GNR_10x41nm_808nm_2W,3298.0,27.5808,0.8552,0
B-GNR_10x41nm_808nm_2W,3299.0,27.5785,0.8528,0
B-GNR_10x41nm_808nm_2W,3300.0,27.5762,0.8505,0
B-GNR_10x41nm_808nm_2W,3301.0,27.5738,0.8482,0
B-GNR_10x41nm_808nm_2W,3302.0,27.5715,0.8459,0
B-GNR_10x41nm_808nm_2W,3303.0,27.5692,0.8435,0
B-GNR_10x41nm_808nm_2W,3304.0,27.5669,0.8412,0
B-GNR_10x41nm_808nm_2W,3305.0,27.5646,0.8389,0
B-GNR_10x41nm_808nm_2W,3306.0,27.5623,0.8367,0
B-GNR_10x41nm_808nm_2W,3307.0,27.56,0.8344,0
B-GNR_10x41nm_808nm_2W,3308.0,27.5577,0.8321,0
B-GNR_10x41nm_808nm_2W,3309.0,27.5555,0.8298,0
B-GNR_10x41nm_808nm_2W,3310.0,27.5532,0.8275,0
B-GNR_10x41nm_808nm_2W,3311.0,27.5509,0.8253,0
B-GNR_10x41nm_808nm_2W,3312.0,27.5487,0.823,0
B-GNR_10x41nm_808nm_2W,3313.0,27.5464,0.8208,0
B-GNR_10x41nm_808nm_2W,3314.0,27.5442,0.8185,0
B-GNR_10x41nm_808nm_2W,3315.0,27.542,0.8163,0
B-GNR_10x41nm_808nm_2W,3316.0,27.5397,0.8141,0
B-GNR_10x41nm_808nm_2W,3317.0,27.5375,0.8118,0
B-GNR_10x41nm_808nm_2W,3318.0,27.5353,0.8096,0
B-GNR_10x41nm_808nm_2W,3319.0,27.5331,0.8074,0
B-GNR_10x41nm_808nm_2W,3320.0,27.5309,0.8052,0
B-GNR_10x41nm_808nm_2W,3321.0,27.5287,0.803,0
B-GNR_10x41nm_808nm_2W,3322.0,27.5265,0.8008,0
B-GNR_10x41nm_808nm_2W,3323.0,27.5243,0.7986,0
B-GNR_10x41nm_808nm_2W,3324.0,27.5221,0.7964,0
B-GNR_10x41nm_808nm_2W,3325.0,27.5199,0.7943,0
B-GNR_10x41nm_808nm_2W,3326.0,27.5178,0.7921,0
B-GNR_10x41nm_808nm_2W,3327.0,27.5156,0.7899,0
B-GNR_10x41nm_808nm_2W,3328.0,27.5134,0.7878,0
B-GNR_10x41nm_808nm_2W,3329.0,27.5113,0.7856,0
B-GNR_10x41nm_808nm_2W,3330.0,27.5091,0.7835,0
B-GNR_10x41nm_808nm_2W,3331.0,27.507,0.7813,0
B-GNR_10x41nm_808nm_2W,3332.0,27.5049,0.7792,0
B-GNR_10x41nm_808nm_2W,3333.0,27.5027,0.7771,0
B-GNR_10x41nm_808nm_2W,3334.0,27.5006,0.7749,0
B-GNR_10x41nm_808nm_2W,3335.0,27.4985,0.7728,0
B-GNR_10x41nm_808nm_2W,3336.0,27.4964,0.7707,0
B-GNR_10x41nm_808nm_2W,3337.0,27.4943,0.7686,0
B-GNR_10x41nm_808nm_2W,3338.0,27.4922,0.7665,0
B-GNR_10x41nm_808nm_2W,3339.0,27.4901,0.7644,0
B-GNR_10x41nm_808nm_2W,3340.0,27.488,0.7623,0
B-GNR_10x41nm_808nm_2W,3341.0,27.4859,0.7602,0
B-GNR_10x41nm_808nm_2W,3342.0,27.4838,0.7582,0
B-GNR_10x41nm_808nm_2W,3343.0,27.4818,0.7561,0
B-GNR_10x41nm_808nm_2W,3344.0,27.4797,0.754,0
B-GNR_10x41nm_808nm_2W,3345.0,27.4776,0.752,0
B-GNR_10x41nm_808nm_2W,3346.0,27.4756,0.7499,0
B-GNR_10x41nm_808nm_2W,3347.0,27.4735,0.7479,0
B-GNR_10x41nm_808nm_2W,3348.0,27.4715,0.7458,0
B-GNR_10x41nm_808nm_2W,3349.0,27.4694,0.7438,0
B-GNR_10x41nm_808nm_2W,3350.0,27.4674,0.7418,0
B-GNR_10x41nm_808nm_2W,3351.0,27.4654,0.7397,0
B-GNR_10x41nm_808nm_2W,3352.0,27.4634,0.7377,0
B-GNR_10x41nm_808nm_2W,3353.0,27.4614,0.7357,0
B-GNR_10x41nm_808nm_2W,3354.0,27.4593,0.7337,0
B-GNR_10x41nm_808nm_2W,3355.0,27.4573,0.7317,0
B-GNR_10x41nm_808nm_2W,3356.0,27.4553,0.7297,0
B-GNR_10x41nm_808nm_2W,3357.0,27.4533,0.7277,0
B-GNR_10x41nm_808nm_2W,3358.0,27.4514,0.7257,0
B-GNR_10x41nm_808nm_2W,3359.0,27.4494,0.7237,0
B-GNR_10x41nm_808nm_2W,3360.0,27.4474,0.7217,0
B-GNR_10x41nm_808nm_2W,3361.0,27.4454,0.7198,0
B-GNR_10x41nm_808nm_2W,3362.0,27.4435,0.7178,0
B-GNR_10x41nm_808nm_2W,3363.0,27.4415,0.7158,0
B-GNR_10x41nm_808nm_2W,3364.0,27.4395,0.7139,0
B-GNR_10x41nm_808nm_2W,3365.0,27.4376,0.7119,0
B-GNR_10x41nm_808nm_2W,3366.0,27.4356,0.71,0
B-GNR_10x41nm_808nm_2W,3367.0,27.4337,0.708,0
B-GNR_10x41nm_808nm_2W,3368.0,27.4318,0.7061,0
B-GNR_10x41nm_808nm_2W,3369.0,27.4298,0.7042,0
B-GNR_10x41nm_808nm_2W,3370.0,27.4279,0.7023,0
B-GNR_10x41nm_808nm_2W,3371.0,27.426,0.7003,0
B-GNR_10x41nm_808nm_2W,3372.0,27.4241,0.6984,0
B-GNR_10x41nm_808nm_2W,3373.0,27.4222,0.6965,0
B-GNR_10x41nm_808nm_2W,3374.0,27.4203,0.6946,0
B-GNR_10x41nm_808nm_2W,3375.0,27.4184,0.6927,0
B-GNR_10x41nm_808nm_2W,3376.0,27.4165,0.6908,0
B-GNR_10x41nm_808nm_2W,3377.0,27.4146,0.6889,0
B-GNR_10x41nm_808nm_2W,3378.0,27.4127,0.687,0
B-GNR_10x41nm_808nm_2W,3379.0,27.4108,0.6852,0
B-GNR_10x41nm_808nm_2W,3380.0,27.409,0.6833,0
B-GNR_10x41nm_808nm_2W,3381.0,27.4071,0.6814,0
B-GNR_10x41nm_808nm_2W,3382.0,27.4052,0.6796,0
B-GNR_10x41nm_808nm_2W,3383.0,27.4034,0.6777,0
B-GNR_10x41nm_808nm_2W,3384.0,27.4015,0.6759,0
B-GNR_10x41nm_808nm_2W,3385.0,27.3997,0.674,0
B-GNR_10x41nm_808nm_2W,3386.0,27.3978,0.6722,0
B-GNR_10x41nm_808nm_2W,3387.0,27.396,0.6703,0
B-GNR_10x41nm_808nm_2W,3388.0,27.3942,0.6685,0
B-GNR_10x41nm_808nm_2W,3389.0,27.3923,0.6667,0
B-GNR_10x41nm_808nm_2W,3390.0,27.3905,0.6649,0
B-GNR_10x41nm_808nm_2W,3391.0,27.3887,0.663,0
B-GNR_10x41nm_808nm_2W,3392.0,27.3869,0.6612,0
B-GNR_10x41nm_808nm_2W,3393.0,27.3851,0.6594,0
B-GNR_10x41nm_808nm_2W,3394.0,27.3833,0.6576,0
B-GNR_10x41nm_808nm_2W,3395.0,27.3815,0.6558,0
B-GNR_10x41nm_808nm_2W,3396.0,27.3797,0.654,0
B-GNR_10x41nm_808nm_2W,3397.0,27.3779,0.6522,0
B-GNR_10x41nm_808nm_2W,3398.0,27.3761,0.6505,0
B-GNR_10x41nm_808nm_2W,3399.0,27.3743,0.6487,0
B-GNR_10x41nm_808nm_2W,3400.0,27.3726,0.6469,0
B-GNR_10x41nm_808nm_2W,3401.0,27.3708,0.6451,0
B-GNR_10x41nm_808nm_2W,3402.0,27.369,0.6434,0
B-GNR_10x41nm_808nm_2W,3403.0,27.3673,0.6416,0
B-GNR_10x41nm_808nm_2W,3404.0,27.3655,0.6399,0
B-GNR_10x41nm_808nm_2W,3405.0,27.3638,0.6381,0
B-GNR_10x41nm_808nm_2W,3406.0,27.362,0.6364,0
B-GNR_10x41nm_808nm_2W,3407.0,27.3603,0.6346,0
B-GNR_10x41nm_808nm_2W,3408.0,27.3586,0.6329,0
B-GNR_10x41nm_808nm_2W,3409.0,27.3568,0.6312,0
B-GNR_10x41nm_808nm_2W,3410.0,27.3551,0.6294,0
B-GNR_10x41nm_808nm_2W,3411.0,27.3534,0.6277,0
B-GNR_10x41nm_808nm_2W,3412.0,27.3517,0.626,0
B-GNR_10x41nm_808nm_2W,3413.0,27.35,0.6243,0
B-GNR_10x41nm_808nm_2W,3414.0,27.3483,0.6226,0
B-GNR_10x41nm_808nm_2W,3415.0,27.3466,0.6209,0
B-GNR_10x41nm_808nm_2W,3416.0,27.3449,0.6192,0
B-GNR_10x41nm_808nm_2W,3417.0,27.3432,0.6175,0
B-GNR_10x41nm_808nm_2W,3418.0,27.3415,0.6158,0
B-GNR_10x41nm_808nm_2W,3419.0,27.3398,0.6141,0
B-GNR_10x41nm_808nm_2W,3420.0,27.3381,0.6125,0
B-GNR_10x41nm_808nm_2W,3421.0,27.3364,0.6108,0
B-GNR_10x41nm_808nm_2W,3422.0,27.3348,0.6091,0
B-GNR_10x41nm_808nm_2W,3423.0,27.3331,0.6075,0
B-GNR_10x41nm_808nm_2W,3424.0,27.3315,0.6058,0
B-GNR_10x41nm_808nm_2W,3425.0,27.3298,0.6041,0
B-GNR_10x41nm_808nm_2W,3426.0,27.3281,0.6025,0
B-GNR_10x41nm_808nm_2W,3427.0,27.3265,0.6008,0
B-GNR_10x41nm_808nm_2W,3428.0,27.3249,0.5992,0
B-GNR_10x41nm_808nm_2W,3429.0,27.3232,0.5976,0
B-GNR_10x41nm_808nm_2W,3430.0,27.3216,0.5959,0
B-GNR_10x41nm_808nm_2W,3431.0,27.32,0.5943,0
B-GNR_10x41nm_808nm_2W,3432.0,27.3183,0.5927,0
B-GNR_10x41nm_808nm_2W,3433.0,27.3167,0.5911,0
B-GNR_10x41nm_808nm_2W,3434.0,27.3151,0.5894,0
B-GNR_10x41nm_808nm_2W,3435.0,27.3135,0.5878,0
B-GNR_10x41nm_808nm_2W,3436.0,27.3119,0.5862,0
B-GNR_10x41nm_808nm_2W,3437.0,27.3103,0.5846,0
B-GNR_10x41nm_808nm_2W,3438.0,27.3087,0.583,0
B-GNR_10x41nm_808nm_2W,3439.0,27.3071,0.5814,0
B-GNR_10x41nm_808nm_2W,3440.0,27.3055,0.5798,0
B-GNR_10x41nm_808nm_2W,3441.0,27.3039,0.5783,0
B-GNR_10x41nm_808nm_2W,3442.0,27.3023,0.5767,0
B-GNR_10x41nm_808nm_2W,3443.0,27.3008,0.5751,0
B-GNR_10x41nm_808nm_2W,3444.0,27.2992,0.5735,0
B-GNR_10x41nm_808nm_2W,3445.0,27.2976,0.572,0
B-GNR_10x41nm_808nm_2W,3446.0,27.2961,0.5704,0
B-GNR_10x41nm_808nm_2W,3447.0,27.2945,0.5688,0
B-GNR_10x41nm_808nm_2W,3448.0,27.293,0.5673,0
B-GNR_10x41nm_808nm_2W,3449.0,27.2914,0.5657,0
B-GNR_10x41nm_808nm_2W,3450.0,27.2899,0.5642,0
B-GNR_10x41nm_808nm_2W,3451.0,27.2883,0.5626,0
B-GNR_10x41nm_808nm_2W,3452.0,27.2868,0.5611,0
B-GNR_10x41nm_808nm_2W,3453.0,27.2852,0.5596,0
B-GNR_10x41nm_808nm_2W,3454.0,27.2837,0.558,0
B-GNR_10x41nm_808nm_2W,3455.0,27.2822,0.5565,0
B-GNR_10x41nm_808nm_2W,3456.0,27.2807,0.555,0
B-GNR_10x41nm_808nm_2W,3457.0,27.2792,0.5535,0
B-GNR_10x41nm_808nm_2W,3458.0,27.2776,0.552,0
B-GNR_10x41nm_808nm_2W,3459.0,27.2761,0.5505,0
B-GNR_10x41nm_808nm_2W,3460.0,27.2746,0.549,0
B-GNR_10x41nm_808nm_2W,3461.0,27.2731,0.5475,0
B-GNR_10x41nm_808nm_2W,3462.0,27.2716,0.546,0
B-GNR_10x41nm_808nm_2W,3463.0,27.2701,0.5445,0
B-GNR_10x41nm_808nm_2W,3464.0,27.2687,0.543,0
B-GNR_10x41nm_808nm_2W,3465.0,27.2672,0.5415,0
B-GNR_10x41nm_808nm_2W,3466.0,27.2657,0.54,0
B-GNR_10x41nm_808nm_2W,3467.0,27.2642,0.5385,0
B-GNR_10x41nm_808nm_2W,3468.0,27.2627,0.5371,0
B-GNR_10x41nm_808nm_2W,3469.0,27.2613,0.5356,0
B-GNR_10x41nm_808nm_2W,3470.0,27.2598,0.5341,0
B-GNR_10x41nm_808nm_2W,3471.0,27.2583,0.5327,0
B-GNR_10x41nm_808nm_2W,3472.0,27.2569,0.5312,0
B-GNR_10x41nm_808nm_2W,3473.0,27.2554,0.5298,0
B-GNR_10x41nm_808nm_2W,3474.0,27.254,0.5283,0
B-GNR_10x41nm_808nm_2W,3475.0,27.2526,0.5269,0
B-GNR_10x41nm_808nm_2W,3476.0,27.2511,0.5254,0
B-GNR_10x41nm_808nm_2W,3477.0,27.2497,0.524,0
B-GNR_10x41nm_808nm_2W,3478.0,27.2482,0.5226,0
B-GNR_10x41nm_808nm_2W,3479.0,27.2468,0.5212,0
B-GNR_10x41nm_808nm_2W,3480.0,27.2454,0.5197,0
B-GNR_10x41nm_808nm_2W,3481.0,27.244,0.5183,0
B-GNR_10x41nm_808nm_2W,3482.0,27.2426,0.5169,0
B-GNR_10x41nm_808nm_2W,3483.0,27.2411,0.5155,0
B-GNR_10x41nm_808nm_2W,3484.0,27.2397,0.5141,0
B-GNR_10x41nm_808nm_2W,3485.0,27.2383,0.5127,0
B-GNR_10x41nm_808nm_2W,3486.0,27.2369,0.5113,0
B-GNR_10x41nm_808nm_2W,3487.0,27.2355,0.5099,0
B-GNR_10x41nm_808nm_2W,3488.0,27.2341,0.5085,0
B-GNR_10x41nm_808nm_2W,3489.0,27.2327,0.5071,0
B-GNR_10x41nm_808nm_2W,3490.0,27.2314,0.5057,0
B-GNR_10x41nm_808nm_2W,3491.0,27.23,0.5043,0
B-GNR_10x41nm_808nm_2W,3492.0,27.2286,0.5029,0
B-GNR_10x41nm_808nm_2W,3493.0,27.2272,0.5016,0
B-GNR_10x41nm_808nm_2W,3494.0,27.2259,0.5002,0
B-GNR_10x41nm_808nm_2W,3495.0,27.2245,0.4988,0
B-GNR_10x41nm_808nm_2W,3496.0,27.2231,0.4975,0
B-GNR_10x41nm_808nm_2W,3497.0,27.2218,0.4961,0
B-GNR_10x41nm_808nm_2W,3498.0,27.2204,0.4948,0
B-GNR_10x41nm_808nm_2W,3499.0,27.2191,0.4934,0
B-GNR_10x41nm_808nm_2W,3500.0,27.2177,0.4921,0
